<?xml version="1.0"?>
<gpx version="1.1" creator="Xcode">

    <wpt lat="37.3835546" lon="-122.1371287"><name>L1</name><time>2026-01-01T12:00:00Z</time></wpt>
    <wpt lat="37.38347" lon="-122.13705"><time>2026-01-01T12:00:01.475Z</time></wpt>
    <wpt lat="37.38342" lon="-122.13691"><time>2026-01-01T12:00:03.185Z</time></wpt>
    <wpt lat="37.3834" lon="-122.13682"><time>2026-01-01T12:00:04.227Z</time></wpt>
    <wpt lat="37.38341" lon="-122.13671"><time>2026-01-01T12:00:05.460Z</time></wpt>
    <wpt lat="37.38344" lon="-122.13658"><time>2026-01-01T12:00:06.969Z</time></wpt>
    <wpt lat="37.38345" lon="-122.13655"><time>2026-01-01T12:00:07.331Z</time></wpt>
    <wpt lat="37.38348" lon="-122.1365"><time>2026-01-01T12:00:08.029Z</time></wpt>
    <wpt lat="37.3836" lon="-122.13623"><time>2026-01-01T12:00:11.477Z</time></wpt>
    <wpt lat="37.38361" lon="-122.13619"><time>2026-01-01T12:00:11.944Z</time></wpt>
    <wpt lat="37.38362" lon="-122.13617"><time>2026-01-01T12:00:12.207Z</time></wpt>
    <wpt lat="37.38362" lon="-122.13614"><time>2026-01-01T12:00:12.542Z</time></wpt>
    <wpt lat="37.38363" lon="-122.13611"><time>2026-01-01T12:00:12.904Z</time></wpt>
    <wpt lat="37.38364" lon="-122.13605"><time>2026-01-01T12:00:13.587Z</time></wpt>
    <wpt lat="37.38364" lon="-122.13595"><time>2026-01-01T12:00:14.701Z</time></wpt>
    <wpt lat="37.38364" lon="-122.13594"><time>2026-01-01T12:00:14.813Z</time></wpt>
    <wpt lat="37.38364" lon="-122.13592"><time>2026-01-01T12:00:15.036Z</time></wpt>
    <wpt lat="37.38364" lon="-122.1359"><time>2026-01-01T12:00:15.259Z</time></wpt>
    <wpt lat="37.38363" lon="-122.13577"><time>2026-01-01T12:00:16.714Z</time></wpt>
    <wpt lat="37.3836313" lon="-122.1357671"><time>2026-01-01T12:00:16.751Z</time></wpt>
    <wpt lat="37.3835" lon="-122.13579"><time>2026-01-01T12:00:18.610Z</time></wpt>
    <wpt lat="37.38318" lon="-122.13587"><time>2026-01-01T12:00:23.185Z</time></wpt>
    <wpt lat="37.38295" lon="-122.13591"><time>2026-01-01T12:00:26.441Z</time></wpt>
    <wpt lat="37.38294" lon="-122.13592"><time>2026-01-01T12:00:26.620Z</time></wpt>
    <wpt lat="37.38293" lon="-122.13592"><time>2026-01-01T12:00:26.761Z</time></wpt>
    <wpt lat="37.38271" lon="-122.13594"><time>2026-01-01T12:00:29.854Z</time></wpt>
    <wpt lat="37.38258" lon="-122.13595"><time>2026-01-01T12:00:31.680Z</time></wpt>
    <wpt lat="37.3825769" lon="-122.1359468"><time>2026-01-01T12:00:31.737Z</time></wpt>
    <wpt lat="37.38257" lon="-122.13578"><time>2026-01-01T12:00:33.598Z</time></wpt>
    <wpt lat="37.38257" lon="-122.13575"><time>2026-01-01T12:00:33.932Z</time></wpt>
    <wpt lat="37.38257" lon="-122.13572"><time>2026-01-01T12:00:34.266Z</time></wpt>
    <wpt lat="37.38257" lon="-122.13569"><time>2026-01-01T12:00:34.601Z</time></wpt>
    <wpt lat="37.38255" lon="-122.13527"><time>2026-01-01T12:00:39.289Z</time></wpt>
    <wpt lat="37.38255" lon="-122.13524"><time>2026-01-01T12:00:39.623Z</time></wpt>
    <wpt lat="37.38254" lon="-122.13501"><time>2026-01-01T12:00:42.190Z</time></wpt>
    <wpt lat="37.38252" lon="-122.1345"><time>2026-01-01T12:00:47.880Z</time></wpt>
    <wpt lat="37.38251" lon="-122.13447"><time>2026-01-01T12:00:48.243Z</time></wpt>
    <wpt lat="37.38251" lon="-122.13436"><time>2026-01-01T12:00:49.468Z</time></wpt>
    <wpt lat="37.3825" lon="-122.13423"><time>2026-01-01T12:00:50.924Z</time></wpt>
    <wpt lat="37.38247" lon="-122.13337"><time>2026-01-01T12:01:00.516Z</time></wpt>
    <wpt lat="37.38247" lon="-122.13333"><time>2026-01-01T12:01:00.962Z</time></wpt>
    <wpt lat="37.38246" lon="-122.13328"><time>2026-01-01T12:01:01.536Z</time></wpt>
    <wpt lat="37.38246" lon="-122.13324"><time>2026-01-01T12:01:01.982Z</time></wpt>
    <wpt lat="37.38244" lon="-122.13316"><time>2026-01-01T12:01:02.917Z</time></wpt>
    <wpt lat="37.38243" lon="-122.1331"><time>2026-01-01T12:01:03.600Z</time></wpt>
    <wpt lat="37.38242" lon="-122.13284"><time>2026-01-01T12:01:06.500Z</time></wpt>
    <wpt lat="37.38242" lon="-122.13279"><time>2026-01-01T12:01:07.058Z</time></wpt>
    <wpt lat="37.38241" lon="-122.13254"><time>2026-01-01T12:01:09.847Z</time></wpt>
    <wpt lat="37.38239" lon="-122.13208"><time>2026-01-01T12:01:14.980Z</time></wpt>
    <wpt lat="37.38238" lon="-122.13171"><time>2026-01-01T12:01:19.106Z</time></wpt>
    <wpt lat="37.38238" lon="-122.13164"><time>2026-01-01T12:01:19.886Z</time></wpt>
    <wpt lat="37.38237" lon="-122.13156"><time>2026-01-01T12:01:20.788Z</time></wpt>
    <wpt lat="37.38237" lon="-122.13143"><time>2026-01-01T12:01:22.237Z</time></wpt>
    <wpt lat="37.38236" lon="-122.1313"><time>2026-01-01T12:01:23.692Z</time></wpt>
    <wpt lat="37.38236" lon="-122.13127"><time>2026-01-01T12:01:24.026Z</time></wpt>
    <wpt lat="37.38235" lon="-122.13103"><time>2026-01-01T12:01:26.705Z</time></wpt>
    <wpt lat="37.38235" lon="-122.13096"><time>2026-01-01T12:01:27.485Z</time></wpt>
    <wpt lat="37.38235" lon="-122.13093"><time>2026-01-01T12:01:27.819Z</time></wpt>
    <wpt lat="37.38233" lon="-122.13059"><time>2026-01-01T12:01:31.618Z</time></wpt>
    <wpt lat="37.38233" lon="-122.13047"><time>2026-01-01T12:01:32.955Z</time></wpt>
    <wpt lat="37.38232" lon="-122.13038"><time>2026-01-01T12:01:33.968Z</time></wpt>
    <wpt lat="37.38232" lon="-122.13035"><time>2026-01-01T12:01:34.302Z</time></wpt>
    <wpt lat="37.38232" lon="-122.13028"><time>2026-01-01T12:01:35.082Z</time></wpt>
    <wpt lat="37.38232" lon="-122.13024"><time>2026-01-01T12:01:35.528Z</time></wpt>
    <wpt lat="37.38232" lon="-122.13018"><time>2026-01-01T12:01:36.196Z</time></wpt>
    <wpt lat="37.3823" lon="-122.12986"><time>2026-01-01T12:01:39.773Z</time></wpt>
    <wpt lat="37.3823" lon="-122.12981"><time>2026-01-01T12:01:40.330Z</time></wpt>
    <wpt lat="37.3823" lon="-122.12968"><time>2026-01-01T12:01:41.779Z</time></wpt>
    <wpt lat="37.3823" lon="-122.12966"><time>2026-01-01T12:01:42.002Z</time></wpt>
    <wpt lat="37.3823" lon="-122.12964"><time>2026-01-01T12:01:42.225Z</time></wpt>
    <wpt lat="37.38229" lon="-122.1296"><time>2026-01-01T12:01:42.692Z</time></wpt>
    <wpt lat="37.38229" lon="-122.12958"><time>2026-01-01T12:01:42.915Z</time></wpt>
    <wpt lat="37.38229" lon="-122.12954"><time>2026-01-01T12:01:43.361Z</time></wpt>
    <wpt lat="37.38228" lon="-122.12947"><time>2026-01-01T12:01:44.153Z</time></wpt>
    <wpt lat="37.38227" lon="-122.1294"><time>2026-01-01T12:01:44.946Z</time></wpt>
    <wpt lat="37.38226" lon="-122.12935"><time>2026-01-01T12:01:45.520Z</time></wpt>
    <wpt lat="37.38225" lon="-122.12934"><time>2026-01-01T12:01:45.699Z</time></wpt>
    <wpt lat="37.38225" lon="-122.12932"><time>2026-01-01T12:01:45.922Z</time></wpt>
    <wpt lat="37.38225" lon="-122.1293"><time>2026-01-01T12:01:46.145Z</time></wpt>
    <wpt lat="37.38223" lon="-122.12922"><time>2026-01-01T12:01:47.080Z</time></wpt>
    <wpt lat="37.38221" lon="-122.12918"><time>2026-01-01T12:01:47.606Z</time></wpt>
    <wpt lat="37.38219" lon="-122.12911"><time>2026-01-01T12:01:48.435Z</time></wpt>
    <wpt lat="37.38218" lon="-122.12906"><time>2026-01-01T12:01:49.010Z</time></wpt>
    <wpt lat="37.38217" lon="-122.12904"><time>2026-01-01T12:01:49.273Z</time></wpt>
    <wpt lat="37.38216" lon="-122.12903"><time>2026-01-01T12:01:49.452Z</time></wpt>
    <wpt lat="37.38216" lon="-122.12901"><time>2026-01-01T12:01:49.675Z</time></wpt>
    <wpt lat="37.38213" lon="-122.12894"><time>2026-01-01T12:01:50.561Z</time></wpt>
    <wpt lat="37.38211" lon="-122.12888"><time>2026-01-01T12:01:51.286Z</time></wpt>
    <wpt lat="37.38211" lon="-122.12886"><time>2026-01-01T12:01:51.509Z</time></wpt>
    <wpt lat="37.3821" lon="-122.12883"><time>2026-01-01T12:01:51.872Z</time></wpt>
    <wpt lat="37.38206" lon="-122.12872"><time>2026-01-01T12:01:53.220Z</time></wpt>
    <wpt lat="37.382" lon="-122.12856"><time>2026-01-01T12:01:55.191Z</time></wpt>
    <wpt lat="37.38199" lon="-122.12854"><time>2026-01-01T12:01:55.454Z</time></wpt>
    <wpt lat="37.38196" lon="-122.12842"><time>2026-01-01T12:01:56.856Z</time></wpt>
    <wpt lat="37.38195" lon="-122.12838"><time>2026-01-01T12:01:57.323Z</time></wpt>
    <wpt lat="37.38194" lon="-122.12835"><time>2026-01-01T12:01:57.686Z</time></wpt>
    <wpt lat="37.38192" lon="-122.12826"><time>2026-01-01T12:01:58.727Z</time></wpt>
    <wpt lat="37.38192" lon="-122.12825"><time>2026-01-01T12:01:58.839Z</time></wpt>
    <wpt lat="37.38191" lon="-122.12821"><time>2026-01-01T12:01:59.306Z</time></wpt>
    <wpt lat="37.38191" lon="-122.12818"><time>2026-01-01T12:01:59.640Z</time></wpt>
    <wpt lat="37.3819" lon="-122.12815"><time>2026-01-01T12:02:00.003Z</time></wpt>
    <wpt lat="37.3819" lon="-122.12813"><time>2026-01-01T12:02:00.226Z</time></wpt>
    <wpt lat="37.3819" lon="-122.12809"><time>2026-01-01T12:02:00.671Z</time></wpt>
    <wpt lat="37.3819" lon="-122.12804"><time>2026-01-01T12:02:01.229Z</time></wpt>
    <wpt lat="37.3819" lon="-122.12803"><time>2026-01-01T12:02:01.340Z</time></wpt>
    <wpt lat="37.3819" lon="-122.128"><time>2026-01-01T12:02:01.674Z</time></wpt>
    <wpt lat="37.3819" lon="-122.12797"><time>2026-01-01T12:02:02.009Z</time></wpt>
    <wpt lat="37.38189" lon="-122.12794"><time>2026-01-01T12:02:02.371Z</time></wpt>
    <wpt lat="37.38189" lon="-122.12791"><time>2026-01-01T12:02:02.705Z</time></wpt>
    <wpt lat="37.38189" lon="-122.12785"><time>2026-01-01T12:02:03.374Z</time></wpt>
    <wpt lat="37.38189" lon="-122.12772"><time>2026-01-01T12:02:04.823Z</time></wpt>
    <wpt lat="37.38188" lon="-122.12752"><time>2026-01-01T12:02:07.056Z</time></wpt>
    <wpt lat="37.38186" lon="-122.12707"><time>2026-01-01T12:02:12.078Z</time></wpt>
    <wpt lat="37.38186" lon="-122.12704"><time>2026-01-01T12:02:12.412Z</time></wpt>
    <wpt lat="37.38186" lon="-122.12697"><time>2026-01-01T12:02:13.192Z</time></wpt>
    <wpt lat="37.38186" lon="-122.1269"><time>2026-01-01T12:02:13.972Z</time></wpt>
    <wpt lat="37.38187" lon="-122.12677"><time>2026-01-01T12:02:15.428Z</time></wpt>
    <wpt lat="37.38187" lon="-122.12671"><time>2026-01-01T12:02:16.096Z</time></wpt>
    <wpt lat="37.38187" lon="-122.12666"><time>2026-01-01T12:02:16.654Z</time></wpt>
    <wpt lat="37.38186" lon="-122.12662"><time>2026-01-01T12:02:17.121Z</time></wpt>
    <wpt lat="37.38185" lon="-122.12658"><time>2026-01-01T12:02:17.588Z</time></wpt>
    <wpt lat="37.38184" lon="-122.12655"><time>2026-01-01T12:02:17.951Z</time></wpt>
    <wpt lat="37.38183" lon="-122.12653"><time>2026-01-01T12:02:18.214Z</time></wpt>
    <wpt lat="37.38182" lon="-122.12651"><time>2026-01-01T12:02:18.477Z</time></wpt>
    <wpt lat="37.38181" lon="-122.1265"><time>2026-01-01T12:02:18.656Z</time></wpt>
    <wpt lat="37.3818" lon="-122.12648"><time>2026-01-01T12:02:18.920Z</time></wpt>
    <wpt lat="37.38179" lon="-122.12647"><time>2026-01-01T12:02:19.099Z</time></wpt>
    <wpt lat="37.38178" lon="-122.12645"><time>2026-01-01T12:02:19.362Z</time></wpt>
    <wpt lat="37.38177" lon="-122.12645"><time>2026-01-01T12:02:19.502Z</time></wpt>
    <wpt lat="37.38176" lon="-122.12644"><time>2026-01-01T12:02:19.681Z</time></wpt>
    <wpt lat="37.38175" lon="-122.12642"><time>2026-01-01T12:02:19.945Z</time></wpt>
    <wpt lat="37.38174" lon="-122.12641"><time>2026-01-01T12:02:20.124Z</time></wpt>
    <wpt lat="37.38172" lon="-122.1264"><time>2026-01-01T12:02:20.426Z</time></wpt>
    <wpt lat="37.38171" lon="-122.12639"><time>2026-01-01T12:02:20.605Z</time></wpt>
    <wpt lat="37.3817" lon="-122.12639"><time>2026-01-01T12:02:20.745Z</time></wpt>
    <wpt lat="37.38168" lon="-122.12638"><time>2026-01-01T12:02:21.047Z</time></wpt>
    <wpt lat="37.38167" lon="-122.12638"><time>2026-01-01T12:02:21.187Z</time></wpt>
    <wpt lat="37.38166" lon="-122.12637"><time>2026-01-01T12:02:21.366Z</time></wpt>
    <wpt lat="37.38165" lon="-122.12637"><time>2026-01-01T12:02:21.506Z</time></wpt>
    <wpt lat="37.38163" lon="-122.12637"><time>2026-01-01T12:02:21.787Z</time></wpt>
    <wpt lat="37.38161" lon="-122.12636"><time>2026-01-01T12:02:22.089Z</time></wpt>
    <wpt lat="37.38159" lon="-122.12636"><time>2026-01-01T12:02:22.369Z</time></wpt>
    <wpt lat="37.38157" lon="-122.12636"><time>2026-01-01T12:02:22.650Z</time></wpt>
    <wpt lat="37.38148" lon="-122.12636"><time>2026-01-01T12:02:23.912Z</time></wpt>
    <wpt lat="37.38144" lon="-122.12637"><time>2026-01-01T12:02:24.484Z</time></wpt>
    <wpt lat="37.38139" lon="-122.12637"><time>2026-01-01T12:02:25.185Z</time></wpt>
    <wpt lat="37.38136" lon="-122.12637"><time>2026-01-01T12:02:25.606Z</time></wpt>
    <wpt lat="37.38133" lon="-122.12637"><time>2026-01-01T12:02:26.026Z</time></wpt>
    <wpt lat="37.3813" lon="-122.12637"><time>2026-01-01T12:02:26.447Z</time></wpt>
    <wpt lat="37.38127" lon="-122.12637"><time>2026-01-01T12:02:26.868Z</time></wpt>
    <wpt lat="37.38125" lon="-122.12636"><time>2026-01-01T12:02:27.169Z</time></wpt>
    <wpt lat="37.38123" lon="-122.12635"><time>2026-01-01T12:02:27.471Z</time></wpt>
    <wpt lat="37.38121" lon="-122.12634"><time>2026-01-01T12:02:27.773Z</time></wpt>
    <wpt lat="37.38119" lon="-122.12632"><time>2026-01-01T12:02:28.131Z</time></wpt>
    <wpt lat="37.38118" lon="-122.12631"><time>2026-01-01T12:02:28.310Z</time></wpt>
    <wpt lat="37.38116" lon="-122.1263"><time>2026-01-01T12:02:28.612Z</time></wpt>
    <wpt lat="37.38115" lon="-122.12629"><time>2026-01-01T12:02:28.791Z</time></wpt>
    <wpt lat="37.38114" lon="-122.12627"><time>2026-01-01T12:02:29.055Z</time></wpt>
    <wpt lat="37.38113" lon="-122.12626"><time>2026-01-01T12:02:29.234Z</time></wpt>
    <wpt lat="37.38112" lon="-122.12624"><time>2026-01-01T12:02:29.497Z</time></wpt>
    <wpt lat="37.38112" lon="-122.12623"><time>2026-01-01T12:02:29.609Z</time></wpt>
    <wpt lat="37.38112" lon="-122.12622"><time>2026-01-01T12:02:29.720Z</time></wpt>
    <wpt lat="37.38111" lon="-122.12621"><time>2026-01-01T12:02:29.899Z</time></wpt>
    <wpt lat="37.3811" lon="-122.12619"><time>2026-01-01T12:02:30.162Z</time></wpt>
    <wpt lat="37.38109" lon="-122.12617"><time>2026-01-01T12:02:30.426Z</time></wpt>
    <wpt lat="37.38104" lon="-122.12603"><time>2026-01-01T12:02:32.136Z</time></wpt>
    <wpt lat="37.381" lon="-122.1259"><time>2026-01-01T12:02:33.690Z</time></wpt>
    <wpt lat="37.38097" lon="-122.12582"><time>2026-01-01T12:02:34.675Z</time></wpt>
    <wpt lat="37.38091" lon="-122.12563"><time>2026-01-01T12:02:36.954Z</time></wpt>
    <wpt lat="37.3809" lon="-122.1256"><time>2026-01-01T12:02:37.316Z</time></wpt>
    <wpt lat="37.38087" lon="-122.1255"><time>2026-01-01T12:02:38.507Z</time></wpt>
    <wpt lat="37.38084" lon="-122.12542"><time>2026-01-01T12:02:39.493Z</time></wpt>
    <wpt lat="37.38082" lon="-122.12538"><time>2026-01-01T12:02:40.020Z</time></wpt>
    <wpt lat="37.38081" lon="-122.12535"><time>2026-01-01T12:02:40.382Z</time></wpt>
    <wpt lat="37.38079" lon="-122.12532"><time>2026-01-01T12:02:40.819Z</time></wpt>
    <wpt lat="37.38077" lon="-122.12526"><time>2026-01-01T12:02:41.544Z</time></wpt>
    <wpt lat="37.38075" lon="-122.12522"><time>2026-01-01T12:02:42.070Z</time></wpt>
    <wpt lat="37.38074" lon="-122.1252"><time>2026-01-01T12:02:42.334Z</time></wpt>
    <wpt lat="37.38074" lon="-122.12519"><time>2026-01-01T12:02:42.445Z</time></wpt>
    <wpt lat="37.38073" lon="-122.12517"><time>2026-01-01T12:02:42.708Z</time></wpt>
    <wpt lat="37.38072" lon="-122.12515"><time>2026-01-01T12:02:42.972Z</time></wpt>
    <wpt lat="37.38071" lon="-122.12513"><time>2026-01-01T12:02:43.235Z</time></wpt>
    <wpt lat="37.38051" lon="-122.12472"><time>2026-01-01T12:02:48.596Z</time></wpt>
    <wpt lat="37.38048" lon="-122.12464"><time>2026-01-01T12:02:49.582Z</time></wpt>
    <wpt lat="37.38044" lon="-122.12454"><time>2026-01-01T12:02:50.829Z</time></wpt>
    <wpt lat="37.3804395" lon="-122.1245358"><time>2026-01-01T12:02:50.877Z</time></wpt>
    <wpt lat="37.38044" lon="-122.12453"><time>2026-01-01T12:02:50.942Z</time></wpt>
    <wpt lat="37.38047" lon="-122.1245"><time>2026-01-01T12:02:51.479Z</time></wpt>
    <wpt lat="37.38078" lon="-122.12406"><time>2026-01-01T12:02:58.032Z</time></wpt>
    <wpt lat="37.38106" lon="-122.12368"><time>2026-01-01T12:03:03.807Z</time></wpt>
    <wpt lat="37.38108" lon="-122.12365"><time>2026-01-01T12:03:04.243Z</time></wpt>
    <wpt lat="37.38111" lon="-122.1236"><time>2026-01-01T12:03:04.941Z</time></wpt>
    <wpt lat="37.38114" lon="-122.12356"><time>2026-01-01T12:03:05.554Z</time></wpt>
    <wpt lat="37.38117" lon="-122.12352"><time>2026-01-01T12:03:06.167Z</time></wpt>
    <wpt lat="37.38117" lon="-122.12351"><time>2026-01-01T12:03:06.279Z</time></wpt>
    <wpt lat="37.38118" lon="-122.12349"><time>2026-01-01T12:03:06.542Z</time></wpt>
    <wpt lat="37.3812" lon="-122.12346"><time>2026-01-01T12:03:06.978Z</time></wpt>
    <wpt lat="37.38121" lon="-122.12344"><time>2026-01-01T12:03:07.242Z</time></wpt>
    <wpt lat="37.38122" lon="-122.12341"><time>2026-01-01T12:03:07.604Z</time></wpt>
    <wpt lat="37.38124" lon="-122.12338"><time>2026-01-01T12:03:08.040Z</time></wpt>
    <wpt lat="37.38125" lon="-122.12335"><time>2026-01-01T12:03:08.403Z</time></wpt>
    <wpt lat="37.38126" lon="-122.12332"><time>2026-01-01T12:03:08.765Z</time></wpt>
    <wpt lat="37.38127" lon="-122.12329"><time>2026-01-01T12:03:09.128Z</time></wpt>
    <wpt lat="37.38127" lon="-122.12328"><time>2026-01-01T12:03:09.239Z</time></wpt>
    <wpt lat="37.38128" lon="-122.12324"><time>2026-01-01T12:03:09.707Z</time></wpt>
    <wpt lat="37.38129" lon="-122.12322"><time>2026-01-01T12:03:09.970Z</time></wpt>
    <wpt lat="37.38131" lon="-122.12316"><time>2026-01-01T12:03:10.695Z</time></wpt>
    <wpt lat="37.38131" lon="-122.12313"><time>2026-01-01T12:03:11.029Z</time></wpt>
    <wpt lat="37.38132" lon="-122.12312"><time>2026-01-01T12:03:11.208Z</time></wpt>
    <wpt lat="37.38133" lon="-122.1231"><time>2026-01-01T12:03:11.472Z</time></wpt>
    <wpt lat="37.38133" lon="-122.12309"><time>2026-01-01T12:03:11.583Z</time></wpt>
    <wpt lat="37.38134" lon="-122.12297"><time>2026-01-01T12:03:12.928Z</time></wpt>
    <wpt lat="37.38134" lon="-122.12292"><time>2026-01-01T12:03:13.485Z</time></wpt>
    <wpt lat="37.38134" lon="-122.12286"><time>2026-01-01T12:03:14.154Z</time></wpt>
    <wpt lat="37.38134" lon="-122.12273"><time>2026-01-01T12:03:15.602Z</time></wpt>
    <wpt lat="37.38133" lon="-122.12226"><time>2026-01-01T12:03:20.841Z</time></wpt>
    <wpt lat="37.38133" lon="-122.12215"><time>2026-01-01T12:03:22.067Z</time></wpt>
    <wpt lat="37.38133" lon="-122.12211"><time>2026-01-01T12:03:22.513Z</time></wpt>
    <wpt lat="37.38133" lon="-122.1221"><time>2026-01-01T12:03:22.624Z</time></wpt>
    <wpt lat="37.38133" lon="-122.12204"><time>2026-01-01T12:03:23.293Z</time></wpt>
    <wpt lat="37.38133" lon="-122.12201"><time>2026-01-01T12:03:23.627Z</time></wpt>
    <wpt lat="37.38132" lon="-122.1219"><time>2026-01-01T12:03:24.861Z</time></wpt>
    <wpt lat="37.38132" lon="-122.12182"><time>2026-01-01T12:03:25.752Z</time></wpt>
    <wpt lat="37.38132" lon="-122.12177"><time>2026-01-01T12:03:26.310Z</time></wpt>
    <wpt lat="37.38132" lon="-122.12176"><time>2026-01-01T12:03:26.421Z</time></wpt>
    <wpt lat="37.38132" lon="-122.12172"><time>2026-01-01T12:03:26.867Z</time></wpt>
    <wpt lat="37.38132" lon="-122.12169"><time>2026-01-01T12:03:27.201Z</time></wpt>
    <wpt lat="37.38132" lon="-122.12166"><time>2026-01-01T12:03:27.535Z</time></wpt>
    <wpt lat="37.3813179" lon="-122.1216624"><time>2026-01-01T12:03:27.575Z</time></wpt>
    <wpt lat="37.38119" lon="-122.12143"><time>2026-01-01T12:03:30.725Z</time></wpt>
    <wpt lat="37.38118" lon="-122.12142"><time>2026-01-01T12:03:30.904Z</time></wpt>
    <wpt lat="37.38118" lon="-122.12141"><time>2026-01-01T12:03:31.016Z</time></wpt>
    <wpt lat="37.38116" lon="-122.12138"><time>2026-01-01T12:03:31.452Z</time></wpt>
    <wpt lat="37.38116" lon="-122.12137"><time>2026-01-01T12:03:31.564Z</time></wpt>
    <wpt lat="37.38105" lon="-122.12117"><time>2026-01-01T12:03:34.274Z</time></wpt>
    <wpt lat="37.38076" lon="-122.12095"><time>2026-01-01T12:03:39.023Z</time></wpt>
    <wpt lat="37.38053" lon="-122.12078"><time>2026-01-01T12:03:42.763Z</time></wpt>
    <wpt lat="37.38051" lon="-122.12076"><time>2026-01-01T12:03:43.122Z</time></wpt>
    <wpt lat="37.37989" lon="-122.12028"><time>2026-01-01T12:03:53.330Z</time></wpt>
    <wpt lat="37.37984" lon="-122.12024"><time>2026-01-01T12:03:54.161Z</time></wpt>
    <wpt lat="37.37968" lon="-122.12012"><time>2026-01-01T12:03:56.773Z</time></wpt>
    <wpt lat="37.37959" lon="-122.12005"><time>2026-01-01T12:03:58.256Z</time></wpt>
    <wpt lat="37.37937" lon="-122.11988"><time>2026-01-01T12:04:01.877Z</time></wpt>
    <wpt lat="37.37922" lon="-122.11976"><time>2026-01-01T12:04:04.369Z</time></wpt>
    <wpt lat="37.37877" lon="-122.11941"><time>2026-01-01T12:04:11.788Z</time></wpt>
    <wpt lat="37.37861" lon="-122.11929"><time>2026-01-01T12:04:14.400Z</time></wpt>
    <wpt lat="37.37837" lon="-122.1191"><time>2026-01-01T12:04:18.376Z</time></wpt>
    <wpt lat="37.3783" lon="-122.11905"><time>2026-01-01T12:04:19.505Z</time></wpt>
    <wpt lat="37.37806" lon="-122.11886"><time>2026-01-01T12:04:23.481Z</time></wpt>
    <wpt lat="37.3779" lon="-122.11874"><time>2026-01-01T12:04:26.093Z</time></wpt>
    <wpt lat="37.37788" lon="-122.11873"><time>2026-01-01T12:04:26.395Z</time></wpt>
    <wpt lat="37.37782" lon="-122.11868"><time>2026-01-01T12:04:27.404Z</time></wpt>
    <wpt lat="37.37777" lon="-122.11864"><time>2026-01-01T12:04:28.235Z</time></wpt>
    <wpt lat="37.37768" lon="-122.11857"><time>2026-01-01T12:04:29.719Z</time></wpt>
    <wpt lat="37.37761" lon="-122.11851"><time>2026-01-01T12:04:30.907Z</time></wpt>
    <wpt lat="37.37759" lon="-122.11849"><time>2026-01-01T12:04:31.265Z</time></wpt>
    <wpt lat="37.37751" lon="-122.11843"><time>2026-01-01T12:04:32.571Z</time></wpt>
    <wpt lat="37.37741" lon="-122.11835"><time>2026-01-01T12:04:34.233Z</time></wpt>
    <wpt lat="37.3774" lon="-122.11834"><time>2026-01-01T12:04:34.412Z</time></wpt>
    <wpt lat="37.37738" lon="-122.11833"><time>2026-01-01T12:04:34.714Z</time></wpt>
    <wpt lat="37.37734" lon="-122.1183"><time>2026-01-01T12:04:35.367Z</time></wpt>
    <wpt lat="37.3769" lon="-122.11795"><time>2026-01-01T12:04:42.667Z</time></wpt>
    <wpt lat="37.37624" lon="-122.11744"><time>2026-01-01T12:04:53.528Z</time></wpt>
    <wpt lat="37.37612" lon="-122.11733"><time>2026-01-01T12:04:55.610Z</time></wpt>
    <wpt lat="37.37592" lon="-122.11717"><time>2026-01-01T12:04:58.933Z</time></wpt>
    <wpt lat="37.37568" lon="-122.11697"><time>2026-01-01T12:05:02.970Z</time></wpt>
    <wpt lat="37.37555" lon="-122.11686"><time>2026-01-01T12:05:05.167Z</time></wpt>
    <wpt lat="37.37537" lon="-122.11669"><time>2026-01-01T12:05:08.323Z</time></wpt>
    <wpt lat="37.37512" lon="-122.11647"><time>2026-01-01T12:05:12.601Z</time></wpt>
    <wpt lat="37.37492" lon="-122.11627"><time>2026-01-01T12:05:16.184Z</time></wpt>
    <wpt lat="37.37478" lon="-122.11613"><time>2026-01-01T12:05:18.691Z</time></wpt>
    <wpt lat="37.37462" lon="-122.11597"><time>2026-01-01T12:05:21.557Z</time></wpt>
    <wpt lat="37.37445" lon="-122.11579"><time>2026-01-01T12:05:24.673Z</time></wpt>
    <wpt lat="37.37432" lon="-122.11565"><time>2026-01-01T12:05:27.073Z</time></wpt>
    <wpt lat="37.37411" lon="-122.11542"><time>2026-01-01T12:05:30.977Z</time></wpt>
    <wpt lat="37.37404" lon="-122.11535"><time>2026-01-01T12:05:32.231Z</time></wpt>
    <wpt lat="37.37392" lon="-122.11522"><time>2026-01-01T12:05:34.451Z</time></wpt>
    <wpt lat="37.37388" lon="-122.11517"><time>2026-01-01T12:05:35.242Z</time></wpt>
    <wpt lat="37.37383" lon="-122.11511"><time>2026-01-01T12:05:36.211Z</time></wpt>
    <wpt lat="37.37374" lon="-122.11501"><time>2026-01-01T12:05:37.895Z</time></wpt>
    <wpt lat="37.37364" lon="-122.11488"><time>2026-01-01T12:05:39.911Z</time></wpt>
    <wpt lat="37.37349" lon="-122.1147"><time>2026-01-01T12:05:42.818Z</time></wpt>
    <wpt lat="37.37343" lon="-122.11463"><time>2026-01-01T12:05:43.965Z</time></wpt>
    <wpt lat="37.37336" lon="-122.11454"><time>2026-01-01T12:05:45.368Z</time></wpt>
    <wpt lat="37.37312" lon="-122.11424"><time>2026-01-01T12:05:50.112Z</time></wpt>
    <wpt lat="37.37303" lon="-122.11412"><time>2026-01-01T12:05:51.951Z</time></wpt>
    <wpt lat="37.37261" lon="-122.11357"><time>2026-01-01T12:06:00.452Z</time></wpt>
    <wpt lat="37.37205" lon="-122.11286"><time>2026-01-01T12:06:11.600Z</time></wpt>
    <wpt lat="37.37173" lon="-122.11244"><time>2026-01-01T12:06:18.085Z</time></wpt>
    <wpt lat="37.3716" lon="-122.11226"><time>2026-01-01T12:06:20.795Z</time></wpt>
    <wpt lat="37.37109" lon="-122.11161"><time>2026-01-01T12:06:30.975Z</time></wpt>
    <wpt lat="37.37103" lon="-122.11153"><time>2026-01-01T12:06:32.201Z</time></wpt>
    <wpt lat="37.37082" lon="-122.11125"><time>2026-01-01T12:06:36.492Z</time></wpt>
    <wpt lat="37.37067" lon="-122.11104"><time>2026-01-01T12:06:39.639Z</time></wpt>
    <wpt lat="37.3706" lon="-122.11095"><time>2026-01-01T12:06:41.042Z</time></wpt>
    <wpt lat="37.37055" lon="-122.11086"><time>2026-01-01T12:06:42.266Z</time></wpt>
    <wpt lat="37.3705506" lon="-122.1108604"><time>2026-01-01T12:06:42.276Z</time></wpt>
    <wpt lat="37.37046" lon="-122.11074"><time>2026-01-01T12:06:44.124Z</time></wpt>
    <wpt lat="37.37057" lon="-122.11063"><time>2026-01-01T12:06:46.094Z</time></wpt>
    <wpt lat="37.37073" lon="-122.11048"><time>2026-01-01T12:06:48.892Z</time></wpt>
    <wpt lat="37.37093" lon="-122.11028"><time>2026-01-01T12:06:52.475Z</time></wpt>
    <wpt lat="37.37095" lon="-122.11026"><time>2026-01-01T12:06:52.833Z</time></wpt>
    <wpt lat="37.37096" lon="-122.11026"><time>2026-01-01T12:06:52.973Z</time></wpt>
    <wpt lat="37.37101" lon="-122.11021"><time>2026-01-01T12:06:53.869Z</time></wpt>
    <wpt lat="37.37108" lon="-122.11014"><time>2026-01-01T12:06:55.123Z</time></wpt>
    <wpt lat="37.37113" lon="-122.1101"><time>2026-01-01T12:06:55.954Z</time></wpt>
    <wpt lat="37.37131" lon="-122.10994"><time>2026-01-01T12:06:59.044Z</time></wpt>
    <wpt lat="37.37132" lon="-122.10993"><time>2026-01-01T12:06:59.223Z</time></wpt>
    <wpt lat="37.37138" lon="-122.10988"><time>2026-01-01T12:07:00.232Z</time></wpt>
    <wpt lat="37.37146" lon="-122.10981"><time>2026-01-01T12:07:01.599Z</time></wpt>
    <wpt lat="37.37147" lon="-122.1098"><time>2026-01-01T12:07:01.778Z</time></wpt>
    <wpt lat="37.37152" lon="-122.10977"><time>2026-01-01T12:07:02.555Z</time></wpt>
    <wpt lat="37.37159" lon="-122.10972"><time>2026-01-01T12:07:03.684Z</time></wpt>
    <wpt lat="37.37166" lon="-122.10968"><time>2026-01-01T12:07:04.762Z</time></wpt>
    <wpt lat="37.3717" lon="-122.10964"><time>2026-01-01T12:07:05.478Z</time></wpt>
    <wpt lat="37.37199" lon="-122.1094"><time>2026-01-01T12:07:10.346Z</time></wpt>
    <wpt lat="37.37206" lon="-122.10934"><time>2026-01-01T12:07:11.534Z</time></wpt>
    <wpt lat="37.37208" lon="-122.10932"><time>2026-01-01T12:07:11.892Z</time></wpt>
    <wpt lat="37.37214" lon="-122.10927"><time>2026-01-01T12:07:12.901Z</time></wpt>
    <wpt lat="37.37221" lon="-122.10921"><time>2026-01-01T12:07:14.089Z</time></wpt>
    <wpt lat="37.3723" lon="-122.10914"><time>2026-01-01T12:07:15.573Z</time></wpt>
    <wpt lat="37.37232" lon="-122.10912"><time>2026-01-01T12:07:15.931Z</time></wpt>
    <wpt lat="37.37245" lon="-122.109"><time>2026-01-01T12:07:18.192Z</time></wpt>
    <wpt lat="37.37249" lon="-122.10897"><time>2026-01-01T12:07:18.845Z</time></wpt>
    <wpt lat="37.37258" lon="-122.10889"><time>2026-01-01T12:07:20.390Z</time></wpt>
    <wpt lat="37.37264" lon="-122.10884"><time>2026-01-01T12:07:21.399Z</time></wpt>
    <wpt lat="37.37276" lon="-122.10875"><time>2026-01-01T12:07:23.358Z</time></wpt>
    <wpt lat="37.37277" lon="-122.10873"><time>2026-01-01T12:07:23.622Z</time></wpt>
    <wpt lat="37.37308" lon="-122.10848"><time>2026-01-01T12:07:28.785Z</time></wpt>
    <wpt lat="37.37333" lon="-122.10827"><time>2026-01-01T12:07:33.001Z</time></wpt>
    <wpt lat="37.3736" lon="-122.10802"><time>2026-01-01T12:07:37.702Z</time></wpt>
    <wpt lat="37.37365" lon="-122.10798"><time>2026-01-01T12:07:38.532Z</time></wpt>
    <wpt lat="37.3738" lon="-122.10785"><time>2026-01-01T12:07:41.087Z</time></wpt>
    <wpt lat="37.37382" lon="-122.10783"><time>2026-01-01T12:07:41.445Z</time></wpt>
    <wpt lat="37.37396" lon="-122.10771"><time>2026-01-01T12:07:43.820Z</time></wpt>
    <wpt lat="37.37409" lon="-122.10759"><time>2026-01-01T12:07:46.081Z</time></wpt>
    <wpt lat="37.3740937" lon="-122.1075898"><time>2026-01-01T12:07:46.133Z</time></wpt>
    <wpt lat="37.37402" lon="-122.10744"><time>2026-01-01T12:07:48.097Z</time></wpt>
    <wpt lat="37.37399" lon="-122.10738"><time>2026-01-01T12:07:48.887Z</time></wpt>
    <wpt lat="37.37397" lon="-122.10732"><time>2026-01-01T12:07:49.612Z</time></wpt>
    <wpt lat="37.3739" lon="-122.10716"><time>2026-01-01T12:07:51.647Z</time></wpt>
    <wpt lat="37.37389" lon="-122.10713"><time>2026-01-01T12:07:52.010Z</time></wpt>
    <wpt lat="37.37388" lon="-122.1071"><time>2026-01-01T12:07:52.372Z</time></wpt>
    <wpt lat="37.37387" lon="-122.10707"><time>2026-01-01T12:07:52.735Z</time></wpt>
    <wpt lat="37.37383" lon="-122.10694"><time>2026-01-01T12:07:54.289Z</time></wpt>
    <wpt lat="37.37381" lon="-122.10687"><time>2026-01-01T12:07:55.118Z</time></wpt>
    <wpt lat="37.37379" lon="-122.10678"><time>2026-01-01T12:07:56.159Z</time></wpt>
    <wpt lat="37.37378" lon="-122.10674"><time>2026-01-01T12:07:56.626Z</time></wpt>
    <wpt lat="37.37375" lon="-122.10658"><time>2026-01-01T12:07:58.458Z</time></wpt>
    <wpt lat="37.37375" lon="-122.10652"><time>2026-01-01T12:07:59.127Z</time></wpt>
    <wpt lat="37.37374" lon="-122.10646"><time>2026-01-01T12:07:59.810Z</time></wpt>
    <wpt lat="37.37374" lon="-122.1064"><time>2026-01-01T12:08:00.479Z</time></wpt>
    <wpt lat="37.37373" lon="-122.10635"><time>2026-01-01T12:08:01.054Z</time></wpt>
    <wpt lat="37.37373" lon="-122.10629"><time>2026-01-01T12:08:01.722Z</time></wpt>
    <wpt lat="37.37373" lon="-122.10623"><time>2026-01-01T12:08:02.391Z</time></wpt>
    <wpt lat="37.37373" lon="-122.10614"><time>2026-01-01T12:08:03.394Z</time></wpt>
    <wpt lat="37.37373" lon="-122.10586"><time>2026-01-01T12:08:06.514Z</time></wpt>
    <wpt lat="37.37373" lon="-122.1057"><time>2026-01-01T12:08:08.297Z</time></wpt>
    <wpt lat="37.37373" lon="-122.10553"><time>2026-01-01T12:08:10.192Z</time></wpt>
    <wpt lat="37.37373" lon="-122.10552"><time>2026-01-01T12:08:10.303Z</time></wpt>
    <wpt lat="37.37373" lon="-122.10457"><time>2026-01-01T12:08:20.891Z</time></wpt>
    <wpt lat="37.37373" lon="-122.10262"><time>2026-01-01T12:08:42.622Z</time></wpt>
    <wpt lat="37.37373" lon="-122.10246"><time>2026-01-01T12:08:44.405Z</time></wpt>
    <wpt lat="37.37373" lon="-122.10241"><time>2026-01-01T12:08:44.963Z</time></wpt>
    <wpt lat="37.37373" lon="-122.102"><time>2026-01-01T12:08:49.532Z</time></wpt>
    <wpt lat="37.37373" lon="-122.10178"><time>2026-01-01T12:08:51.984Z</time></wpt>
    <wpt lat="37.37373" lon="-122.10172"><time>2026-01-01T12:08:52.652Z</time></wpt>
    <wpt lat="37.37373" lon="-122.10074"><time>2026-01-01T12:09:03.574Z</time></wpt>
    <wpt lat="37.37373" lon="-122.10061"><time>2026-01-01T12:09:05.023Z</time></wpt>
    <wpt lat="37.37373" lon="-122.10045"><time>2026-01-01T12:09:06.806Z</time></wpt>
    <wpt lat="37.37373" lon="-122.09888"><time>2026-01-01T12:09:24.303Z</time></wpt>
    <wpt lat="37.37373" lon="-122.09754"><time>2026-01-01T12:09:39.236Z</time></wpt>
    <wpt lat="37.37373" lon="-122.09747"><time>2026-01-01T12:09:40.016Z</time></wpt>
    <wpt lat="37.37373" lon="-122.09742"><time>2026-01-01T12:09:40.574Z</time></wpt>
    <wpt lat="37.37373" lon="-122.09738"><time>2026-01-01T12:09:41.019Z</time></wpt>
    <wpt lat="37.37373" lon="-122.09715"><time>2026-01-01T12:09:43.583Z</time></wpt>
    <wpt lat="37.37373" lon="-122.09693"><time>2026-01-01T12:09:46.034Z</time></wpt>
    <wpt lat="37.37373" lon="-122.09683"><time>2026-01-01T12:09:47.149Z</time></wpt>
    <wpt lat="37.37374" lon="-122.09664"><time>2026-01-01T12:09:49.271Z</time></wpt>
    <wpt lat="37.37375" lon="-122.09634"><time>2026-01-01T12:09:52.617Z</time></wpt>
    <wpt lat="37.37376" lon="-122.0962"><time>2026-01-01T12:09:54.184Z</time></wpt>
    <wpt lat="37.37376" lon="-122.09619"><time>2026-01-01T12:09:54.295Z</time></wpt>
    <wpt lat="37.37377" lon="-122.09612"><time>2026-01-01T12:09:55.088Z</time></wpt>
    <wpt lat="37.37377" lon="-122.0961"><time>2026-01-01T12:09:55.311Z</time></wpt>
    <wpt lat="37.37376" lon="-122.09608"><time>2026-01-01T12:09:55.396Z</time></wpt>
    <wpt lat="37.37376" lon="-122.09606"><time>2026-01-01T12:09:55.469Z</time></wpt>
    <wpt lat="37.37375" lon="-122.09603"><time>2026-01-01T12:09:55.587Z</time></wpt>
    <wpt lat="37.3737" lon="-122.09595"><time>2026-01-01T12:09:55.957Z</time></wpt>
    <wpt lat="37.37355" lon="-122.09571"><time>2026-01-01T12:09:57.066Z</time></wpt>
    <wpt lat="37.37349" lon="-122.09562"><time>2026-01-01T12:09:57.493Z</time></wpt>
    <wpt lat="37.37345" lon="-122.09556"><time>2026-01-01T12:09:57.777Z</time></wpt>
    <wpt lat="37.37344" lon="-122.09552"><time>2026-01-01T12:09:57.929Z</time></wpt>
    <wpt lat="37.37343" lon="-122.09549"><time>2026-01-01T12:09:58.048Z</time></wpt>
    <wpt lat="37.37341" lon="-122.09546"><time>2026-01-01T12:09:58.190Z</time></wpt>
    <wpt lat="37.37341" lon="-122.09542"><time>2026-01-01T12:09:58.335Z</time></wpt>
    <wpt lat="37.3734" lon="-122.09539"><time>2026-01-01T12:09:58.453Z</time></wpt>
    <wpt lat="37.3734" lon="-122.09536"><time>2026-01-01T12:09:58.562Z</time></wpt>
    <wpt lat="37.37339" lon="-122.09533"><time>2026-01-01T12:09:58.680Z</time></wpt>
    <wpt lat="37.37339" lon="-122.0953"><time>2026-01-01T12:09:58.789Z</time></wpt>
    <wpt lat="37.37339" lon="-122.09527"><time>2026-01-01T12:09:58.898Z</time></wpt>
    <wpt lat="37.37339" lon="-122.09501"><time>2026-01-01T12:09:59.843Z</time></wpt>
    <wpt lat="37.37339" lon="-122.09476"><time>2026-01-01T12:10:00.751Z</time></wpt>
    <wpt lat="37.37338" lon="-122.09389"><time>2026-01-01T12:10:03.911Z</time></wpt>
    <wpt lat="37.37338" lon="-122.09387"><time>2026-01-01T12:10:03.984Z</time></wpt>
    <wpt lat="37.37338" lon="-122.0935"><time>2026-01-01T12:10:05.327Z</time></wpt>
    <wpt lat="37.37338" lon="-122.09348"><time>2026-01-01T12:10:05.400Z</time></wpt>
    <wpt lat="37.37337" lon="-122.09316"><time>2026-01-01T12:10:06.563Z</time></wpt>
    <wpt lat="37.37337" lon="-122.09312"><time>2026-01-01T12:10:06.709Z</time></wpt>
    <wpt lat="37.37337" lon="-122.09292"><time>2026-01-01T12:10:07.435Z</time></wpt>
    <wpt lat="37.37337" lon="-122.09276"><time>2026-01-01T12:10:08.016Z</time></wpt>
    <wpt lat="37.37337" lon="-122.09273"><time>2026-01-01T12:10:08.125Z</time></wpt>
    <wpt lat="37.37337" lon="-122.09255"><time>2026-01-01T12:10:08.779Z</time></wpt>
    <wpt lat="37.37337" lon="-122.0924"><time>2026-01-01T12:10:09.324Z</time></wpt>
    <wpt lat="37.37336" lon="-122.09224"><time>2026-01-01T12:10:09.907Z</time></wpt>
    <wpt lat="37.37336" lon="-122.09182"><time>2026-01-01T12:10:11.432Z</time></wpt>
    <wpt lat="37.37336" lon="-122.09147"><time>2026-01-01T12:10:12.703Z</time></wpt>
    <wpt lat="37.37335" lon="-122.09108"><time>2026-01-01T12:10:14.121Z</time></wpt>
    <wpt lat="37.37335" lon="-122.09091"><time>2026-01-01T12:10:14.738Z</time></wpt>
    <wpt lat="37.37335" lon="-122.09076"><time>2026-01-01T12:10:15.283Z</time></wpt>
    <wpt lat="37.37335" lon="-122.09062"><time>2026-01-01T12:10:15.791Z</time></wpt>
    <wpt lat="37.37334" lon="-122.09044"><time>2026-01-01T12:10:16.447Z</time></wpt>
    <wpt lat="37.37334" lon="-122.08989"><time>2026-01-01T12:10:18.444Z</time></wpt>
    <wpt lat="37.37334" lon="-122.08976"><time>2026-01-01T12:10:18.917Z</time></wpt>
    <wpt lat="37.37334" lon="-122.08959"><time>2026-01-01T12:10:19.534Z</time></wpt>
    <wpt lat="37.37334" lon="-122.08936"><time>2026-01-01T12:10:20.370Z</time></wpt>
    <wpt lat="37.37334" lon="-122.08926"><time>2026-01-01T12:10:20.733Z</time></wpt>
    <wpt lat="37.37334" lon="-122.08924"><time>2026-01-01T12:10:20.805Z</time></wpt>
    <wpt lat="37.37335" lon="-122.08889"><time>2026-01-01T12:10:22.077Z</time></wpt>
    <wpt lat="37.37335" lon="-122.08869"><time>2026-01-01T12:10:22.804Z</time></wpt>
    <wpt lat="37.37335" lon="-122.08817"><time>2026-01-01T12:10:24.693Z</time></wpt>
    <wpt lat="37.37335" lon="-122.08809"><time>2026-01-01T12:10:24.983Z</time></wpt>
    <wpt lat="37.37335" lon="-122.08806"><time>2026-01-01T12:10:25.092Z</time></wpt>
    <wpt lat="37.37335" lon="-122.08805"><time>2026-01-01T12:10:25.128Z</time></wpt>
    <wpt lat="37.37334" lon="-122.08802"><time>2026-01-01T12:10:25.247Z</time></wpt>
    <wpt lat="37.37332" lon="-122.08795"><time>2026-01-01T12:10:25.517Z</time></wpt>
    <wpt lat="37.37331" lon="-122.08792"><time>2026-01-01T12:10:25.635Z</time></wpt>
    <wpt lat="37.37331" lon="-122.08777"><time>2026-01-01T12:10:26.180Z</time></wpt>
    <wpt lat="37.37332" lon="-122.08766"><time>2026-01-01T12:10:26.582Z</time></wpt>
    <wpt lat="37.37332" lon="-122.08762"><time>2026-01-01T12:10:26.727Z</time></wpt>
    <wpt lat="37.37335" lon="-122.08753"><time>2026-01-01T12:10:27.082Z</time></wpt>
    <wpt lat="37.37336" lon="-122.08752"><time>2026-01-01T12:10:27.140Z</time></wpt>
    <wpt lat="37.37338" lon="-122.08745"><time>2026-01-01T12:10:27.410Z</time></wpt>
    <wpt lat="37.3734" lon="-122.08741"><time>2026-01-01T12:10:27.582Z</time></wpt>
    <wpt lat="37.3734" lon="-122.0874"><time>2026-01-01T12:10:27.618Z</time></wpt>
    <wpt lat="37.37343" lon="-122.08736"><time>2026-01-01T12:10:27.818Z</time></wpt>
    <wpt lat="37.37349" lon="-122.08727"><time>2026-01-01T12:10:28.245Z</time></wpt>
    <wpt lat="37.3735" lon="-122.08724"><time>2026-01-01T12:10:28.363Z</time></wpt>
    <wpt lat="37.37357" lon="-122.08714"><time>2026-01-01T12:10:28.847Z</time></wpt>
    <wpt lat="37.37359" lon="-122.08704"><time>2026-01-01T12:10:29.221Z</time></wpt>
    <wpt lat="37.37362" lon="-122.08689"><time>2026-01-01T12:10:29.783Z</time></wpt>
    <wpt lat="37.37363" lon="-122.08682"><time>2026-01-01T12:10:30.042Z</time></wpt>
    <wpt lat="37.37364" lon="-122.08676"><time>2026-01-01T12:10:30.264Z</time></wpt>
    <wpt lat="37.37365" lon="-122.08671"><time>2026-01-01T12:10:30.451Z</time></wpt>
    <wpt lat="37.37365" lon="-122.08667"><time>2026-01-01T12:10:30.597Z</time></wpt>
    <wpt lat="37.37365" lon="-122.08662"><time>2026-01-01T12:10:30.778Z</time></wpt>
    <wpt lat="37.37365" lon="-122.0866"><time>2026-01-01T12:10:30.851Z</time></wpt>
    <wpt lat="37.37365" lon="-122.08655"><time>2026-01-01T12:10:31.033Z</time></wpt>
    <wpt lat="37.37365" lon="-122.08649"><time>2026-01-01T12:10:31.251Z</time></wpt>
    <wpt lat="37.37365" lon="-122.08644"><time>2026-01-01T12:10:31.432Z</time></wpt>
    <wpt lat="37.37365" lon="-122.0863"><time>2026-01-01T12:10:31.941Z</time></wpt>
    <wpt lat="37.37364" lon="-122.08604"><time>2026-01-01T12:10:32.886Z</time></wpt>
    <wpt lat="37.37364" lon="-122.08584"><time>2026-01-01T12:10:33.613Z</time></wpt>
    <wpt lat="37.37364" lon="-122.08581"><time>2026-01-01T12:10:33.721Z</time></wpt>
    <wpt lat="37.37364" lon="-122.08553"><time>2026-01-01T12:10:34.738Z</time></wpt>
    <wpt lat="37.37364" lon="-122.08531"><time>2026-01-01T12:10:35.538Z</time></wpt>
    <wpt lat="37.37363" lon="-122.08516"><time>2026-01-01T12:10:36.084Z</time></wpt>
    <wpt lat="37.37363" lon="-122.08496"><time>2026-01-01T12:10:36.811Z</time></wpt>
    <wpt lat="37.37363" lon="-122.08494"><time>2026-01-01T12:10:36.883Z</time></wpt>
    <wpt lat="37.37361" lon="-122.08415"><time>2026-01-01T12:10:39.754Z</time></wpt>
    <wpt lat="37.37361" lon="-122.08397"><time>2026-01-01T12:10:40.408Z</time></wpt>
    <wpt lat="37.3736" lon="-122.08376"><time>2026-01-01T12:10:41.172Z</time></wpt>
    <wpt lat="37.37358" lon="-122.08334"><time>2026-01-01T12:10:42.700Z</time></wpt>
    <wpt lat="37.37355" lon="-122.08283"><time>2026-01-01T12:10:44.558Z</time></wpt>
    <wpt lat="37.37355" lon="-122.0827"><time>2026-01-01T12:10:45.030Z</time></wpt>
    <wpt lat="37.37355" lon="-122.08263"><time>2026-01-01T12:10:45.284Z</time></wpt>
    <wpt lat="37.37355" lon="-122.08259"><time>2026-01-01T12:10:45.429Z</time></wpt>
    <wpt lat="37.37354" lon="-122.08246"><time>2026-01-01T12:10:45.904Z</time></wpt>
    <wpt lat="37.37354" lon="-122.08228"><time>2026-01-01T12:10:46.558Z</time></wpt>
    <wpt lat="37.37354" lon="-122.08212"><time>2026-01-01T12:10:47.139Z</time></wpt>
    <wpt lat="37.37354" lon="-122.08206"><time>2026-01-01T12:10:47.357Z</time></wpt>
    <wpt lat="37.37354" lon="-122.08205"><time>2026-01-01T12:10:47.393Z</time></wpt>
    <wpt lat="37.37354" lon="-122.082"><time>2026-01-01T12:10:47.575Z</time></wpt>
    <wpt lat="37.37352" lon="-122.08105"><time>2026-01-01T12:10:51.026Z</time></wpt>
    <wpt lat="37.37351" lon="-122.0808"><time>2026-01-01T12:10:51.936Z</time></wpt>
    <wpt lat="37.37351" lon="-122.08073"><time>2026-01-01T12:10:52.190Z</time></wpt>
    <wpt lat="37.37351" lon="-122.08051"><time>2026-01-01T12:10:52.989Z</time></wpt>
    <wpt lat="37.37349" lon="-122.08031"><time>2026-01-01T12:10:53.721Z</time></wpt>
    <wpt lat="37.3735" lon="-122.0802"><time>2026-01-01T12:10:54.123Z</time></wpt>
    <wpt lat="37.3735" lon="-122.0801"><time>2026-01-01T12:10:54.486Z</time></wpt>
    <wpt lat="37.3735" lon="-122.07982"><time>2026-01-01T12:10:55.503Z</time></wpt>
    <wpt lat="37.37349" lon="-122.07965"><time>2026-01-01T12:10:56.123Z</time></wpt>
    <wpt lat="37.37349" lon="-122.07945"><time>2026-01-01T12:10:56.849Z</time></wpt>
    <wpt lat="37.37348" lon="-122.07878"><time>2026-01-01T12:10:59.283Z</time></wpt>
    <wpt lat="37.37348" lon="-122.07865"><time>2026-01-01T12:10:59.755Z</time></wpt>
    <wpt lat="37.37348" lon="-122.07861"><time>2026-01-01T12:10:59.900Z</time></wpt>
    <wpt lat="37.37347" lon="-122.07851"><time>2026-01-01T12:11:00.266Z</time></wpt>
    <wpt lat="37.37348" lon="-122.07834"><time>2026-01-01T12:11:00.886Z</time></wpt>
    <wpt lat="37.37348" lon="-122.07831"><time>2026-01-01T12:11:00.995Z</time></wpt>
    <wpt lat="37.37348" lon="-122.0783"><time>2026-01-01T12:11:01.031Z</time></wpt>
    <wpt lat="37.37348" lon="-122.07812"><time>2026-01-01T12:11:01.685Z</time></wpt>
    <wpt lat="37.37348" lon="-122.07811"><time>2026-01-01T12:11:01.721Z</time></wpt>
    <wpt lat="37.37347" lon="-122.07801"><time>2026-01-01T12:11:02.087Z</time></wpt>
    <wpt lat="37.37346" lon="-122.07794"><time>2026-01-01T12:11:02.345Z</time></wpt>
    <wpt lat="37.3734648" lon="-122.0779432"><time>2026-01-01T12:11:02.370Z</time></wpt>
    <wpt lat="37.37345" lon="-122.07775"><time>2026-01-01T12:11:03.075Z</time></wpt>
    <wpt lat="37.37357" lon="-122.07774"><time>2026-01-01T12:11:03.625Z</time></wpt>
    <wpt lat="37.3737" lon="-122.07774"><time>2026-01-01T12:11:04.219Z</time></wpt>
    <wpt lat="37.3738" lon="-122.07773"><time>2026-01-01T12:11:04.677Z</time></wpt>
    <wpt lat="37.37392" lon="-122.07772"><time>2026-01-01T12:11:05.227Z</time></wpt>
    <wpt lat="37.37398" lon="-122.07771"><time>2026-01-01T12:11:05.504Z</time></wpt>
    <wpt lat="37.37402" lon="-122.0777"><time>2026-01-01T12:11:05.690Z</time></wpt>
    <wpt lat="37.37404" lon="-122.0777"><time>2026-01-01T12:11:05.782Z</time></wpt>
    <wpt lat="37.37422" lon="-122.07764"><time>2026-01-01T12:11:06.633Z</time></wpt>
    <wpt lat="37.3744" lon="-122.07756"><time>2026-01-01T12:11:07.505Z</time></wpt>
    <wpt lat="37.37449" lon="-122.07751"><time>2026-01-01T12:11:07.955Z</time></wpt>
    <wpt lat="37.3745" lon="-122.07751"><time>2026-01-01T12:11:08.000Z</time></wpt>
    <wpt lat="37.37453" lon="-122.07749"><time>2026-01-01T12:11:08.156Z</time></wpt>
    <wpt lat="37.37457" lon="-122.07746"><time>2026-01-01T12:11:08.368Z</time></wpt>
    <wpt lat="37.37464" lon="-122.07742"><time>2026-01-01T12:11:08.720Z</time></wpt>
    <wpt lat="37.37465" lon="-122.07741"><time>2026-01-01T12:11:08.778Z</time></wpt>
    <wpt lat="37.37467" lon="-122.0774"><time>2026-01-01T12:11:08.877Z</time></wpt>
    <wpt lat="37.37479" lon="-122.07731"><time>2026-01-01T12:11:09.515Z</time></wpt>
    <wpt lat="37.37487" lon="-122.07725"><time>2026-01-01T12:11:09.941Z</time></wpt>
    <wpt lat="37.37506" lon="-122.07709"><time>2026-01-01T12:11:10.986Z</time></wpt>
    <wpt lat="37.37516" lon="-122.07701"><time>2026-01-01T12:11:11.527Z</time></wpt>
    <wpt lat="37.37524" lon="-122.07694"><time>2026-01-01T12:11:11.973Z</time></wpt>
    <wpt lat="37.37533" lon="-122.07687"><time>2026-01-01T12:11:12.456Z</time></wpt>
    <wpt lat="37.37537" lon="-122.07684"><time>2026-01-01T12:11:12.669Z</time></wpt>
    <wpt lat="37.37562" lon="-122.07664"><time>2026-01-01T12:11:14.023Z</time></wpt>
    <wpt lat="37.37613" lon="-122.07623"><time>2026-01-01T12:11:16.789Z</time></wpt>
    <wpt lat="37.37622" lon="-122.07617"><time>2026-01-01T12:11:17.254Z</time></wpt>
    <wpt lat="37.37631" lon="-122.07609"><time>2026-01-01T12:11:17.758Z</time></wpt>
    <wpt lat="37.37633" lon="-122.07608"><time>2026-01-01T12:11:17.856Z</time></wpt>
    <wpt lat="37.37658" lon="-122.07588"><time>2026-01-01T12:11:19.210Z</time></wpt>
    <wpt lat="37.37661" lon="-122.07586"><time>2026-01-01T12:11:19.366Z</time></wpt>
    <wpt lat="37.37665" lon="-122.07583"><time>2026-01-01T12:11:19.578Z</time></wpt>
    <wpt lat="37.37691" lon="-122.07564"><time>2026-01-01T12:11:20.953Z</time></wpt>
    <wpt lat="37.37693" lon="-122.07562"><time>2026-01-01T12:11:21.069Z</time></wpt>
    <wpt lat="37.37723" lon="-122.0754"><time>2026-01-01T12:11:22.656Z</time></wpt>
    <wpt lat="37.3773" lon="-122.07535"><time>2026-01-01T12:11:23.024Z</time></wpt>
    <wpt lat="37.37734" lon="-122.07531"><time>2026-01-01T12:11:23.258Z</time></wpt>
    <wpt lat="37.37739" lon="-122.07528"><time>2026-01-01T12:11:23.511Z</time></wpt>
    <wpt lat="37.37744" lon="-122.07524"><time>2026-01-01T12:11:23.782Z</time></wpt>
    <wpt lat="37.37753" lon="-122.07518"><time>2026-01-01T12:11:24.247Z</time></wpt>
    <wpt lat="37.37755" lon="-122.07516"><time>2026-01-01T12:11:24.364Z</time></wpt>
    <wpt lat="37.37771" lon="-122.07504"><time>2026-01-01T12:11:25.215Z</time></wpt>
    <wpt lat="37.37778" lon="-122.07499"><time>2026-01-01T12:11:25.583Z</time></wpt>
    <wpt lat="37.37812" lon="-122.07469"><time>2026-01-01T12:11:27.481Z</time></wpt>
    <wpt lat="37.3782" lon="-122.07463"><time>2026-01-01T12:11:27.907Z</time></wpt>
    <wpt lat="37.37828" lon="-122.07455"><time>2026-01-01T12:11:28.374Z</time></wpt>
    <wpt lat="37.37829" lon="-122.07455"><time>2026-01-01T12:11:28.419Z</time></wpt>
    <wpt lat="37.37833" lon="-122.07451"><time>2026-01-01T12:11:28.653Z</time></wpt>
    <wpt lat="37.37835" lon="-122.0745"><time>2026-01-01T12:11:28.751Z</time></wpt>
    <wpt lat="37.37846" lon="-122.0744"><time>2026-01-01T12:11:29.371Z</time></wpt>
    <wpt lat="37.37854" lon="-122.07433"><time>2026-01-01T12:11:29.817Z</time></wpt>
    <wpt lat="37.37855" lon="-122.07433"><time>2026-01-01T12:11:29.862Z</time></wpt>
    <wpt lat="37.37883" lon="-122.0741"><time>2026-01-01T12:11:31.391Z</time></wpt>
    <wpt lat="37.37898" lon="-122.07398"><time>2026-01-01T12:11:32.203Z</time></wpt>
    <wpt lat="37.37913" lon="-122.07386"><time>2026-01-01T12:11:33.015Z</time></wpt>
    <wpt lat="37.37916" lon="-122.07384"><time>2026-01-01T12:11:33.171Z</time></wpt>
    <wpt lat="37.37936" lon="-122.07367"><time>2026-01-01T12:11:34.274Z</time></wpt>
    <wpt lat="37.37939" lon="-122.07365"><time>2026-01-01T12:11:34.429Z</time></wpt>
    <wpt lat="37.37951" lon="-122.07356"><time>2026-01-01T12:11:35.067Z</time></wpt>
    <wpt lat="37.37954" lon="-122.07354"><time>2026-01-01T12:11:35.222Z</time></wpt>
    <wpt lat="37.37955" lon="-122.07354"><time>2026-01-01T12:11:35.268Z</time></wpt>
    <wpt lat="37.37969" lon="-122.07343"><time>2026-01-01T12:11:36.022Z</time></wpt>
    <wpt lat="37.37985" lon="-122.07331"><time>2026-01-01T12:11:36.874Z</time></wpt>
    <wpt lat="37.37986" lon="-122.0733"><time>2026-01-01T12:11:36.932Z</time></wpt>
    <wpt lat="37.37989" lon="-122.07328"><time>2026-01-01T12:11:37.087Z</time></wpt>
    <wpt lat="37.37994" lon="-122.07324"><time>2026-01-01T12:11:37.358Z</time></wpt>
    <wpt lat="37.37999" lon="-122.0732"><time>2026-01-01T12:11:37.629Z</time></wpt>
    <wpt lat="37.38003" lon="-122.07318"><time>2026-01-01T12:11:37.826Z</time></wpt>
    <wpt lat="37.3801" lon="-122.07312"><time>2026-01-01T12:11:38.213Z</time></wpt>
    <wpt lat="37.38012" lon="-122.0731"><time>2026-01-01T12:11:38.329Z</time></wpt>
    <wpt lat="37.38015" lon="-122.07309"><time>2026-01-01T12:11:38.471Z</time></wpt>
    <wpt lat="37.38015" lon="-122.07308"><time>2026-01-01T12:11:38.508Z</time></wpt>
    <wpt lat="37.38027" lon="-122.07299"><time>2026-01-01T12:11:39.146Z</time></wpt>
    <wpt lat="37.3802654" lon="-122.072994"><time>2026-01-01T12:11:39.172Z</time></wpt>
    <wpt lat="37.3804" lon="-122.07288"><time>2026-01-01T12:11:39.913Z</time></wpt>
    <wpt lat="37.38056" lon="-122.07275"><time>2026-01-01T12:11:40.784Z</time></wpt>
    <wpt lat="37.38063" lon="-122.07269"><time>2026-01-01T12:11:41.171Z</time></wpt>
    <wpt lat="37.38086" lon="-122.0725"><time>2026-01-01T12:11:42.428Z</time></wpt>
    <wpt lat="37.38094" lon="-122.07243"><time>2026-01-01T12:11:42.874Z</time></wpt>
    <wpt lat="37.38112" lon="-122.07227"><time>2026-01-01T12:11:43.881Z</time></wpt>
    <wpt lat="37.38153" lon="-122.07193"><time>2026-01-01T12:11:46.125Z</time></wpt>
    <wpt lat="37.38165" lon="-122.07183"><time>2026-01-01T12:11:46.783Z</time></wpt>
    <wpt lat="37.38182" lon="-122.07169"><time>2026-01-01T12:11:47.711Z</time></wpt>
    <wpt lat="37.38199" lon="-122.07155"><time>2026-01-01T12:11:48.640Z</time></wpt>
    <wpt lat="37.38215" lon="-122.0714"><time>2026-01-01T12:11:49.552Z</time></wpt>
    <wpt lat="37.38224" lon="-122.07133"><time>2026-01-01T12:11:50.035Z</time></wpt>
    <wpt lat="37.38231" lon="-122.07126"><time>2026-01-01T12:11:50.444Z</time></wpt>
    <wpt lat="37.38241" lon="-122.07117"><time>2026-01-01T12:11:51.006Z</time></wpt>
    <wpt lat="37.38249" lon="-122.07107"><time>2026-01-01T12:11:51.521Z</time></wpt>
    <wpt lat="37.38256" lon="-122.07099"><time>2026-01-01T12:11:51.953Z</time></wpt>
    <wpt lat="37.38264" lon="-122.07089"><time>2026-01-01T12:11:52.469Z</time></wpt>
    <wpt lat="37.38271" lon="-122.07079"><time>2026-01-01T12:11:52.953Z</time></wpt>
    <wpt lat="37.38276" lon="-122.07071"><time>2026-01-01T12:11:53.322Z</time></wpt>
    <wpt lat="37.38278" lon="-122.07067"><time>2026-01-01T12:11:53.494Z</time></wpt>
    <wpt lat="37.38283" lon="-122.0706"><time>2026-01-01T12:11:53.836Z</time></wpt>
    <wpt lat="37.38286" lon="-122.07056"><time>2026-01-01T12:11:54.035Z</time></wpt>
    <wpt lat="37.38293" lon="-122.07044"><time>2026-01-01T12:11:54.576Z</time></wpt>
    <wpt lat="37.38294" lon="-122.07042"><time>2026-01-01T12:11:54.662Z</time></wpt>
    <wpt lat="37.38304" lon="-122.07024"><time>2026-01-01T12:11:55.460Z</time></wpt>
    <wpt lat="37.38314" lon="-122.07005"><time>2026-01-01T12:11:56.287Z</time></wpt>
    <wpt lat="37.38319" lon="-122.06996"><time>2026-01-01T12:11:56.686Z</time></wpt>
    <wpt lat="37.38324" lon="-122.06986"><time>2026-01-01T12:11:57.115Z</time></wpt>
    <wpt lat="37.38336" lon="-122.06964"><time>2026-01-01T12:11:58.084Z</time></wpt>
    <wpt lat="37.38339" lon="-122.06958"><time>2026-01-01T12:11:58.342Z</time></wpt>
    <wpt lat="37.38341" lon="-122.06955"><time>2026-01-01T12:11:58.484Z</time></wpt>
    <wpt lat="37.38342" lon="-122.06953"><time>2026-01-01T12:11:58.570Z</time></wpt>
    <wpt lat="37.38353" lon="-122.06933"><time>2026-01-01T12:11:59.453Z</time></wpt>
    <wpt lat="37.3836" lon="-122.06919"><time>2026-01-01T12:12:00.054Z</time></wpt>
    <wpt lat="37.38362" lon="-122.06915"><time>2026-01-01T12:12:00.225Z</time></wpt>
    <wpt lat="37.38363" lon="-122.06913"><time>2026-01-01T12:12:00.311Z</time></wpt>
    <wpt lat="37.38364" lon="-122.0691"><time>2026-01-01T12:12:00.429Z</time></wpt>
    <wpt lat="37.38374" lon="-122.06892"><time>2026-01-01T12:12:01.227Z</time></wpt>
    <wpt lat="37.38377" lon="-122.06886"><time>2026-01-01T12:12:01.484Z</time></wpt>
    <wpt lat="37.38381" lon="-122.0688"><time>2026-01-01T12:12:01.769Z</time></wpt>
    <wpt lat="37.38391" lon="-122.0686"><time>2026-01-01T12:12:02.627Z</time></wpt>
    <wpt lat="37.38401" lon="-122.06841"><time>2026-01-01T12:12:03.455Z</time></wpt>
    <wpt lat="37.38407" lon="-122.06829"><time>2026-01-01T12:12:03.970Z</time></wpt>
    <wpt lat="37.38409" lon="-122.06827"><time>2026-01-01T12:12:04.086Z</time></wpt>
    <wpt lat="37.38411" lon="-122.06822"><time>2026-01-01T12:12:04.290Z</time></wpt>
    <wpt lat="37.38412" lon="-122.0682"><time>2026-01-01T12:12:04.375Z</time></wpt>
    <wpt lat="37.38413" lon="-122.06818"><time>2026-01-01T12:12:04.461Z</time></wpt>
    <wpt lat="37.38414" lon="-122.06816"><time>2026-01-01T12:12:04.547Z</time></wpt>
    <wpt lat="37.38416" lon="-122.06813"><time>2026-01-01T12:12:04.689Z</time></wpt>
    <wpt lat="37.38421" lon="-122.06804"><time>2026-01-01T12:12:05.088Z</time></wpt>
    <wpt lat="37.38429" lon="-122.06787"><time>2026-01-01T12:12:05.806Z</time></wpt>
    <wpt lat="37.38434" lon="-122.06779"><time>2026-01-01T12:12:06.175Z</time></wpt>
    <wpt lat="37.38437" lon="-122.06773"><time>2026-01-01T12:12:06.433Z</time></wpt>
    <wpt lat="37.38476" lon="-122.06701"><time>2026-01-01T12:12:09.597Z</time></wpt>
    <wpt lat="37.38486" lon="-122.0668"><time>2026-01-01T12:12:10.486Z</time></wpt>
    <wpt lat="37.38491" lon="-122.0667"><time>2026-01-01T12:12:10.915Z</time></wpt>
    <wpt lat="37.38495" lon="-122.06663"><time>2026-01-01T12:12:11.228Z</time></wpt>
    <wpt lat="37.38496" lon="-122.0666"><time>2026-01-01T12:12:11.347Z</time></wpt>
    <wpt lat="37.38502" lon="-122.06649"><time>2026-01-01T12:12:11.831Z</time></wpt>
    <wpt lat="37.38506" lon="-122.0664"><time>2026-01-01T12:12:12.206Z</time></wpt>
    <wpt lat="37.3851" lon="-122.06631"><time>2026-01-01T12:12:12.580Z</time></wpt>
    <wpt lat="37.38517" lon="-122.06617"><time>2026-01-01T12:12:13.181Z</time></wpt>
    <wpt lat="37.38519" lon="-122.06611"><time>2026-01-01T12:12:13.417Z</time></wpt>
    <wpt lat="37.38526" lon="-122.06593"><time>2026-01-01T12:12:14.145Z</time></wpt>
    <wpt lat="37.38528" lon="-122.06587"><time>2026-01-01T12:12:14.381Z</time></wpt>
    <wpt lat="37.38538" lon="-122.06558"><time>2026-01-01T12:12:15.529Z</time></wpt>
    <wpt lat="37.38543" lon="-122.06543"><time>2026-01-01T12:12:16.120Z</time></wpt>
    <wpt lat="37.38548" lon="-122.06527"><time>2026-01-01T12:12:16.744Z</time></wpt>
    <wpt lat="37.38556" lon="-122.06498"><time>2026-01-01T12:12:17.859Z</time></wpt>
    <wpt lat="37.38558" lon="-122.06488"><time>2026-01-01T12:12:18.234Z</time></wpt>
    <wpt lat="37.38561" lon="-122.06472"><time>2026-01-01T12:12:18.831Z</time></wpt>
    <wpt lat="37.38563" lon="-122.06466"><time>2026-01-01T12:12:19.067Z</time></wpt>
    <wpt lat="37.38566" lon="-122.0645"><time>2026-01-01T12:12:19.664Z</time></wpt>
    <wpt lat="37.38567" lon="-122.06439"><time>2026-01-01T12:12:20.066Z</time></wpt>
    <wpt lat="37.38568" lon="-122.06432"><time>2026-01-01T12:12:20.324Z</time></wpt>
    <wpt lat="37.38572" lon="-122.0641"><time>2026-01-01T12:12:21.144Z</time></wpt>
    <wpt lat="37.38573" lon="-122.06399"><time>2026-01-01T12:12:21.546Z</time></wpt>
    <wpt lat="37.38574" lon="-122.06393"><time>2026-01-01T12:12:21.769Z</time></wpt>
    <wpt lat="37.38574" lon="-122.0639"><time>2026-01-01T12:12:21.878Z</time></wpt>
    <wpt lat="37.38576" lon="-122.06373"><time>2026-01-01T12:12:22.502Z</time></wpt>
    <wpt lat="37.38577" lon="-122.06362"><time>2026-01-01T12:12:22.904Z</time></wpt>
    <wpt lat="37.38578" lon="-122.06352"><time>2026-01-01T12:12:23.270Z</time></wpt>
    <wpt lat="37.38578" lon="-122.06339"><time>2026-01-01T12:12:23.742Z</time></wpt>
    <wpt lat="37.38579" lon="-122.06322"><time>2026-01-01T12:12:24.361Z</time></wpt>
    <wpt lat="37.38582" lon="-122.06238"><time>2026-01-01T12:12:27.414Z</time></wpt>
    <wpt lat="37.38583" lon="-122.06234"><time>2026-01-01T12:12:27.567Z</time></wpt>
    <wpt lat="37.38584" lon="-122.06204"><time>2026-01-01T12:12:28.657Z</time></wpt>
    <wpt lat="37.38585" lon="-122.06171"><time>2026-01-01T12:12:29.856Z</time></wpt>
    <wpt lat="37.38585" lon="-122.0616"><time>2026-01-01T12:12:30.256Z</time></wpt>
    <wpt lat="37.38585" lon="-122.06157"><time>2026-01-01T12:12:30.365Z</time></wpt>
    <wpt lat="37.38586" lon="-122.06151"><time>2026-01-01T12:12:30.587Z</time></wpt>
    <wpt lat="37.38587" lon="-122.06137"><time>2026-01-01T12:12:31.098Z</time></wpt>
    <wpt lat="37.38588" lon="-122.06125"><time>2026-01-01T12:12:31.536Z</time></wpt>
    <wpt lat="37.38589" lon="-122.06117"><time>2026-01-01T12:12:31.830Z</time></wpt>
    <wpt lat="37.3859" lon="-122.06111"><time>2026-01-01T12:12:32.053Z</time></wpt>
    <wpt lat="37.38592" lon="-122.06099"><time>2026-01-01T12:12:32.498Z</time></wpt>
    <wpt lat="37.38593" lon="-122.06088"><time>2026-01-01T12:12:32.900Z</time></wpt>
    <wpt lat="37.38594" lon="-122.06082"><time>2026-01-01T12:12:33.123Z</time></wpt>
    <wpt lat="37.38596" lon="-122.06074"><time>2026-01-01T12:12:33.427Z</time></wpt>
    <wpt lat="37.38597" lon="-122.06067"><time>2026-01-01T12:12:33.686Z</time></wpt>
    <wpt lat="37.38599" lon="-122.06058"><time>2026-01-01T12:12:34.025Z</time></wpt>
    <wpt lat="37.38601" lon="-122.06051"><time>2026-01-01T12:12:34.295Z</time></wpt>
    <wpt lat="37.38602" lon="-122.06046"><time>2026-01-01T12:12:34.482Z</time></wpt>
    <wpt lat="37.38603" lon="-122.06042"><time>2026-01-01T12:12:34.635Z</time></wpt>
    <wpt lat="37.38605" lon="-122.06034"><time>2026-01-01T12:12:34.939Z</time></wpt>
    <wpt lat="37.38607" lon="-122.06026"><time>2026-01-01T12:12:35.244Z</time></wpt>
    <wpt lat="37.38608" lon="-122.06022"><time>2026-01-01T12:12:35.396Z</time></wpt>
    <wpt lat="37.3861" lon="-122.06015"><time>2026-01-01T12:12:35.666Z</time></wpt>
    <wpt lat="37.38611" lon="-122.06011"><time>2026-01-01T12:12:35.819Z</time></wpt>
    <wpt lat="37.38612" lon="-122.06007"><time>2026-01-01T12:12:35.971Z</time></wpt>
    <wpt lat="37.38613" lon="-122.06004"><time>2026-01-01T12:12:36.089Z</time></wpt>
    <wpt lat="37.38616" lon="-122.05996"><time>2026-01-01T12:12:36.410Z</time></wpt>
    <wpt lat="37.3862" lon="-122.05984"><time>2026-01-01T12:12:36.883Z</time></wpt>
    <wpt lat="37.38621" lon="-122.0598"><time>2026-01-01T12:12:37.035Z</time></wpt>
    <wpt lat="37.38627" lon="-122.05965"><time>2026-01-01T12:12:37.645Z</time></wpt>
    <wpt lat="37.38633" lon="-122.0595"><time>2026-01-01T12:12:38.255Z</time></wpt>
    <wpt lat="37.38639" lon="-122.05937"><time>2026-01-01T12:12:38.801Z</time></wpt>
    <wpt lat="37.38644" lon="-122.05926"><time>2026-01-01T12:12:39.261Z</time></wpt>
    <wpt lat="37.38646" lon="-122.05922"><time>2026-01-01T12:12:39.433Z</time></wpt>
    <wpt lat="37.38653" lon="-122.05909"><time>2026-01-01T12:12:40.003Z</time></wpt>
    <wpt lat="37.38659" lon="-122.05896"><time>2026-01-01T12:12:40.549Z</time></wpt>
    <wpt lat="37.38666" lon="-122.05883"><time>2026-01-01T12:12:41.119Z</time></wpt>
    <wpt lat="37.38672" lon="-122.05874"><time>2026-01-01T12:12:41.546Z</time></wpt>
    <wpt lat="37.38674" lon="-122.05871"><time>2026-01-01T12:12:41.688Z</time></wpt>
    <wpt lat="37.38677" lon="-122.05866"><time>2026-01-01T12:12:41.916Z</time></wpt>
    <wpt lat="37.38678" lon="-122.05865"><time>2026-01-01T12:12:41.974Z</time></wpt>
    <wpt lat="37.38681" lon="-122.0586"><time>2026-01-01T12:12:42.201Z</time></wpt>
    <wpt lat="37.38693" lon="-122.05841"><time>2026-01-01T12:12:43.083Z</time></wpt>
    <wpt lat="37.38695" lon="-122.05838"><time>2026-01-01T12:12:43.225Z</time></wpt>
    <wpt lat="37.38702" lon="-122.05828"><time>2026-01-01T12:12:43.709Z</time></wpt>
    <wpt lat="37.38712" lon="-122.05812"><time>2026-01-01T12:12:44.448Z</time></wpt>
    <wpt lat="37.38713" lon="-122.0581"><time>2026-01-01T12:12:44.534Z</time></wpt>
    <wpt lat="37.38735" lon="-122.05777"><time>2026-01-01T12:12:46.098Z</time></wpt>
    <wpt lat="37.38742" lon="-122.05765"><time>2026-01-01T12:12:46.639Z</time></wpt>
    <wpt lat="37.38749" lon="-122.05754"><time>2026-01-01T12:12:47.151Z</time></wpt>
    <wpt lat="37.38753" lon="-122.05748"><time>2026-01-01T12:12:47.435Z</time></wpt>
    <wpt lat="37.38792" lon="-122.05687"><time>2026-01-01T12:12:50.279Z</time></wpt>
    <wpt lat="37.38795" lon="-122.05683"><time>2026-01-01T12:12:50.478Z</time></wpt>
    <wpt lat="37.38809" lon="-122.05662"><time>2026-01-01T12:12:51.474Z</time></wpt>
    <wpt lat="37.38817" lon="-122.05649"><time>2026-01-01T12:12:52.071Z</time></wpt>
    <wpt lat="37.38825" lon="-122.05637"><time>2026-01-01T12:12:52.640Z</time></wpt>
    <wpt lat="37.38858" lon="-122.05585"><time>2026-01-01T12:12:55.056Z</time></wpt>
    <wpt lat="37.38883" lon="-122.05546"><time>2026-01-01T12:12:56.876Z</time></wpt>
    <wpt lat="37.38889" lon="-122.05536"><time>2026-01-01T12:12:57.331Z</time></wpt>
    <wpt lat="37.38891" lon="-122.05534"><time>2026-01-01T12:12:57.448Z</time></wpt>
    <wpt lat="37.38898" lon="-122.05522"><time>2026-01-01T12:12:57.989Z</time></wpt>
    <wpt lat="37.38951" lon="-122.0544"><time>2026-01-01T12:13:01.827Z</time></wpt>
    <wpt lat="37.38967" lon="-122.05415"><time>2026-01-01T12:13:02.993Z</time></wpt>
    <wpt lat="37.38981" lon="-122.05393"><time>2026-01-01T12:13:04.016Z</time></wpt>
    <wpt lat="37.39008" lon="-122.05351"><time>2026-01-01T12:13:05.978Z</time></wpt>
    <wpt lat="37.39023" lon="-122.05327"><time>2026-01-01T12:13:07.087Z</time></wpt>
    <wpt lat="37.39039" lon="-122.05302"><time>2026-01-01T12:13:08.253Z</time></wpt>
    <wpt lat="37.39048" lon="-122.05289"><time>2026-01-01T12:13:08.879Z</time></wpt>
    <wpt lat="37.39064" lon="-122.05264"><time>2026-01-01T12:13:10.045Z</time></wpt>
    <wpt lat="37.39069" lon="-122.05256"><time>2026-01-01T12:13:10.414Z</time></wpt>
    <wpt lat="37.39075" lon="-122.05245"><time>2026-01-01T12:13:10.899Z</time></wpt>
    <wpt lat="37.39085" lon="-122.0523"><time>2026-01-01T12:13:11.610Z</time></wpt>
    <wpt lat="37.39095" lon="-122.05215"><time>2026-01-01T12:13:12.321Z</time></wpt>
    <wpt lat="37.39104" lon="-122.05201"><time>2026-01-01T12:13:12.975Z</time></wpt>
    <wpt lat="37.39114" lon="-122.05185"><time>2026-01-01T12:13:13.714Z</time></wpt>
    <wpt lat="37.39121" lon="-122.05174"><time>2026-01-01T12:13:14.226Z</time></wpt>
    <wpt lat="37.3913" lon="-122.0516"><time>2026-01-01T12:13:14.880Z</time></wpt>
    <wpt lat="37.39138" lon="-122.05147"><time>2026-01-01T12:13:15.477Z</time></wpt>
    <wpt lat="37.39146" lon="-122.05134"><time>2026-01-01T12:13:16.074Z</time></wpt>
    <wpt lat="37.39147" lon="-122.05133"><time>2026-01-01T12:13:16.132Z</time></wpt>
    <wpt lat="37.39163" lon="-122.05108"><time>2026-01-01T12:13:17.298Z</time></wpt>
    <wpt lat="37.3918" lon="-122.05083"><time>2026-01-01T12:13:18.493Z</time></wpt>
    <wpt lat="37.39188" lon="-122.0507"><time>2026-01-01T12:13:19.090Z</time></wpt>
    <wpt lat="37.39204" lon="-122.05044"><time>2026-01-01T12:13:20.284Z</time></wpt>
    <wpt lat="37.39213" lon="-122.0503"><time>2026-01-01T12:13:20.938Z</time></wpt>
    <wpt lat="37.3922" lon="-122.0502"><time>2026-01-01T12:13:21.422Z</time></wpt>
    <wpt lat="37.39249" lon="-122.04974"><time>2026-01-01T12:13:23.555Z</time></wpt>
    <wpt lat="37.39263" lon="-122.04953"><time>2026-01-01T12:13:24.550Z</time></wpt>
    <wpt lat="37.39285" lon="-122.04921"><time>2026-01-01T12:13:26.087Z</time></wpt>
    <wpt lat="37.39293" lon="-122.04908"><time>2026-01-01T12:13:26.684Z</time></wpt>
    <wpt lat="37.39309" lon="-122.04884"><time>2026-01-01T12:13:27.821Z</time></wpt>
    <wpt lat="37.39384" lon="-122.04776"><time>2026-01-01T12:13:33.030Z</time></wpt>
    <wpt lat="37.39387" lon="-122.0477"><time>2026-01-01T12:13:33.287Z</time></wpt>
    <wpt lat="37.39405" lon="-122.04746"><time>2026-01-01T12:13:34.486Z</time></wpt>
    <wpt lat="37.39445" lon="-122.04688"><time>2026-01-01T12:13:37.275Z</time></wpt>
    <wpt lat="37.39477" lon="-122.04643"><time>2026-01-01T12:13:39.468Z</time></wpt>
    <wpt lat="37.39485" lon="-122.04631"><time>2026-01-01T12:13:40.037Z</time></wpt>
    <wpt lat="37.39495" lon="-122.04617"><time>2026-01-01T12:13:40.720Z</time></wpt>
    <wpt lat="37.39503" lon="-122.04606"><time>2026-01-01T12:13:41.262Z</time></wpt>
    <wpt lat="37.3951" lon="-122.04595"><time>2026-01-01T12:13:41.773Z</time></wpt>
    <wpt lat="37.39518" lon="-122.04584"><time>2026-01-01T12:13:42.315Z</time></wpt>
    <wpt lat="37.39532" lon="-122.04564"><time>2026-01-01T12:13:43.283Z</time></wpt>
    <wpt lat="37.39533" lon="-122.04562"><time>2026-01-01T12:13:43.369Z</time></wpt>
    <wpt lat="37.39534" lon="-122.0456"><time>2026-01-01T12:13:43.454Z</time></wpt>
    <wpt lat="37.39585" lon="-122.04482"><time>2026-01-01T12:13:47.123Z</time></wpt>
    <wpt lat="37.39593" lon="-122.0447"><time>2026-01-01T12:13:47.691Z</time></wpt>
    <wpt lat="37.39601" lon="-122.04457"><time>2026-01-01T12:13:48.288Z</time></wpt>
    <wpt lat="37.3961" lon="-122.04443"><time>2026-01-01T12:13:48.942Z</time></wpt>
    <wpt lat="37.39617" lon="-122.0443"><time>2026-01-01T12:13:49.513Z</time></wpt>
    <wpt lat="37.39625" lon="-122.04416"><time>2026-01-01T12:13:50.139Z</time></wpt>
    <wpt lat="37.39632" lon="-122.04403"><time>2026-01-01T12:13:50.709Z</time></wpt>
    <wpt lat="37.3964" lon="-122.04389"><time>2026-01-01T12:13:51.335Z</time></wpt>
    <wpt lat="37.39648" lon="-122.04375"><time>2026-01-01T12:13:51.961Z</time></wpt>
    <wpt lat="37.39655" lon="-122.04361"><time>2026-01-01T12:13:52.562Z</time></wpt>
    <wpt lat="37.39661" lon="-122.04348"><time>2026-01-01T12:13:53.108Z</time></wpt>
    <wpt lat="37.39676" lon="-122.0432"><time>2026-01-01T12:13:54.334Z</time></wpt>
    <wpt lat="37.39683" lon="-122.04307"><time>2026-01-01T12:13:54.904Z</time></wpt>
    <wpt lat="37.39688" lon="-122.04297"><time>2026-01-01T12:13:55.333Z</time></wpt>
    <wpt lat="37.39691" lon="-122.04291"><time>2026-01-01T12:13:55.591Z</time></wpt>
    <wpt lat="37.39694" lon="-122.04285"><time>2026-01-01T12:13:55.848Z</time></wpt>
    <wpt lat="37.39698" lon="-122.04278"><time>2026-01-01T12:13:56.161Z</time></wpt>
    <wpt lat="37.39705" lon="-122.04264"><time>2026-01-01T12:13:56.762Z</time></wpt>
    <wpt lat="37.39712" lon="-122.04251"><time>2026-01-01T12:13:57.332Z</time></wpt>
    <wpt lat="37.3972" lon="-122.04236"><time>2026-01-01T12:13:57.988Z</time></wpt>
    <wpt lat="37.39722" lon="-122.04232"><time>2026-01-01T12:13:58.160Z</time></wpt>
    <wpt lat="37.39731" lon="-122.04215"><time>2026-01-01T12:13:58.902Z</time></wpt>
    <wpt lat="37.3975" lon="-122.04178"><time>2026-01-01T12:14:00.501Z</time></wpt>
    <wpt lat="37.39761" lon="-122.04157"><time>2026-01-01T12:14:01.415Z</time></wpt>
    <wpt lat="37.39763" lon="-122.04153"><time>2026-01-01T12:14:01.586Z</time></wpt>
    <wpt lat="37.39791" lon="-122.04099"><time>2026-01-01T12:14:03.928Z</time></wpt>
    <wpt lat="37.39798" lon="-122.04085"><time>2026-01-01T12:14:04.528Z</time></wpt>
    <wpt lat="37.39805" lon="-122.04072"><time>2026-01-01T12:14:05.098Z</time></wpt>
    <wpt lat="37.39812" lon="-122.04058"><time>2026-01-01T12:14:05.699Z</time></wpt>
    <wpt lat="37.39815" lon="-122.04053"><time>2026-01-01T12:14:05.927Z</time></wpt>
    <wpt lat="37.39819" lon="-122.04045"><time>2026-01-01T12:14:06.270Z</time></wpt>
    <wpt lat="37.39823" lon="-122.04038"><time>2026-01-01T12:14:06.583Z</time></wpt>
    <wpt lat="37.39836" lon="-122.04012"><time>2026-01-01T12:14:07.698Z</time></wpt>
    <wpt lat="37.39863" lon="-122.03961"><time>2026-01-01T12:14:09.924Z</time></wpt>
    <wpt lat="37.39879" lon="-122.0393"><time>2026-01-01T12:14:11.266Z</time></wpt>
    <wpt lat="37.39892" lon="-122.03905"><time>2026-01-01T12:14:12.351Z</time></wpt>
    <wpt lat="37.39901" lon="-122.03887"><time>2026-01-01T12:14:13.123Z</time></wpt>
    <wpt lat="37.39906" lon="-122.03878"><time>2026-01-01T12:14:13.522Z</time></wpt>
    <wpt lat="37.39913" lon="-122.03864"><time>2026-01-01T12:14:14.122Z</time></wpt>
    <wpt lat="37.3992" lon="-122.0385"><time>2026-01-01T12:14:14.723Z</time></wpt>
    <wpt lat="37.39923" lon="-122.03844"><time>2026-01-01T12:14:14.980Z</time></wpt>
    <wpt lat="37.39924" lon="-122.03842"><time>2026-01-01T12:14:15.066Z</time></wpt>
    <wpt lat="37.39949" lon="-122.03795"><time>2026-01-01T12:14:17.120Z</time></wpt>
    <wpt lat="37.39962" lon="-122.03769"><time>2026-01-01T12:14:18.235Z</time></wpt>
    <wpt lat="37.39979" lon="-122.03736"><time>2026-01-01T12:14:19.663Z</time></wpt>
    <wpt lat="37.40002" lon="-122.03692"><time>2026-01-01T12:14:21.576Z</time></wpt>
    <wpt lat="37.40008" lon="-122.03679"><time>2026-01-01T12:14:22.122Z</time></wpt>
    <wpt lat="37.4001" lon="-122.03675"><time>2026-01-01T12:14:22.293Z</time></wpt>
    <wpt lat="37.40013" lon="-122.03671"><time>2026-01-01T12:14:22.493Z</time></wpt>
    <wpt lat="37.40017" lon="-122.03662"><time>2026-01-01T12:14:22.868Z</time></wpt>
    <wpt lat="37.40024" lon="-122.03648"><time>2026-01-01T12:14:23.468Z</time></wpt>
    <wpt lat="37.40032" lon="-122.0363"><time>2026-01-01T12:14:24.217Z</time></wpt>
    <wpt lat="37.40036" lon="-122.0362"><time>2026-01-01T12:14:24.624Z</time></wpt>
    <wpt lat="37.40044" lon="-122.03603"><time>2026-01-01T12:14:25.341Z</time></wpt>
    <wpt lat="37.40049" lon="-122.03592"><time>2026-01-01T12:14:25.801Z</time></wpt>
    <wpt lat="37.4005" lon="-122.03589"><time>2026-01-01T12:14:25.919Z</time></wpt>
    <wpt lat="37.40061" lon="-122.03562"><time>2026-01-01T12:14:27.021Z</time></wpt>
    <wpt lat="37.40067" lon="-122.03548"><time>2026-01-01T12:14:27.599Z</time></wpt>
    <wpt lat="37.40073" lon="-122.03533"><time>2026-01-01T12:14:28.208Z</time></wpt>
    <wpt lat="37.40079" lon="-122.03519"><time>2026-01-01T12:14:28.786Z</time></wpt>
    <wpt lat="37.40081" lon="-122.03514"><time>2026-01-01T12:14:28.989Z</time></wpt>
    <wpt lat="37.40084" lon="-122.03506"><time>2026-01-01T12:14:29.310Z</time></wpt>
    <wpt lat="37.4009" lon="-122.03492"><time>2026-01-01T12:14:29.888Z</time></wpt>
    <wpt lat="37.40102" lon="-122.0346"><time>2026-01-01T12:14:31.173Z</time></wpt>
    <wpt lat="37.40108" lon="-122.03445"><time>2026-01-01T12:14:31.782Z</time></wpt>
    <wpt lat="37.40113" lon="-122.0343"><time>2026-01-01T12:14:32.373Z</time></wpt>
    <wpt lat="37.40118" lon="-122.03415"><time>2026-01-01T12:14:32.964Z</time></wpt>
    <wpt lat="37.40122" lon="-122.03403"><time>2026-01-01T12:14:33.436Z</time></wpt>
    <wpt lat="37.40123" lon="-122.034"><time>2026-01-01T12:14:33.554Z</time></wpt>
    <wpt lat="37.40129" lon="-122.03385"><time>2026-01-01T12:14:34.164Z</time></wpt>
    <wpt lat="37.40133" lon="-122.0337"><time>2026-01-01T12:14:34.739Z</time></wpt>
    <wpt lat="37.40138" lon="-122.03355"><time>2026-01-01T12:14:35.329Z</time></wpt>
    <wpt lat="37.40143" lon="-122.0334"><time>2026-01-01T12:14:35.920Z</time></wpt>
    <wpt lat="37.40147" lon="-122.03325"><time>2026-01-01T12:14:36.494Z</time></wpt>
    <wpt lat="37.40151" lon="-122.03313"><time>2026-01-01T12:14:36.967Z</time></wpt>
    <wpt lat="37.40157" lon="-122.03294"><time>2026-01-01T12:14:37.709Z</time></wpt>
    <wpt lat="37.40159" lon="-122.03284"><time>2026-01-01T12:14:38.084Z</time></wpt>
    <wpt lat="37.4016" lon="-122.03281"><time>2026-01-01T12:14:38.202Z</time></wpt>
    <wpt lat="37.40162" lon="-122.03273"><time>2026-01-01T12:14:38.506Z</time></wpt>
    <wpt lat="37.40168" lon="-122.03253"><time>2026-01-01T12:14:39.282Z</time></wpt>
    <wpt lat="37.40175" lon="-122.03227"><time>2026-01-01T12:14:40.279Z</time></wpt>
    <wpt lat="37.40177" lon="-122.03217"><time>2026-01-01T12:14:40.653Z</time></wpt>
    <wpt lat="37.40179" lon="-122.03208"><time>2026-01-01T12:14:40.993Z</time></wpt>
    <wpt lat="37.40201" lon="-122.03123"><time>2026-01-01T12:14:44.239Z</time></wpt>
    <wpt lat="37.40209" lon="-122.0309"><time>2026-01-01T12:14:45.491Z</time></wpt>
    <wpt lat="37.40214" lon="-122.03069"><time>2026-01-01T12:14:46.287Z</time></wpt>
    <wpt lat="37.40222" lon="-122.03038"><time>2026-01-01T12:14:47.471Z</time></wpt>
    <wpt lat="37.4022211" lon="-122.0303808"><time>2026-01-01T12:14:47.477Z</time></wpt>
    <wpt lat="37.40218" lon="-122.03019"><time>2026-01-01T12:14:48.194Z</time></wpt>
    <wpt lat="37.4022" lon="-122.03008"><time>2026-01-01T12:14:48.604Z</time></wpt>
    <wpt lat="37.40221" lon="-122.03005"><time>2026-01-01T12:14:48.722Z</time></wpt>
    <wpt lat="37.40223" lon="-122.02994"><time>2026-01-01T12:14:49.132Z</time></wpt>
    <wpt lat="37.40226" lon="-122.02975"><time>2026-01-01T12:14:49.835Z</time></wpt>
    <wpt lat="37.40231" lon="-122.02953"><time>2026-01-01T12:14:50.666Z</time></wpt>
    <wpt lat="37.40234" lon="-122.02937"><time>2026-01-01T12:14:51.263Z</time></wpt>
    <wpt lat="37.40238" lon="-122.02911"><time>2026-01-01T12:14:52.224Z</time></wpt>
    <wpt lat="37.4024" lon="-122.02902"><time>2026-01-01T12:14:52.564Z</time></wpt>
    <wpt lat="37.40241" lon="-122.02899"><time>2026-01-01T12:14:52.682Z</time></wpt>
    <wpt lat="37.40249" lon="-122.02849"><time>2026-01-01T12:14:54.534Z</time></wpt>
    <wpt lat="37.40273" lon="-122.02737"><time>2026-01-01T12:14:58.745Z</time></wpt>
    <wpt lat="37.40274" lon="-122.02733"><time>2026-01-01T12:14:58.898Z</time></wpt>
    <wpt lat="37.40276" lon="-122.02724"><time>2026-01-01T12:14:59.237Z</time></wpt>
    <wpt lat="37.40277" lon="-122.02719"><time>2026-01-01T12:14:59.424Z</time></wpt>
    <wpt lat="37.40277" lon="-122.02718"><time>2026-01-01T12:14:59.460Z</time></wpt>
    <wpt lat="37.40277" lon="-122.02716"><time>2026-01-01T12:14:59.533Z</time></wpt>
    <wpt lat="37.40277" lon="-122.02711"><time>2026-01-01T12:14:59.715Z</time></wpt>
    <wpt lat="37.40276" lon="-122.02707"><time>2026-01-01T12:14:59.867Z</time></wpt>
    <wpt lat="37.40275" lon="-122.027"><time>2026-01-01T12:15:00.125Z</time></wpt>
    <wpt lat="37.40275" lon="-122.02699"><time>2026-01-01T12:15:00.161Z</time></wpt>
    <wpt lat="37.40272" lon="-122.02688"><time>2026-01-01T12:15:00.584Z</time></wpt>
    <wpt lat="37.402723" lon="-122.0268767"><time>2026-01-01T12:15:00.602Z</time></wpt>
    <wpt lat="37.40287" lon="-122.02662"><time>2026-01-01T12:15:01.751Z</time></wpt>
    <wpt lat="37.40305" lon="-122.02657"><time>2026-01-01T12:15:02.593Z</time></wpt>
    <wpt lat="37.40325" lon="-122.02651"><time>2026-01-01T12:15:03.533Z</time></wpt>
    <wpt lat="37.40335" lon="-122.02648"><time>2026-01-01T12:15:04.003Z</time></wpt>
    <wpt lat="37.40344" lon="-122.02646"><time>2026-01-01T12:15:04.420Z</time></wpt>
    <wpt lat="37.40361" lon="-122.02641"><time>2026-01-01T12:15:05.218Z</time></wpt>
    <wpt lat="37.40403" lon="-122.02629"><time>2026-01-01T12:15:11.258Z</time></wpt>
    <wpt lat="37.40417" lon="-122.02624"><time>2026-01-01T12:15:13.299Z</time></wpt>
    <wpt lat="37.4042" lon="-122.02623"><time>2026-01-01T12:15:13.734Z</time></wpt>
    <wpt lat="37.40442" lon="-122.02619"><time>2026-01-01T12:15:16.851Z</time></wpt>
    <wpt lat="37.40444" lon="-122.02618"><time>2026-01-01T12:15:17.153Z</time></wpt>
    <wpt lat="37.40479" lon="-122.02609"><time>2026-01-01T12:15:22.163Z</time></wpt>
    <wpt lat="37.4049" lon="-122.02606"><time>2026-01-01T12:15:23.741Z</time></wpt>
    <wpt lat="37.40501" lon="-122.02604"><time>2026-01-01T12:15:25.300Z</time></wpt>
    <wpt lat="37.40507" lon="-122.02603"><time>2026-01-01T12:15:26.148Z</time></wpt>
    <wpt lat="37.4051" lon="-122.02603"><time>2026-01-01T12:15:26.569Z</time></wpt>
    <wpt lat="37.40518" lon="-122.02602"><time>2026-01-01T12:15:27.697Z</time></wpt>
    <wpt lat="37.40522" lon="-122.02602"><time>2026-01-01T12:15:28.257Z</time></wpt>
    <wpt lat="37.40525" lon="-122.02602"><time>2026-01-01T12:15:28.678Z</time></wpt>
    <wpt lat="37.40533" lon="-122.02601"><time>2026-01-01T12:15:29.806Z</time></wpt>
    <wpt lat="37.40543" lon="-122.026"><time>2026-01-01T12:15:31.212Z</time></wpt>
    <wpt lat="37.40547" lon="-122.026"><time>2026-01-01T12:15:31.773Z</time></wpt>
    <wpt lat="37.4055" lon="-122.026"><time>2026-01-01T12:15:32.194Z</time></wpt>
    <wpt lat="37.40555" lon="-122.026"><time>2026-01-01T12:15:32.895Z</time></wpt>
    <wpt lat="37.40559" lon="-122.026"><time>2026-01-01T12:15:33.456Z</time></wpt>
    <wpt lat="37.40563" lon="-122.026"><time>2026-01-01T12:15:34.017Z</time></wpt>
    <wpt lat="37.40568" lon="-122.02601"><time>2026-01-01T12:15:34.727Z</time></wpt>
    <wpt lat="37.40581" lon="-122.02601"><time>2026-01-01T12:15:36.550Z</time></wpt>
    <wpt lat="37.40588" lon="-122.02602"><time>2026-01-01T12:15:37.538Z</time></wpt>
    <wpt lat="37.40598" lon="-122.02603"><time>2026-01-01T12:15:38.945Z</time></wpt>
    <wpt lat="37.40605" lon="-122.02604"><time>2026-01-01T12:15:39.933Z</time></wpt>
    <wpt lat="37.40618" lon="-122.02606"><time>2026-01-01T12:15:41.769Z</time></wpt>
    <wpt lat="37.40628" lon="-122.02608"><time>2026-01-01T12:15:43.189Z</time></wpt>
    <wpt lat="37.40639" lon="-122.02612"><time>2026-01-01T12:15:44.795Z</time></wpt>
    <wpt lat="37.40648" lon="-122.02615"><time>2026-01-01T12:15:46.101Z</time></wpt>
    <wpt lat="37.40661" lon="-122.0262"><time>2026-01-01T12:15:48.007Z</time></wpt>
    <wpt lat="37.40662" lon="-122.0262"><time>2026-01-01T12:15:48.147Z</time></wpt>
    <wpt lat="37.40673" lon="-122.02625"><time>2026-01-01T12:15:49.787Z</time></wpt>
    <wpt lat="37.40676" lon="-122.02626"><time>2026-01-01T12:15:50.222Z</time></wpt>
    <wpt lat="37.40688" lon="-122.02632"><time>2026-01-01T12:15:52.033Z</time></wpt>
    <wpt lat="37.40705" lon="-122.02639"><time>2026-01-01T12:15:54.541Z</time></wpt>
    <wpt lat="37.40727" lon="-122.02649"><time>2026-01-01T12:15:57.822Z</time></wpt>
    <wpt lat="37.40751" lon="-122.02661"><time>2026-01-01T12:16:01.443Z</time></wpt>
    <wpt lat="37.40767" lon="-122.02669"><time>2026-01-01T12:16:03.857Z</time></wpt>
    <wpt lat="37.40782" lon="-122.02677"><time>2026-01-01T12:16:06.142Z</time></wpt>
    <wpt lat="37.40793" lon="-122.02681"><time>2026-01-01T12:16:07.747Z</time></wpt>
    <wpt lat="37.40803" lon="-122.02684"><time>2026-01-01T12:16:09.189Z</time></wpt>
    <wpt lat="37.40811" lon="-122.02686"><time>2026-01-01T12:16:10.333Z</time></wpt>
    <wpt lat="37.40815" lon="-122.02687"><time>2026-01-01T12:16:10.905Z</time></wpt>
    <wpt lat="37.40827" lon="-122.0269"><time>2026-01-01T12:16:12.620Z</time></wpt>
    <wpt lat="37.40838" lon="-122.02691"><time>2026-01-01T12:16:14.167Z</time></wpt>
    <wpt lat="37.40845" lon="-122.02692"><time>2026-01-01T12:16:15.155Z</time></wpt>
    <wpt lat="37.40856" lon="-122.02692"><time>2026-01-01T12:16:16.698Z</time></wpt>
    <wpt lat="37.40868" lon="-122.02692"><time>2026-01-01T12:16:18.380Z</time></wpt>
    <wpt lat="37.40881" lon="-122.02691"><time>2026-01-01T12:16:20.207Z</time></wpt>
    <wpt lat="37.40892" lon="-122.02689"><time>2026-01-01T12:16:21.766Z</time></wpt>
    <wpt lat="37.40907" lon="-122.02685"><time>2026-01-01T12:16:23.916Z</time></wpt>
    <wpt lat="37.40918" lon="-122.02681"><time>2026-01-01T12:16:25.521Z</time></wpt>
    <wpt lat="37.41019" lon="-122.02648"><time>2026-01-01T12:16:40.154Z</time></wpt>
    <wpt lat="37.41035" lon="-122.02642"><time>2026-01-01T12:16:42.496Z</time></wpt>
    <wpt lat="37.41039" lon="-122.02641"><time>2026-01-01T12:16:43.068Z</time></wpt>
    <wpt lat="37.41051" lon="-122.02637"><time>2026-01-01T12:16:44.808Z</time></wpt>
    <wpt lat="37.41066" lon="-122.02632"><time>2026-01-01T12:16:46.984Z</time></wpt>
    <wpt lat="37.41069" lon="-122.02631"><time>2026-01-01T12:16:47.420Z</time></wpt>
    <wpt lat="37.41072" lon="-122.0263"><time>2026-01-01T12:16:47.855Z</time></wpt>
    <wpt lat="37.41084" lon="-122.02625"><time>2026-01-01T12:16:49.627Z</time></wpt>
    <wpt lat="37.41092" lon="-122.02623"><time>2026-01-01T12:16:50.771Z</time></wpt>
    <wpt lat="37.41101" lon="-122.0262"><time>2026-01-01T12:16:52.077Z</time></wpt>
    <wpt lat="37.41111" lon="-122.02618"><time>2026-01-01T12:16:53.497Z</time></wpt>
    <wpt lat="37.41128" lon="-122.02614"><time>2026-01-01T12:16:55.922Z</time></wpt>
    <wpt lat="37.41139" lon="-122.02611"><time>2026-01-01T12:16:57.500Z</time></wpt>
    <wpt lat="37.4114" lon="-122.02611"><time>2026-01-01T12:16:57.641Z</time></wpt>
    <wpt lat="37.41153" lon="-122.02608"><time>2026-01-01T12:16:59.494Z</time></wpt>
    <wpt lat="37.4117" lon="-122.02604"><time>2026-01-01T12:17:01.919Z</time></wpt>
    <wpt lat="37.41198" lon="-122.02595"><time>2026-01-01T12:17:05.972Z</time></wpt>
    <wpt lat="37.41209" lon="-122.02591"><time>2026-01-01T12:17:07.578Z</time></wpt>
    <wpt lat="37.41216" lon="-122.02588"><time>2026-01-01T12:17:08.615Z</time></wpt>
    <wpt lat="37.41217" lon="-122.02588"><time>2026-01-01T12:17:08.755Z</time></wpt>
    <wpt lat="37.41282" lon="-122.02567"><time>2026-01-01T12:17:18.165Z</time></wpt>
    <wpt lat="37.41287" lon="-122.02565"><time>2026-01-01T12:17:18.901Z</time></wpt>
    <wpt lat="37.41323" lon="-122.02553"><time>2026-01-01T12:17:24.124Z</time></wpt>
    <wpt lat="37.41331" lon="-122.0255"><time>2026-01-01T12:17:25.294Z</time></wpt>
    <wpt lat="37.41384" lon="-122.02532"><time>2026-01-01T12:17:32.992Z</time></wpt>
    <wpt lat="37.41385" lon="-122.02532"><time>2026-01-01T12:17:33.133Z</time></wpt>
    <wpt lat="37.41395" lon="-122.02529"><time>2026-01-01T12:17:34.574Z</time></wpt>
    <wpt lat="37.41407" lon="-122.02525"><time>2026-01-01T12:17:36.315Z</time></wpt>
    <wpt lat="37.4141" lon="-122.02524"><time>2026-01-01T12:17:36.750Z</time></wpt>
    <wpt lat="37.41412" lon="-122.02523"><time>2026-01-01T12:17:37.052Z</time></wpt>
    <wpt lat="37.41414" lon="-122.02523"><time>2026-01-01T12:17:37.333Z</time></wpt>
    <wpt lat="37.41417" lon="-122.02522"><time>2026-01-01T12:17:37.768Z</time></wpt>
    <wpt lat="37.41422" lon="-122.0252"><time>2026-01-01T12:17:38.503Z</time></wpt>
    <wpt lat="37.4142249" lon="-122.0252023"><time>2026-01-01T12:17:38.577Z</time></wpt>
    <wpt lat="37.41436" lon="-122.02516"><time>2026-01-01T12:17:40.529Z</time></wpt>
    <wpt lat="37.4144" lon="-122.02534"><time>2026-01-01T12:17:42.611Z</time></wpt>
    <wpt lat="37.41444" lon="-122.02555"><time>2026-01-01T12:17:45.016Z</time></wpt>
    <wpt lat="37.41452" lon="-122.02598"><time>2026-01-01T12:17:49.936Z</time></wpt>
    <wpt lat="37.41457" lon="-122.02623"><time>2026-01-01T12:17:52.807Z</time></wpt>
    <wpt lat="37.41463" lon="-122.02651"><time>2026-01-01T12:17:56.037Z</time></wpt>
    <wpt lat="37.41465" lon="-122.0266"><time>2026-01-01T12:17:57.078Z</time></wpt>
    <wpt lat="37.41468" lon="-122.0267"><time>2026-01-01T12:17:58.269Z</time></wpt>
    <wpt lat="37.41486" lon="-122.02754"><time>2026-01-01T12:18:07.960Z</time></wpt>
    <wpt lat="37.41494" lon="-122.02786"><time>2026-01-01T12:18:11.696Z</time></wpt>
    <wpt lat="37.41509" lon="-122.0286"><time>2026-01-01T12:18:20.203Z</time></wpt>
    <wpt lat="37.41527" lon="-122.02957"><time>2026-01-01T12:18:31.298Z</time></wpt>
    <wpt lat="37.41545" lon="-122.03033"><time>2026-01-01T12:18:40.131Z</time></wpt>
    <wpt lat="37.41569" lon="-122.03155"><time>2026-01-01T12:18:54.131Z</time></wpt>
    <wpt lat="37.41594" lon="-122.03267"><time>2026-01-01T12:19:07.089Z</time></wpt>
    <wpt lat="37.41618" lon="-122.03378"><time>2026-01-01T12:19:19.902Z</time></wpt>
    <wpt lat="37.41655" lon="-122.03554"><time>2026-01-01T12:19:40.180Z</time></wpt>
    <wpt lat="37.4165486" lon="-122.035536"><time>2026-01-01T12:19:40.229Z</time></wpt>
    <wpt lat="37.41658" lon="-122.03566"><time>2026-01-01T12:19:41.679Z</time></wpt>
    <wpt lat="37.41647" lon="-122.03569"><time>2026-01-01T12:19:43.257Z</time></wpt>
    <wpt lat="37.41645" lon="-122.03557"><time>2026-01-01T12:19:44.623Z</time></wpt>
    <wpt lat="37.41628" lon="-122.03478"><time>2026-01-01T12:19:53.739Z</time></wpt>
    <wpt lat="37.4162772" lon="-122.0347822"><time>2026-01-01T12:19:53.785Z</time></wpt>
    <wpt lat="37.4162772" lon="-122.0347822"><time>2026-01-01T12:19:53.785Z</time></wpt>
    <wpt lat="37.41584954048625" lon="-122.03492834466675"><name>L2</name><time>2026-01-01T12:20:00Z</time></wpt>
    <wpt lat="37.4162772" lon="-122.0347822"><time>2026-01-01T12:20:05.870Z</time></wpt>
    <wpt lat="37.41615" lon="-122.0342"><time>2026-01-01T12:20:13.209Z</time></wpt>
    <wpt lat="37.41604" lon="-122.03363"><time>2026-01-01T12:20:19.080Z</time></wpt>
    <wpt lat="37.41595" lon="-122.03313"><time>2026-01-01T12:20:24.951Z</time></wpt>
    <wpt lat="37.41585" lon="-122.03271"><time>2026-01-01T12:20:29.354Z</time></wpt>
    <wpt lat="37.4156" lon="-122.03158"><time>2026-01-01T12:20:42.564Z</time></wpt>
    <wpt lat="37.41555" lon="-122.03129"><time>2026-01-01T12:20:45.500Z</time></wpt>
    <wpt lat="37.41546" lon="-122.03088"><time>2026-01-01T12:20:51.370Z</time></wpt>
    <wpt lat="37.41539" lon="-122.03056"><time>2026-01-01T12:20:54.306Z</time></wpt>
    <wpt lat="37.41537" lon="-122.03049"><time>2026-01-01T12:20:55.774Z</time></wpt>
    <wpt lat="37.41534" lon="-122.03038"><time>2026-01-01T12:20:57.241Z</time></wpt>
    <wpt lat="37.41521" lon="-122.0298"><time>2026-01-01T12:21:03.112Z</time></wpt>
    <wpt lat="37.41504" lon="-122.02898"><time>2026-01-01T12:21:13.387Z</time></wpt>
    <wpt lat="37.41498" lon="-122.02868"><time>2026-01-01T12:21:16.322Z</time></wpt>
    <wpt lat="37.41496" lon="-122.02858"><time>2026-01-01T12:21:17.790Z</time></wpt>
    <wpt lat="37.41481" lon="-122.02791"><time>2026-01-01T12:21:25.129Z</time></wpt>
    <wpt lat="37.41476" lon="-122.02768"><time>2026-01-01T12:21:28.064Z</time></wpt>
    <wpt lat="37.41468" lon="-122.02732"><time>2026-01-01T12:21:32.467Z</time></wpt>
    <wpt lat="37.41456" lon="-122.02675"><time>2026-01-01T12:21:38.338Z</time></wpt>
    <wpt lat="37.41447" lon="-122.02634"><time>2026-01-01T12:21:42.741Z</time></wpt>
    <wpt lat="37.41433" lon="-122.02568"><time>2026-01-01T12:21:50.080Z</time></wpt>
    <wpt lat="37.4143261" lon="-122.0256811"><time>2026-01-01T12:21:51.548Z</time></wpt>
    <wpt lat="37.41426" lon="-122.02562"><time>2026-01-01T12:21:53.016Z</time></wpt>
    <wpt lat="37.41423" lon="-122.02559"><time>2026-01-01T12:21:54.483Z</time></wpt>
    <wpt lat="37.41419" lon="-122.02555"><time>2026-01-01T12:21:55.951Z</time></wpt>
    <wpt lat="37.41416" lon="-122.02553"><time>2026-01-01T12:21:57.419Z</time></wpt>
    <wpt lat="37.41413" lon="-122.02552"><time>2026-01-01T12:21:58.887Z</time></wpt>
    <wpt lat="37.4141" lon="-122.02551"><time>2026-01-01T12:22:00.354Z</time></wpt>
    <wpt lat="37.41407" lon="-122.0255"><time>2026-01-01T12:22:01.822Z</time></wpt>
    <wpt lat="37.41405" lon="-122.02549"><time>2026-01-01T12:22:03.290Z</time></wpt>
    <wpt lat="37.414" lon="-122.02547"><time>2026-01-01T12:22:04.758Z</time></wpt>
    <wpt lat="37.41397" lon="-122.02548"><time>2026-01-01T12:22:06.225Z</time></wpt>
    <wpt lat="37.41361" lon="-122.02561"><time>2026-01-01T12:22:07.693Z</time></wpt>
    <wpt lat="37.41359" lon="-122.02562"><time>2026-01-01T12:22:09.161Z</time></wpt>
    <wpt lat="37.41355" lon="-122.02564"><time>2026-01-01T12:22:10.629Z</time></wpt>
    <wpt lat="37.41351" lon="-122.02565"><time>2026-01-01T12:22:12.096Z</time></wpt>
    <wpt lat="37.41281" lon="-122.02588"><time>2026-01-01T12:22:13.564Z</time></wpt>
    <wpt lat="37.41267" lon="-122.02593"><time>2026-01-01T12:22:15.032Z</time></wpt>
    <wpt lat="37.41244" lon="-122.026"><time>2026-01-01T12:22:17.967Z</time></wpt>
    <wpt lat="37.41229" lon="-122.02605"><time>2026-01-01T12:22:20.903Z</time></wpt>
    <wpt lat="37.41206" lon="-122.02611"><time>2026-01-01T12:22:23.838Z</time></wpt>
    <wpt lat="37.41161" lon="-122.02624"><time>2026-01-01T12:22:31.177Z</time></wpt>
    <wpt lat="37.41131" lon="-122.02632"><time>2026-01-01T12:22:34.112Z</time></wpt>
    <wpt lat="37.41123" lon="-122.02635"><time>2026-01-01T12:22:35.580Z</time></wpt>
    <wpt lat="37.41121" lon="-122.02636"><time>2026-01-01T12:22:37.048Z</time></wpt>
    <wpt lat="37.41094" lon="-122.02644"><time>2026-01-01T12:22:39.983Z</time></wpt>
    <wpt lat="37.41082" lon="-122.02648"><time>2026-01-01T12:22:41.451Z</time></wpt>
    <wpt lat="37.41072" lon="-122.02651"><time>2026-01-01T12:22:42.919Z</time></wpt>
    <wpt lat="37.41071" lon="-122.02652"><time>2026-01-01T12:22:44.387Z</time></wpt>
    <wpt lat="37.4107" lon="-122.02652"><time>2026-01-01T12:22:45.854Z</time></wpt>
    <wpt lat="37.41056" lon="-122.02657"><time>2026-01-01T12:22:47.322Z</time></wpt>
    <wpt lat="37.41044" lon="-122.02661"><time>2026-01-01T12:22:48.790Z</time></wpt>
    <wpt lat="37.41027" lon="-122.02667"><time>2026-01-01T12:22:50.258Z</time></wpt>
    <wpt lat="37.41026" lon="-122.02667"><time>2026-01-01T12:22:51.725Z</time></wpt>
    <wpt lat="37.41024" lon="-122.02668"><time>2026-01-01T12:22:53.193Z</time></wpt>
    <wpt lat="37.41014" lon="-122.02671"><time>2026-01-01T12:22:54.661Z</time></wpt>
    <wpt lat="37.41006" lon="-122.02674"><time>2026-01-01T12:22:56.129Z</time></wpt>
    <wpt lat="37.40928" lon="-122.027"><time>2026-01-01T12:23:03.467Z</time></wpt>
    <wpt lat="37.40922" lon="-122.02702"><time>2026-01-01T12:23:04.935Z</time></wpt>
    <wpt lat="37.40914" lon="-122.02705"><time>2026-01-01T12:23:06.403Z</time></wpt>
    <wpt lat="37.40902" lon="-122.02708"><time>2026-01-01T12:23:07.870Z</time></wpt>
    <wpt lat="37.40893" lon="-122.0271"><time>2026-01-01T12:23:09.338Z</time></wpt>
    <wpt lat="37.40885" lon="-122.02711"><time>2026-01-01T12:23:10.806Z</time></wpt>
    <wpt lat="37.40884" lon="-122.02712"><time>2026-01-01T12:23:12.274Z</time></wpt>
    <wpt lat="37.40872" lon="-122.02713"><time>2026-01-01T12:23:13.741Z</time></wpt>
    <wpt lat="37.40861" lon="-122.02713"><time>2026-01-01T12:23:15.209Z</time></wpt>
    <wpt lat="37.40843" lon="-122.02712"><time>2026-01-01T12:23:16.677Z</time></wpt>
    <wpt lat="37.40828" lon="-122.02709"><time>2026-01-01T12:23:18.145Z</time></wpt>
    <wpt lat="37.40812" lon="-122.02705"><time>2026-01-01T12:23:21.080Z</time></wpt>
    <wpt lat="37.40811" lon="-122.02705"><time>2026-01-01T12:23:22.548Z</time></wpt>
    <wpt lat="37.4079" lon="-122.02697"><time>2026-01-01T12:23:24.016Z</time></wpt>
    <wpt lat="37.40787" lon="-122.02695"><time>2026-01-01T12:23:25.483Z</time></wpt>
    <wpt lat="37.40765" lon="-122.02685"><time>2026-01-01T12:23:26.951Z</time></wpt>
    <wpt lat="37.40751" lon="-122.02679"><time>2026-01-01T12:23:29.887Z</time></wpt>
    <wpt lat="37.40731" lon="-122.02671"><time>2026-01-01T12:23:32.822Z</time></wpt>
    <wpt lat="37.40726" lon="-122.02668"><time>2026-01-01T12:23:34.290Z</time></wpt>
    <wpt lat="37.40712" lon="-122.02663"><time>2026-01-01T12:23:35.758Z</time></wpt>
    <wpt lat="37.40692" lon="-122.02652"><time>2026-01-01T12:23:38.693Z</time></wpt>
    <wpt lat="37.4067" lon="-122.02643"><time>2026-01-01T12:23:41.629Z</time></wpt>
    <wpt lat="37.40667" lon="-122.02641"><time>2026-01-01T12:23:43.096Z</time></wpt>
    <wpt lat="37.40665" lon="-122.02641"><time>2026-01-01T12:23:44.564Z</time></wpt>
    <wpt lat="37.40663" lon="-122.0264"><time>2026-01-01T12:23:46.032Z</time></wpt>
    <wpt lat="37.4066" lon="-122.02639"><time>2026-01-01T12:23:47.500Z</time></wpt>
    <wpt lat="37.40657" lon="-122.02638"><time>2026-01-01T12:23:48.967Z</time></wpt>
    <wpt lat="37.40654" lon="-122.02637"><time>2026-01-01T12:23:50.435Z</time></wpt>
    <wpt lat="37.40651" lon="-122.02636"><time>2026-01-01T12:23:51.903Z</time></wpt>
    <wpt lat="37.40648" lon="-122.02635"><time>2026-01-01T12:23:53.370Z</time></wpt>
    <wpt lat="37.40645" lon="-122.02634"><time>2026-01-01T12:23:54.838Z</time></wpt>
    <wpt lat="37.40642" lon="-122.02633"><time>2026-01-01T12:23:56.306Z</time></wpt>
    <wpt lat="37.40641" lon="-122.02633"><time>2026-01-01T12:23:57.774Z</time></wpt>
    <wpt lat="37.4064" lon="-122.02632"><time>2026-01-01T12:23:59.241Z</time></wpt>
    <wpt lat="37.40638" lon="-122.02632"><time>2026-01-01T12:24:00.709Z</time></wpt>
    <wpt lat="37.40633" lon="-122.0263"><time>2026-01-01T12:24:02.177Z</time></wpt>
    <wpt lat="37.40629" lon="-122.02629"><time>2026-01-01T12:24:03.645Z</time></wpt>
    <wpt lat="37.40625" lon="-122.02628"><time>2026-01-01T12:24:05.112Z</time></wpt>
    <wpt lat="37.40622" lon="-122.02627"><time>2026-01-01T12:24:06.580Z</time></wpt>
    <wpt lat="37.4062" lon="-122.02626"><time>2026-01-01T12:24:08.048Z</time></wpt>
    <wpt lat="37.40615" lon="-122.02625"><time>2026-01-01T12:24:09.516Z</time></wpt>
    <wpt lat="37.40607" lon="-122.02623"><time>2026-01-01T12:24:10.983Z</time></wpt>
    <wpt lat="37.40602" lon="-122.02622"><time>2026-01-01T12:24:12.451Z</time></wpt>
    <wpt lat="37.40598" lon="-122.02622"><time>2026-01-01T12:24:13.919Z</time></wpt>
    <wpt lat="37.40594" lon="-122.02621"><time>2026-01-01T12:24:15.387Z</time></wpt>
    <wpt lat="37.40591" lon="-122.02621"><time>2026-01-01T12:24:16.854Z</time></wpt>
    <wpt lat="37.40588" lon="-122.0262"><time>2026-01-01T12:24:18.322Z</time></wpt>
    <wpt lat="37.40585" lon="-122.0262"><time>2026-01-01T12:24:19.790Z</time></wpt>
    <wpt lat="37.40578" lon="-122.0262"><time>2026-01-01T12:24:21.258Z</time></wpt>
    <wpt lat="37.40574" lon="-122.02619"><time>2026-01-01T12:24:22.725Z</time></wpt>
    <wpt lat="37.4057" lon="-122.02619"><time>2026-01-01T12:24:24.193Z</time></wpt>
    <wpt lat="37.40566" lon="-122.02619"><time>2026-01-01T12:24:25.661Z</time></wpt>
    <wpt lat="37.4056" lon="-122.02619"><time>2026-01-01T12:24:27.129Z</time></wpt>
    <wpt lat="37.40556" lon="-122.02618"><time>2026-01-01T12:24:28.596Z</time></wpt>
    <wpt lat="37.40548" lon="-122.02618"><time>2026-01-01T12:24:30.064Z</time></wpt>
    <wpt lat="37.40542" lon="-122.02619"><time>2026-01-01T12:24:31.532Z</time></wpt>
    <wpt lat="37.40537" lon="-122.02619"><time>2026-01-01T12:24:33Z</time></wpt>
    <wpt lat="37.40532" lon="-122.02619"><time>2026-01-01T12:24:34.467Z</time></wpt>
    <wpt lat="37.40529" lon="-122.0262"><time>2026-01-01T12:24:35.935Z</time></wpt>
    <wpt lat="37.40525" lon="-122.0262"><time>2026-01-01T12:24:37.403Z</time></wpt>
    <wpt lat="37.4052" lon="-122.02621"><time>2026-01-01T12:24:38.870Z</time></wpt>
    <wpt lat="37.40516" lon="-122.02621"><time>2026-01-01T12:24:40.338Z</time></wpt>
    <wpt lat="37.40511" lon="-122.02622"><time>2026-01-01T12:24:41.806Z</time></wpt>
    <wpt lat="37.40505" lon="-122.02623"><time>2026-01-01T12:24:43.274Z</time></wpt>
    <wpt lat="37.40499" lon="-122.02625"><time>2026-01-01T12:24:44.741Z</time></wpt>
    <wpt lat="37.40491" lon="-122.02626"><time>2026-01-01T12:24:46.209Z</time></wpt>
    <wpt lat="37.40484" lon="-122.02628"><time>2026-01-01T12:24:47.677Z</time></wpt>
    <wpt lat="37.40475" lon="-122.02631"><time>2026-01-01T12:24:49.145Z</time></wpt>
    <wpt lat="37.40467" lon="-122.02633"><time>2026-01-01T12:24:50.612Z</time></wpt>
    <wpt lat="37.40456" lon="-122.02636"><time>2026-01-01T12:24:52.080Z</time></wpt>
    <wpt lat="37.40454" lon="-122.02637"><time>2026-01-01T12:24:53.548Z</time></wpt>
    <wpt lat="37.40423" lon="-122.02646"><time>2026-01-01T12:24:55.016Z</time></wpt>
    <wpt lat="37.40421" lon="-122.02647"><time>2026-01-01T12:24:56.483Z</time></wpt>
    <wpt lat="37.40398" lon="-122.02653"><time>2026-01-01T12:24:57.951Z</time></wpt>
    <wpt lat="37.40373" lon="-122.02659"><time>2026-01-01T12:24:59.419Z</time></wpt>
    <wpt lat="37.40371" lon="-122.0266"><time>2026-01-01T12:25:00.887Z</time></wpt>
    <wpt lat="37.4036" lon="-122.02663"><time>2026-01-01T12:25:02.354Z</time></wpt>
    <wpt lat="37.4035958" lon="-122.0266303"><time>2026-01-01T12:25:03.822Z</time></wpt>
    <wpt lat="37.40352" lon="-122.0268"><time>2026-01-01T12:25:05.290Z</time></wpt>
    <wpt lat="37.40349" lon="-122.02684"><time>2026-01-01T12:25:06.758Z</time></wpt>
    <wpt lat="37.40348" lon="-122.02687"><time>2026-01-01T12:25:08.225Z</time></wpt>
    <wpt lat="37.40346" lon="-122.02692"><time>2026-01-01T12:25:09.693Z</time></wpt>
    <wpt lat="37.40343" lon="-122.02699"><time>2026-01-01T12:25:11.161Z</time></wpt>
    <wpt lat="37.4034" lon="-122.02708"><time>2026-01-01T12:25:11.661Z</time></wpt>
    <wpt lat="37.40338" lon="-122.02716"><time>2026-01-01T12:25:12.161Z</time></wpt>
    <wpt lat="37.40336" lon="-122.02723"><time>2026-01-01T12:25:12.661Z</time></wpt>
    <wpt lat="37.40324" lon="-122.02763"><time>2026-01-01T12:25:13.161Z</time></wpt>
    <wpt lat="37.40313" lon="-122.02801"><time>2026-01-01T12:25:13.661Z</time></wpt>
    <wpt lat="37.40305" lon="-122.02825"><time>2026-01-01T12:25:14.161Z</time></wpt>
    <wpt lat="37.40295" lon="-122.02856"><time>2026-01-01T12:25:14.661Z</time></wpt>
    <wpt lat="37.40291" lon="-122.02869"><time>2026-01-01T12:25:15.161Z</time></wpt>
    <wpt lat="37.40285" lon="-122.02888"><time>2026-01-01T12:25:15.661Z</time></wpt>
    <wpt lat="37.40281" lon="-122.02899"><time>2026-01-01T12:25:16.161Z</time></wpt>
    <wpt lat="37.40271" lon="-122.02933"><time>2026-01-01T12:25:16.661Z</time></wpt>
    <wpt lat="37.40269" lon="-122.02938"><time>2026-01-01T12:25:17.161Z</time></wpt>
    <wpt lat="37.40267" lon="-122.02944"><time>2026-01-01T12:25:17.661Z</time></wpt>
    <wpt lat="37.40263" lon="-122.02957"><time>2026-01-01T12:25:18.161Z</time></wpt>
    <wpt lat="37.40263" lon="-122.02958"><time>2026-01-01T12:25:18.661Z</time></wpt>
    <wpt lat="37.40262" lon="-122.0296"><time>2026-01-01T12:25:19.161Z</time></wpt>
    <wpt lat="37.40257" lon="-122.02978"><time>2026-01-01T12:25:19.661Z</time></wpt>
    <wpt lat="37.40256" lon="-122.02978"><time>2026-01-01T12:25:20.161Z</time></wpt>
    <wpt lat="37.40247" lon="-122.02989"><time>2026-01-01T12:25:20.661Z</time></wpt>
    <wpt lat="37.40238" lon="-122.03025"><time>2026-01-01T12:25:21.161Z</time></wpt>
    <wpt lat="37.40225" lon="-122.03074"><time>2026-01-01T12:25:21.661Z</time></wpt>
    <wpt lat="37.40198" lon="-122.03183"><time>2026-01-01T12:25:22.161Z</time></wpt>
    <wpt lat="37.40194" lon="-122.03201"><time>2026-01-01T12:25:22.661Z</time></wpt>
    <wpt lat="37.4019" lon="-122.03217"><time>2026-01-01T12:25:23.161Z</time></wpt>
    <wpt lat="37.40186" lon="-122.03234"><time>2026-01-01T12:25:23.661Z</time></wpt>
    <wpt lat="37.40184" lon="-122.03239"><time>2026-01-01T12:25:24.161Z</time></wpt>
    <wpt lat="37.40182" lon="-122.03248"><time>2026-01-01T12:25:24.661Z</time></wpt>
    <wpt lat="37.40177" lon="-122.03266"><time>2026-01-01T12:25:25.161Z</time></wpt>
    <wpt lat="37.40173" lon="-122.0328"><time>2026-01-01T12:25:25.661Z</time></wpt>
    <wpt lat="37.4017" lon="-122.03293"><time>2026-01-01T12:25:26.161Z</time></wpt>
    <wpt lat="37.40164" lon="-122.03312"><time>2026-01-01T12:25:26.661Z</time></wpt>
    <wpt lat="37.40156" lon="-122.03339"><time>2026-01-01T12:25:27.161Z</time></wpt>
    <wpt lat="37.40151" lon="-122.03355"><time>2026-01-01T12:25:27.661Z</time></wpt>
    <wpt lat="37.40145" lon="-122.03374"><time>2026-01-01T12:25:28.161Z</time></wpt>
    <wpt lat="37.40142" lon="-122.03383"><time>2026-01-01T12:25:28.661Z</time></wpt>
    <wpt lat="37.40138" lon="-122.03394"><time>2026-01-01T12:25:29.161Z</time></wpt>
    <wpt lat="37.40134" lon="-122.03407"><time>2026-01-01T12:25:29.661Z</time></wpt>
    <wpt lat="37.40129" lon="-122.0342"><time>2026-01-01T12:25:30.161Z</time></wpt>
    <wpt lat="37.40123" lon="-122.03439"><time>2026-01-01T12:25:30.661Z</time></wpt>
    <wpt lat="37.40117" lon="-122.03454"><time>2026-01-01T12:25:31.161Z</time></wpt>
    <wpt lat="37.40113" lon="-122.03466"><time>2026-01-01T12:25:31.661Z</time></wpt>
    <wpt lat="37.40102" lon="-122.03496"><time>2026-01-01T12:25:32.161Z</time></wpt>
    <wpt lat="37.40098" lon="-122.03507"><time>2026-01-01T12:25:32.661Z</time></wpt>
    <wpt lat="37.40093" lon="-122.0352"><time>2026-01-01T12:25:33.161Z</time></wpt>
    <wpt lat="37.40086" lon="-122.03536"><time>2026-01-01T12:25:33.661Z</time></wpt>
    <wpt lat="37.40049" lon="-122.03626"><time>2026-01-01T12:25:35.161Z</time></wpt>
    <wpt lat="37.40042" lon="-122.0364"><time>2026-01-01T12:25:35.661Z</time></wpt>
    <wpt lat="37.40035" lon="-122.03655"><time>2026-01-01T12:25:36.661Z</time></wpt>
    <wpt lat="37.40032" lon="-122.03661"><time>2026-01-01T12:25:37.161Z</time></wpt>
    <wpt lat="37.40024" lon="-122.03677"><time>2026-01-01T12:25:37.661Z</time></wpt>
    <wpt lat="37.40017" lon="-122.03693"><time>2026-01-01T12:25:38.161Z</time></wpt>
    <wpt lat="37.40015" lon="-122.03697"><time>2026-01-01T12:25:38.661Z</time></wpt>
    <wpt lat="37.40007" lon="-122.03713"><time>2026-01-01T12:25:39.161Z</time></wpt>
    <wpt lat="37.40001" lon="-122.03725"><time>2026-01-01T12:25:39.661Z</time></wpt>
    <wpt lat="37.39995" lon="-122.03735"><time>2026-01-01T12:25:40.161Z</time></wpt>
    <wpt lat="37.39985" lon="-122.03755"><time>2026-01-01T12:25:41.161Z</time></wpt>
    <wpt lat="37.39978" lon="-122.03768"><time>2026-01-01T12:25:41.661Z</time></wpt>
    <wpt lat="37.39971" lon="-122.03781"><time>2026-01-01T12:25:42.161Z</time></wpt>
    <wpt lat="37.39965" lon="-122.03793"><time>2026-01-01T12:25:42.661Z</time></wpt>
    <wpt lat="37.39956" lon="-122.03811"><time>2026-01-01T12:25:43.661Z</time></wpt>
    <wpt lat="37.39949" lon="-122.03824"><time>2026-01-01T12:25:44.161Z</time></wpt>
    <wpt lat="37.39943" lon="-122.03835"><time>2026-01-01T12:25:44.661Z</time></wpt>
    <wpt lat="37.39928" lon="-122.03864"><time>2026-01-01T12:25:45.661Z</time></wpt>
    <wpt lat="37.39921" lon="-122.03878"><time>2026-01-01T12:25:46.661Z</time></wpt>
    <wpt lat="37.39914" lon="-122.03892"><time>2026-01-01T12:25:47.161Z</time></wpt>
    <wpt lat="37.39907" lon="-122.03905"><time>2026-01-01T12:25:47.661Z</time></wpt>
    <wpt lat="37.39906" lon="-122.03906"><time>2026-01-01T12:25:48.161Z</time></wpt>
    <wpt lat="37.39878" lon="-122.03961"><time>2026-01-01T12:25:50.161Z</time></wpt>
    <wpt lat="37.39877" lon="-122.03962"><time>2026-01-01T12:25:50.661Z</time></wpt>
    <wpt lat="37.39871" lon="-122.03974"><time>2026-01-01T12:25:51.161Z</time></wpt>
    <wpt lat="37.39863" lon="-122.03989"><time>2026-01-01T12:25:51.661Z</time></wpt>
    <wpt lat="37.39856" lon="-122.04002"><time>2026-01-01T12:25:52.161Z</time></wpt>
    <wpt lat="37.39835" lon="-122.04044"><time>2026-01-01T12:25:54.161Z</time></wpt>
    <wpt lat="37.39813" lon="-122.04085"><time>2026-01-01T12:25:55.661Z</time></wpt>
    <wpt lat="37.39806" lon="-122.04099"><time>2026-01-01T12:25:56.661Z</time></wpt>
    <wpt lat="37.39799" lon="-122.04112"><time>2026-01-01T12:25:57.161Z</time></wpt>
    <wpt lat="37.39799" lon="-122.04113"><time>2026-01-01T12:25:57.661Z</time></wpt>
    <wpt lat="37.39785" lon="-122.0414"><time>2026-01-01T12:25:58.161Z</time></wpt>
    <wpt lat="37.39759" lon="-122.0419"><time>2026-01-01T12:26:00.661Z</time></wpt>
    <wpt lat="37.39757" lon="-122.04193"><time>2026-01-01T12:26:01.161Z</time></wpt>
    <wpt lat="37.39749" lon="-122.0421"><time>2026-01-01T12:26:01.661Z</time></wpt>
    <wpt lat="37.39739" lon="-122.04228"><time>2026-01-01T12:26:02.161Z</time></wpt>
    <wpt lat="37.39721" lon="-122.04264"><time>2026-01-01T12:26:03.661Z</time></wpt>
    <wpt lat="37.3972" lon="-122.04264"><time>2026-01-01T12:26:04.161Z</time></wpt>
    <wpt lat="37.39705" lon="-122.04294"><time>2026-01-01T12:26:05.161Z</time></wpt>
    <wpt lat="37.39692" lon="-122.0432"><time>2026-01-01T12:26:06.661Z</time></wpt>
    <wpt lat="37.39684" lon="-122.04335"><time>2026-01-01T12:26:07.161Z</time></wpt>
    <wpt lat="37.39675" lon="-122.04352"><time>2026-01-01T12:26:07.661Z</time></wpt>
    <wpt lat="37.3967" lon="-122.04362"><time>2026-01-01T12:26:08.161Z</time></wpt>
    <wpt lat="37.39663" lon="-122.04376"><time>2026-01-01T12:26:09.161Z</time></wpt>
    <wpt lat="37.39657" lon="-122.04389"><time>2026-01-01T12:26:09.661Z</time></wpt>
    <wpt lat="37.39648" lon="-122.04405"><time>2026-01-01T12:26:10.161Z</time></wpt>
    <wpt lat="37.39633" lon="-122.04433"><time>2026-01-01T12:26:11.661Z</time></wpt>
    <wpt lat="37.39624" lon="-122.0445"><time>2026-01-01T12:26:12.161Z</time></wpt>
    <wpt lat="37.39616" lon="-122.04466"><time>2026-01-01T12:26:13.161Z</time></wpt>
    <wpt lat="37.39606" lon="-122.04482"><time>2026-01-01T12:26:13.661Z</time></wpt>
    <wpt lat="37.39596" lon="-122.04499"><time>2026-01-01T12:26:14.661Z</time></wpt>
    <wpt lat="37.3959" lon="-122.04511"><time>2026-01-01T12:26:15.161Z</time></wpt>
    <wpt lat="37.39583" lon="-122.04522"><time>2026-01-01T12:26:15.661Z</time></wpt>
    <wpt lat="37.39575" lon="-122.04535"><time>2026-01-01T12:26:16.161Z</time></wpt>
    <wpt lat="37.39565" lon="-122.0455"><time>2026-01-01T12:26:17.161Z</time></wpt>
    <wpt lat="37.39545" lon="-122.04581"><time>2026-01-01T12:26:18.661Z</time></wpt>
    <wpt lat="37.39532" lon="-122.04601"><time>2026-01-01T12:26:19.661Z</time></wpt>
    <wpt lat="37.39491" lon="-122.0466"><time>2026-01-01T12:26:22.661Z</time></wpt>
    <wpt lat="37.39455" lon="-122.04711"><time>2026-01-01T12:26:25.161Z</time></wpt>
    <wpt lat="37.3942" lon="-122.0476"><time>2026-01-01T12:26:27.661Z</time></wpt>
    <wpt lat="37.39403" lon="-122.04784"><time>2026-01-01T12:26:28.661Z</time></wpt>
    <wpt lat="37.39402" lon="-122.04786"><time>2026-01-01T12:26:29.161Z</time></wpt>
    <wpt lat="37.39393" lon="-122.04798"><time>2026-01-01T12:26:29.661Z</time></wpt>
    <wpt lat="37.3939" lon="-122.04802"><time>2026-01-01T12:26:30.161Z</time></wpt>
    <wpt lat="37.39385" lon="-122.0481"><time>2026-01-01T12:26:30.661Z</time></wpt>
    <wpt lat="37.39368" lon="-122.04835"><time>2026-01-01T12:26:31.161Z</time></wpt>
    <wpt lat="37.39359" lon="-122.04848"><time>2026-01-01T12:26:32.161Z</time></wpt>
    <wpt lat="37.3935" lon="-122.0486"><time>2026-01-01T12:26:32.661Z</time></wpt>
    <wpt lat="37.39333" lon="-122.04885"><time>2026-01-01T12:26:33.661Z</time></wpt>
    <wpt lat="37.39316" lon="-122.0491"><time>2026-01-01T12:26:35.161Z</time></wpt>
    <wpt lat="37.39308" lon="-122.04922"><time>2026-01-01T12:26:35.661Z</time></wpt>
    <wpt lat="37.393" lon="-122.04935"><time>2026-01-01T12:26:36.161Z</time></wpt>
    <wpt lat="37.39281" lon="-122.04964"><time>2026-01-01T12:26:37.661Z</time></wpt>
    <wpt lat="37.39237" lon="-122.05031"><time>2026-01-01T12:26:40.661Z</time></wpt>
    <wpt lat="37.39221" lon="-122.05056"><time>2026-01-01T12:26:41.161Z</time></wpt>
    <wpt lat="37.39197" lon="-122.05094"><time>2026-01-01T12:26:41.661Z</time></wpt>
    <wpt lat="37.39188" lon="-122.05107"><time>2026-01-01T12:26:42.161Z</time></wpt>
    <wpt lat="37.39181" lon="-122.05119"><time>2026-01-01T12:26:42.661Z</time></wpt>
    <wpt lat="37.39172" lon="-122.05132"><time>2026-01-01T12:26:43.161Z</time></wpt>
    <wpt lat="37.39163" lon="-122.05147"><time>2026-01-01T12:26:43.661Z</time></wpt>
    <wpt lat="37.39155" lon="-122.05159"><time>2026-01-01T12:26:44.161Z</time></wpt>
    <wpt lat="37.39147" lon="-122.05171"><time>2026-01-01T12:26:44.661Z</time></wpt>
    <wpt lat="37.39139" lon="-122.05184"><time>2026-01-01T12:26:45.161Z</time></wpt>
    <wpt lat="37.39133" lon="-122.05193"><time>2026-01-01T12:26:45.661Z</time></wpt>
    <wpt lat="37.39123" lon="-122.05209"><time>2026-01-01T12:26:46.161Z</time></wpt>
    <wpt lat="37.39114" lon="-122.05222"><time>2026-01-01T12:26:46.661Z</time></wpt>
    <wpt lat="37.39107" lon="-122.05234"><time>2026-01-01T12:26:47.161Z</time></wpt>
    <wpt lat="37.39098" lon="-122.05247"><time>2026-01-01T12:26:47.661Z</time></wpt>
    <wpt lat="37.39089" lon="-122.05262"><time>2026-01-01T12:26:48.161Z</time></wpt>
    <wpt lat="37.39082" lon="-122.05273"><time>2026-01-01T12:26:48.661Z</time></wpt>
    <wpt lat="37.39065" lon="-122.05299"><time>2026-01-01T12:26:49.161Z</time></wpt>
    <wpt lat="37.39057" lon="-122.05312"><time>2026-01-01T12:26:49.661Z</time></wpt>
    <wpt lat="37.39022" lon="-122.05366"><time>2026-01-01T12:26:50.161Z</time></wpt>
    <wpt lat="37.38989" lon="-122.05418"><time>2026-01-01T12:26:50.661Z</time></wpt>
    <wpt lat="37.38975" lon="-122.05439"><time>2026-01-01T12:26:51.161Z</time></wpt>
    <wpt lat="37.38968" lon="-122.05451"><time>2026-01-01T12:26:51.661Z</time></wpt>
    <wpt lat="37.38958" lon="-122.05467"><time>2026-01-01T12:26:52.161Z</time></wpt>
    <wpt lat="37.3895" lon="-122.05479"><time>2026-01-01T12:26:52.661Z</time></wpt>
    <wpt lat="37.38942" lon="-122.05491"><time>2026-01-01T12:26:53.161Z</time></wpt>
    <wpt lat="37.38941" lon="-122.05493"><time>2026-01-01T12:26:53.661Z</time></wpt>
    <wpt lat="37.38933" lon="-122.05506"><time>2026-01-01T12:26:54.161Z</time></wpt>
    <wpt lat="37.38924" lon="-122.05519"><time>2026-01-01T12:26:54.661Z</time></wpt>
    <wpt lat="37.38917" lon="-122.05529"><time>2026-01-01T12:26:55.161Z</time></wpt>
    <wpt lat="37.38916" lon="-122.05531"><time>2026-01-01T12:26:55.661Z</time></wpt>
    <wpt lat="37.38908" lon="-122.05543"><time>2026-01-01T12:26:56.161Z</time></wpt>
    <wpt lat="37.389" lon="-122.05556"><time>2026-01-01T12:26:56.661Z</time></wpt>
    <wpt lat="37.38892" lon="-122.05569"><time>2026-01-01T12:26:57.161Z</time></wpt>
    <wpt lat="37.38884" lon="-122.05582"><time>2026-01-01T12:26:57.661Z</time></wpt>
    <wpt lat="37.38881" lon="-122.05586"><time>2026-01-01T12:26:58.161Z</time></wpt>
    <wpt lat="37.38875" lon="-122.05596"><time>2026-01-01T12:26:58.661Z</time></wpt>
    <wpt lat="37.38866" lon="-122.0561"><time>2026-01-01T12:26:59.161Z</time></wpt>
    <wpt lat="37.38856" lon="-122.05625"><time>2026-01-01T12:26:59.661Z</time></wpt>
    <wpt lat="37.38851" lon="-122.05633"><time>2026-01-01T12:27:00.161Z</time></wpt>
    <wpt lat="37.38847" lon="-122.05639"><time>2026-01-01T12:27:00.661Z</time></wpt>
    <wpt lat="37.38843" lon="-122.05646"><time>2026-01-01T12:27:01.161Z</time></wpt>
    <wpt lat="37.38834" lon="-122.05659"><time>2026-01-01T12:27:01.661Z</time></wpt>
    <wpt lat="37.3883" lon="-122.05666"><time>2026-01-01T12:27:02.161Z</time></wpt>
    <wpt lat="37.38827" lon="-122.0567"><time>2026-01-01T12:27:02.661Z</time></wpt>
    <wpt lat="37.38819" lon="-122.05683"><time>2026-01-01T12:27:03.161Z</time></wpt>
    <wpt lat="37.38809" lon="-122.05698"><time>2026-01-01T12:27:03.661Z</time></wpt>
    <wpt lat="37.38802" lon="-122.0571"><time>2026-01-01T12:27:04.161Z</time></wpt>
    <wpt lat="37.38789" lon="-122.05729"><time>2026-01-01T12:27:04.661Z</time></wpt>
    <wpt lat="37.38757" lon="-122.05779"><time>2026-01-01T12:27:05.161Z</time></wpt>
    <wpt lat="37.38745" lon="-122.05799"><time>2026-01-01T12:27:05.661Z</time></wpt>
    <wpt lat="37.3873" lon="-122.05822"><time>2026-01-01T12:27:06.161Z</time></wpt>
    <wpt lat="37.38725" lon="-122.0583"><time>2026-01-01T12:27:06.661Z</time></wpt>
    <wpt lat="37.38706" lon="-122.05858"><time>2026-01-01T12:27:07.161Z</time></wpt>
    <wpt lat="37.38698" lon="-122.05871"><time>2026-01-01T12:27:07.661Z</time></wpt>
    <wpt lat="37.38695" lon="-122.05875"><time>2026-01-01T12:27:08.161Z</time></wpt>
    <wpt lat="37.3869" lon="-122.05884"><time>2026-01-01T12:27:08.661Z</time></wpt>
    <wpt lat="37.38682" lon="-122.05897"><time>2026-01-01T12:27:09.161Z</time></wpt>
    <wpt lat="37.38675" lon="-122.0591"><time>2026-01-01T12:27:09.661Z</time></wpt>
    <wpt lat="37.38674" lon="-122.05911"><time>2026-01-01T12:27:10.161Z</time></wpt>
    <wpt lat="37.38667" lon="-122.05924"><time>2026-01-01T12:27:10.661Z</time></wpt>
    <wpt lat="37.3866" lon="-122.05938"><time>2026-01-01T12:27:11.161Z</time></wpt>
    <wpt lat="37.38654" lon="-122.05952"><time>2026-01-01T12:27:11.661Z</time></wpt>
    <wpt lat="37.38648" lon="-122.05966"><time>2026-01-01T12:27:12.161Z</time></wpt>
    <wpt lat="37.38642" lon="-122.05981"><time>2026-01-01T12:27:12.661Z</time></wpt>
    <wpt lat="37.38638" lon="-122.05993"><time>2026-01-01T12:27:13.161Z</time></wpt>
    <wpt lat="37.38636" lon="-122.05997"><time>2026-01-01T12:27:13.661Z</time></wpt>
    <wpt lat="37.38634" lon="-122.06005"><time>2026-01-01T12:27:14.161Z</time></wpt>
    <wpt lat="37.38631" lon="-122.06011"><time>2026-01-01T12:27:14.661Z</time></wpt>
    <wpt lat="37.38627" lon="-122.06027"><time>2026-01-01T12:27:15.161Z</time></wpt>
    <wpt lat="37.38626" lon="-122.06028"><time>2026-01-01T12:27:15.661Z</time></wpt>
    <wpt lat="37.38625" lon="-122.06034"><time>2026-01-01T12:27:16.161Z</time></wpt>
    <wpt lat="37.38622" lon="-122.06044"><time>2026-01-01T12:27:16.661Z</time></wpt>
    <wpt lat="37.3862" lon="-122.06053"><time>2026-01-01T12:27:17.161Z</time></wpt>
    <wpt lat="37.38615" lon="-122.06073"><time>2026-01-01T12:27:17.661Z</time></wpt>
    <wpt lat="37.38613" lon="-122.06084"><time>2026-01-01T12:27:18.161Z</time></wpt>
    <wpt lat="37.38611" lon="-122.06096"><time>2026-01-01T12:27:18.661Z</time></wpt>
    <wpt lat="37.38611" lon="-122.06099"><time>2026-01-01T12:27:19.161Z</time></wpt>
    <wpt lat="37.3861" lon="-122.06107"><time>2026-01-01T12:27:19.661Z</time></wpt>
    <wpt lat="37.38609" lon="-122.06114"><time>2026-01-01T12:27:20.161Z</time></wpt>
    <wpt lat="37.38608" lon="-122.06122"><time>2026-01-01T12:27:20.661Z</time></wpt>
    <wpt lat="37.38607" lon="-122.0613"><time>2026-01-01T12:27:21.161Z</time></wpt>
    <wpt lat="37.38606" lon="-122.06138"><time>2026-01-01T12:27:21.661Z</time></wpt>
    <wpt lat="37.38605" lon="-122.06144"><time>2026-01-01T12:27:22.161Z</time></wpt>
    <wpt lat="37.38605" lon="-122.06154"><time>2026-01-01T12:27:22.661Z</time></wpt>
    <wpt lat="37.38604" lon="-122.06163"><time>2026-01-01T12:27:23.161Z</time></wpt>
    <wpt lat="37.38604" lon="-122.06166"><time>2026-01-01T12:27:23.661Z</time></wpt>
    <wpt lat="37.38603" lon="-122.06177"><time>2026-01-01T12:27:24.161Z</time></wpt>
    <wpt lat="37.38602" lon="-122.06207"><time>2026-01-01T12:27:24.661Z</time></wpt>
    <wpt lat="37.38602" lon="-122.06217"><time>2026-01-01T12:27:25.161Z</time></wpt>
    <wpt lat="37.38601" lon="-122.06228"><time>2026-01-01T12:27:25.661Z</time></wpt>
    <wpt lat="37.38598" lon="-122.06303"><time>2026-01-01T12:27:26.161Z</time></wpt>
    <wpt lat="37.38597" lon="-122.06319"><time>2026-01-01T12:27:26.661Z</time></wpt>
    <wpt lat="37.38597" lon="-122.06334"><time>2026-01-01T12:27:27.161Z</time></wpt>
    <wpt lat="37.38596" lon="-122.06352"><time>2026-01-01T12:27:27.661Z</time></wpt>
    <wpt lat="37.38596" lon="-122.06357"><time>2026-01-01T12:27:28.161Z</time></wpt>
    <wpt lat="37.38595" lon="-122.06376"><time>2026-01-01T12:27:28.661Z</time></wpt>
    <wpt lat="37.38594" lon="-122.06383"><time>2026-01-01T12:27:29.161Z</time></wpt>
    <wpt lat="37.38592" lon="-122.06404"><time>2026-01-01T12:27:29.661Z</time></wpt>
    <wpt lat="37.3859" lon="-122.06415"><time>2026-01-01T12:27:30.161Z</time></wpt>
    <wpt lat="37.38588" lon="-122.06432"><time>2026-01-01T12:27:30.661Z</time></wpt>
    <wpt lat="37.38587" lon="-122.06436"><time>2026-01-01T12:27:31.161Z</time></wpt>
    <wpt lat="37.38586" lon="-122.06443"><time>2026-01-01T12:27:31.661Z</time></wpt>
    <wpt lat="37.38585" lon="-122.06449"><time>2026-01-01T12:27:32.161Z</time></wpt>
    <wpt lat="37.38584" lon="-122.06456"><time>2026-01-01T12:27:32.661Z</time></wpt>
    <wpt lat="37.38582" lon="-122.06468"><time>2026-01-01T12:27:33.161Z</time></wpt>
    <wpt lat="37.38577" lon="-122.06493"><time>2026-01-01T12:27:33.661Z</time></wpt>
    <wpt lat="37.38575" lon="-122.065"><time>2026-01-01T12:27:34.161Z</time></wpt>
    <wpt lat="37.38574" lon="-122.06504"><time>2026-01-01T12:27:34.661Z</time></wpt>
    <wpt lat="37.38571" lon="-122.06516"><time>2026-01-01T12:27:35.161Z</time></wpt>
    <wpt lat="37.3857" lon="-122.06519"><time>2026-01-01T12:27:35.661Z</time></wpt>
    <wpt lat="37.38569" lon="-122.06523"><time>2026-01-01T12:27:36.161Z</time></wpt>
    <wpt lat="37.38567" lon="-122.06532"><time>2026-01-01T12:27:36.661Z</time></wpt>
    <wpt lat="37.38566" lon="-122.06535"><time>2026-01-01T12:27:37.161Z</time></wpt>
    <wpt lat="37.38562" lon="-122.06548"><time>2026-01-01T12:27:37.661Z</time></wpt>
    <wpt lat="37.38561" lon="-122.06551"><time>2026-01-01T12:27:38.161Z</time></wpt>
    <wpt lat="37.38559" lon="-122.06557"><time>2026-01-01T12:27:38.661Z</time></wpt>
    <wpt lat="37.38548" lon="-122.0659"><time>2026-01-01T12:27:39.161Z</time></wpt>
    <wpt lat="37.38542" lon="-122.06605"><time>2026-01-01T12:27:39.661Z</time></wpt>
    <wpt lat="37.38542" lon="-122.06606"><time>2026-01-01T12:27:40.161Z</time></wpt>
    <wpt lat="37.38537" lon="-122.0662"><time>2026-01-01T12:27:40.661Z</time></wpt>
    <wpt lat="37.38531" lon="-122.06634"><time>2026-01-01T12:27:41.161Z</time></wpt>
    <wpt lat="37.38525" lon="-122.06648"><time>2026-01-01T12:27:41.661Z</time></wpt>
    <wpt lat="37.38523" lon="-122.06652"><time>2026-01-01T12:27:42.161Z</time></wpt>
    <wpt lat="37.38521" lon="-122.06655"><time>2026-01-01T12:27:42.661Z</time></wpt>
    <wpt lat="37.38516" lon="-122.06666"><time>2026-01-01T12:27:43.161Z</time></wpt>
    <wpt lat="37.38515" lon="-122.06669"><time>2026-01-01T12:27:43.661Z</time></wpt>
    <wpt lat="37.38509" lon="-122.0668"><time>2026-01-01T12:27:44.161Z</time></wpt>
    <wpt lat="37.38507" lon="-122.06684"><time>2026-01-01T12:27:44.661Z</time></wpt>
    <wpt lat="37.38506" lon="-122.06686"><time>2026-01-01T12:27:45.161Z</time></wpt>
    <wpt lat="37.385" lon="-122.06698"><time>2026-01-01T12:27:45.661Z</time></wpt>
    <wpt lat="37.38488" lon="-122.06721"><time>2026-01-01T12:27:46.161Z</time></wpt>
    <wpt lat="37.38481" lon="-122.06733"><time>2026-01-01T12:27:46.661Z</time></wpt>
    <wpt lat="37.38475" lon="-122.06744"><time>2026-01-01T12:27:47.161Z</time></wpt>
    <wpt lat="37.38462" lon="-122.06769"><time>2026-01-01T12:27:47.661Z</time></wpt>
    <wpt lat="37.38452" lon="-122.06787"><time>2026-01-01T12:27:48.161Z</time></wpt>
    <wpt lat="37.38439" lon="-122.06812"><time>2026-01-01T12:27:48.661Z</time></wpt>
    <wpt lat="37.38433" lon="-122.06824"><time>2026-01-01T12:27:49.161Z</time></wpt>
    <wpt lat="37.38432" lon="-122.06826"><time>2026-01-01T12:27:49.661Z</time></wpt>
    <wpt lat="37.3843" lon="-122.06828"><time>2026-01-01T12:27:50.161Z</time></wpt>
    <wpt lat="37.38426" lon="-122.06836"><time>2026-01-01T12:27:50.661Z</time></wpt>
    <wpt lat="37.38423" lon="-122.06842"><time>2026-01-01T12:27:51.161Z</time></wpt>
    <wpt lat="37.38421" lon="-122.06846"><time>2026-01-01T12:27:51.661Z</time></wpt>
    <wpt lat="37.3842" lon="-122.06848"><time>2026-01-01T12:27:52.161Z</time></wpt>
    <wpt lat="37.38419" lon="-122.0685"><time>2026-01-01T12:27:52.661Z</time></wpt>
    <wpt lat="37.38418" lon="-122.06852"><time>2026-01-01T12:27:53.161Z</time></wpt>
    <wpt lat="37.38413" lon="-122.06861"><time>2026-01-01T12:27:53.661Z</time></wpt>
    <wpt lat="37.38412" lon="-122.06863"><time>2026-01-01T12:27:54.161Z</time></wpt>
    <wpt lat="37.3841" lon="-122.06865"><time>2026-01-01T12:27:54.661Z</time></wpt>
    <wpt lat="37.384" lon="-122.06884"><time>2026-01-01T12:27:55.161Z</time></wpt>
    <wpt lat="37.38392" lon="-122.06899"><time>2026-01-01T12:27:55.661Z</time></wpt>
    <wpt lat="37.38384" lon="-122.06914"><time>2026-01-01T12:27:56.161Z</time></wpt>
    <wpt lat="37.3837" lon="-122.06941"><time>2026-01-01T12:27:56.661Z</time></wpt>
    <wpt lat="37.38361" lon="-122.06958"><time>2026-01-01T12:27:57.161Z</time></wpt>
    <wpt lat="37.38359" lon="-122.06962"><time>2026-01-01T12:27:57.661Z</time></wpt>
    <wpt lat="37.38339" lon="-122.07"><time>2026-01-01T12:27:58.161Z</time></wpt>
    <wpt lat="37.3833" lon="-122.07017"><time>2026-01-01T12:27:58.661Z</time></wpt>
    <wpt lat="37.38323" lon="-122.07029"><time>2026-01-01T12:27:59.161Z</time></wpt>
    <wpt lat="37.38322" lon="-122.07031"><time>2026-01-01T12:27:59.661Z</time></wpt>
    <wpt lat="37.38312" lon="-122.0705"><time>2026-01-01T12:28:00.161Z</time></wpt>
    <wpt lat="37.38301" lon="-122.07069"><time>2026-01-01T12:28:00.661Z</time></wpt>
    <wpt lat="37.38291" lon="-122.07085"><time>2026-01-01T12:28:01.161Z</time></wpt>
    <wpt lat="37.38288" lon="-122.0709"><time>2026-01-01T12:28:01.661Z</time></wpt>
    <wpt lat="37.38274" lon="-122.07108"><time>2026-01-01T12:28:02.161Z</time></wpt>
    <wpt lat="37.38266" lon="-122.07118"><time>2026-01-01T12:28:02.661Z</time></wpt>
    <wpt lat="37.38257" lon="-122.07128"><time>2026-01-01T12:28:03.161Z</time></wpt>
    <wpt lat="37.38248" lon="-122.07137"><time>2026-01-01T12:28:03.661Z</time></wpt>
    <wpt lat="37.38241" lon="-122.07143"><time>2026-01-01T12:28:04.161Z</time></wpt>
    <wpt lat="37.38238" lon="-122.07146"><time>2026-01-01T12:28:04.661Z</time></wpt>
    <wpt lat="37.3821" lon="-122.0717"><time>2026-01-01T12:28:05.161Z</time></wpt>
    <wpt lat="37.38164" lon="-122.0721"><time>2026-01-01T12:28:05.661Z</time></wpt>
    <wpt lat="37.38109" lon="-122.07257"><time>2026-01-01T12:28:06.161Z</time></wpt>
    <wpt lat="37.38088" lon="-122.07275"><time>2026-01-01T12:28:06.661Z</time></wpt>
    <wpt lat="37.38064" lon="-122.07293"><time>2026-01-01T12:28:07.161Z</time></wpt>
    <wpt lat="37.38047" lon="-122.07306"><time>2026-01-01T12:28:07.661Z</time></wpt>
    <wpt lat="37.3804732" lon="-122.0730575"><time>2026-01-01T12:28:08.161Z</time></wpt>
    <wpt lat="37.38033" lon="-122.07315"><time>2026-01-01T12:28:08.661Z</time></wpt>
    <wpt lat="37.38017" lon="-122.07327"><time>2026-01-01T12:28:09.161Z</time></wpt>
    <wpt lat="37.3801" lon="-122.07333"><time>2026-01-01T12:28:09.661Z</time></wpt>
    <wpt lat="37.38003" lon="-122.07338"><time>2026-01-01T12:28:10.161Z</time></wpt>
    <wpt lat="37.37978" lon="-122.07356"><time>2026-01-01T12:28:10.661Z</time></wpt>
    <wpt lat="37.37977" lon="-122.07357"><time>2026-01-01T12:28:11.161Z</time></wpt>
    <wpt lat="37.37971" lon="-122.07361"><time>2026-01-01T12:28:11.661Z</time></wpt>
    <wpt lat="37.37958" lon="-122.07371"><time>2026-01-01T12:28:12.161Z</time></wpt>
    <wpt lat="37.37946" lon="-122.07381"><time>2026-01-01T12:28:12.661Z</time></wpt>
    <wpt lat="37.37944" lon="-122.07382"><time>2026-01-01T12:28:13.161Z</time></wpt>
    <wpt lat="37.37933" lon="-122.07391"><time>2026-01-01T12:28:13.661Z</time></wpt>
    <wpt lat="37.37919" lon="-122.07402"><time>2026-01-01T12:28:14.161Z</time></wpt>
    <wpt lat="37.37908" lon="-122.07411"><time>2026-01-01T12:28:14.661Z</time></wpt>
    <wpt lat="37.37901" lon="-122.07416"><time>2026-01-01T12:28:15.161Z</time></wpt>
    <wpt lat="37.37894" lon="-122.07422"><time>2026-01-01T12:28:15.661Z</time></wpt>
    <wpt lat="37.37885" lon="-122.07429"><time>2026-01-01T12:28:16.161Z</time></wpt>
    <wpt lat="37.37862" lon="-122.07447"><time>2026-01-01T12:28:16.661Z</time></wpt>
    <wpt lat="37.3786" lon="-122.07449"><time>2026-01-01T12:28:17.161Z</time></wpt>
    <wpt lat="37.37837" lon="-122.07468"><time>2026-01-01T12:28:17.661Z</time></wpt>
    <wpt lat="37.37825" lon="-122.07477"><time>2026-01-01T12:28:18.161Z</time></wpt>
    <wpt lat="37.37819" lon="-122.07482"><time>2026-01-01T12:28:18.661Z</time></wpt>
    <wpt lat="37.37811" lon="-122.07488"><time>2026-01-01T12:28:19.161Z</time></wpt>
    <wpt lat="37.37809" lon="-122.0749"><time>2026-01-01T12:28:19.661Z</time></wpt>
    <wpt lat="37.37806" lon="-122.07492"><time>2026-01-01T12:28:20.161Z</time></wpt>
    <wpt lat="37.37734" lon="-122.07548"><time>2026-01-01T12:28:20.661Z</time></wpt>
    <wpt lat="37.3768" lon="-122.0759"><time>2026-01-01T12:28:21.161Z</time></wpt>
    <wpt lat="37.37665" lon="-122.07602"><time>2026-01-01T12:28:21.661Z</time></wpt>
    <wpt lat="37.37663" lon="-122.07604"><time>2026-01-01T12:28:22.161Z</time></wpt>
    <wpt lat="37.3764" lon="-122.07621"><time>2026-01-01T12:28:22.661Z</time></wpt>
    <wpt lat="37.37629" lon="-122.0763"><time>2026-01-01T12:28:23.161Z</time></wpt>
    <wpt lat="37.37619" lon="-122.07638"><time>2026-01-01T12:28:23.661Z</time></wpt>
    <wpt lat="37.3761" lon="-122.07646"><time>2026-01-01T12:28:24.161Z</time></wpt>
    <wpt lat="37.37607" lon="-122.07648"><time>2026-01-01T12:28:24.661Z</time></wpt>
    <wpt lat="37.37591" lon="-122.07661"><time>2026-01-01T12:28:25.161Z</time></wpt>
    <wpt lat="37.37586" lon="-122.07664"><time>2026-01-01T12:28:25.661Z</time></wpt>
    <wpt lat="37.3758" lon="-122.07669"><time>2026-01-01T12:28:26.161Z</time></wpt>
    <wpt lat="37.37575" lon="-122.07673"><time>2026-01-01T12:28:26.661Z</time></wpt>
    <wpt lat="37.37574" lon="-122.07674"><time>2026-01-01T12:28:27.161Z</time></wpt>
    <wpt lat="37.37573" lon="-122.07674"><time>2026-01-01T12:28:27.661Z</time></wpt>
    <wpt lat="37.37572" lon="-122.07675"><time>2026-01-01T12:28:28.161Z</time></wpt>
    <wpt lat="37.37563" lon="-122.07683"><time>2026-01-01T12:28:28.661Z</time></wpt>
    <wpt lat="37.37554" lon="-122.0769"><time>2026-01-01T12:28:29.161Z</time></wpt>
    <wpt lat="37.37553" lon="-122.07691"><time>2026-01-01T12:28:29.661Z</time></wpt>
    <wpt lat="37.37552" lon="-122.07691"><time>2026-01-01T12:28:30.161Z</time></wpt>
    <wpt lat="37.37544" lon="-122.07697"><time>2026-01-01T12:28:30.661Z</time></wpt>
    <wpt lat="37.37544" lon="-122.07698"><time>2026-01-01T12:28:31.161Z</time></wpt>
    <wpt lat="37.3753" lon="-122.07708"><time>2026-01-01T12:28:31.661Z</time></wpt>
    <wpt lat="37.37515" lon="-122.0772"><time>2026-01-01T12:28:32.161Z</time></wpt>
    <wpt lat="37.375" lon="-122.07732"><time>2026-01-01T12:28:32.661Z</time></wpt>
    <wpt lat="37.37487" lon="-122.07742"><time>2026-01-01T12:28:33.161Z</time></wpt>
    <wpt lat="37.37486" lon="-122.07743"><time>2026-01-01T12:28:33.661Z</time></wpt>
    <wpt lat="37.37485" lon="-122.07744"><time>2026-01-01T12:28:34.161Z</time></wpt>
    <wpt lat="37.37484" lon="-122.07745"><time>2026-01-01T12:28:34.661Z</time></wpt>
    <wpt lat="37.37475" lon="-122.07751"><time>2026-01-01T12:28:35.161Z</time></wpt>
    <wpt lat="37.37467" lon="-122.07756"><time>2026-01-01T12:28:35.661Z</time></wpt>
    <wpt lat="37.3746" lon="-122.07761"><time>2026-01-01T12:28:36.161Z</time></wpt>
    <wpt lat="37.37459" lon="-122.07761"><time>2026-01-01T12:28:36.661Z</time></wpt>
    <wpt lat="37.37458" lon="-122.07762"><time>2026-01-01T12:28:37.161Z</time></wpt>
    <wpt lat="37.37454" lon="-122.07765"><time>2026-01-01T12:28:37.661Z</time></wpt>
    <wpt lat="37.37441" lon="-122.07771"><time>2026-01-01T12:28:38.161Z</time></wpt>
    <wpt lat="37.37426" lon="-122.07778"><time>2026-01-01T12:28:38.661Z</time></wpt>
    <wpt lat="37.3742" lon="-122.0778"><time>2026-01-01T12:28:39.161Z</time></wpt>
    <wpt lat="37.37414" lon="-122.07781"><time>2026-01-01T12:28:39.661Z</time></wpt>
    <wpt lat="37.37407" lon="-122.07783"><time>2026-01-01T12:28:40.161Z</time></wpt>
    <wpt lat="37.37403" lon="-122.07784"><time>2026-01-01T12:28:40.661Z</time></wpt>
    <wpt lat="37.37402" lon="-122.07784"><time>2026-01-01T12:28:41.161Z</time></wpt>
    <wpt lat="37.37397" lon="-122.07785"><time>2026-01-01T12:28:41.661Z</time></wpt>
    <wpt lat="37.37393" lon="-122.07786"><time>2026-01-01T12:28:42.161Z</time></wpt>
    <wpt lat="37.37385" lon="-122.07787"><time>2026-01-01T12:28:42.661Z</time></wpt>
    <wpt lat="37.37376" lon="-122.07789"><time>2026-01-01T12:28:43.161Z</time></wpt>
    <wpt lat="37.3737" lon="-122.07789"><time>2026-01-01T12:28:43.661Z</time></wpt>
    <wpt lat="37.37358" lon="-122.07792"><time>2026-01-01T12:28:44.161Z</time></wpt>
    <wpt lat="37.3735783" lon="-122.0779191"><time>2026-01-01T12:28:44.661Z</time></wpt>
    <wpt lat="37.37359" lon="-122.07811"><time>2026-01-01T12:28:45.161Z</time></wpt>
    <wpt lat="37.37359" lon="-122.07812"><time>2026-01-01T12:28:45.661Z</time></wpt>
    <wpt lat="37.37359" lon="-122.07824"><time>2026-01-01T12:28:46.161Z</time></wpt>
    <wpt lat="37.37359" lon="-122.07825"><time>2026-01-01T12:28:46.661Z</time></wpt>
    <wpt lat="37.37359" lon="-122.07827"><time>2026-01-01T12:28:47.161Z</time></wpt>
    <wpt lat="37.37359" lon="-122.0785"><time>2026-01-01T12:28:47.661Z</time></wpt>
    <wpt lat="37.3736" lon="-122.07868"><time>2026-01-01T12:28:48.161Z</time></wpt>
    <wpt lat="37.3736" lon="-122.07883"><time>2026-01-01T12:28:48.661Z</time></wpt>
    <wpt lat="37.3736" lon="-122.07884"><time>2026-01-01T12:28:49.161Z</time></wpt>
    <wpt lat="37.3736" lon="-122.07905"><time>2026-01-01T12:28:49.661Z</time></wpt>
    <wpt lat="37.3736" lon="-122.07906"><time>2026-01-01T12:28:50.161Z</time></wpt>
    <wpt lat="37.3736" lon="-122.07912"><time>2026-01-01T12:28:50.661Z</time></wpt>
    <wpt lat="37.37361" lon="-122.07931"><time>2026-01-01T12:28:51.161Z</time></wpt>
    <wpt lat="37.37361" lon="-122.07948"><time>2026-01-01T12:28:51.661Z</time></wpt>
    <wpt lat="37.37362" lon="-122.07966"><time>2026-01-01T12:28:52.161Z</time></wpt>
    <wpt lat="37.37362" lon="-122.08003"><time>2026-01-01T12:28:52.661Z</time></wpt>
    <wpt lat="37.37363" lon="-122.08013"><time>2026-01-01T12:28:53.161Z</time></wpt>
    <wpt lat="37.37363" lon="-122.08014"><time>2026-01-01T12:28:53.661Z</time></wpt>
    <wpt lat="37.37363" lon="-122.08031"><time>2026-01-01T12:28:54.161Z</time></wpt>
    <wpt lat="37.37363" lon="-122.08048"><time>2026-01-01T12:28:54.661Z</time></wpt>
    <wpt lat="37.37363" lon="-122.08054"><time>2026-01-01T12:28:55.161Z</time></wpt>
    <wpt lat="37.37364" lon="-122.08068"><time>2026-01-01T12:28:55.661Z</time></wpt>
    <wpt lat="37.37364" lon="-122.08069"><time>2026-01-01T12:28:56.161Z</time></wpt>
    <wpt lat="37.37364" lon="-122.08077"><time>2026-01-01T12:28:56.661Z</time></wpt>
    <wpt lat="37.37364" lon="-122.08085"><time>2026-01-01T12:28:57.161Z</time></wpt>
    <wpt lat="37.37364" lon="-122.08101"><time>2026-01-01T12:28:57.661Z</time></wpt>
    <wpt lat="37.37365" lon="-122.0812"><time>2026-01-01T12:28:58.161Z</time></wpt>
    <wpt lat="37.37365" lon="-122.08133"><time>2026-01-01T12:28:58.661Z</time></wpt>
    <wpt lat="37.37365" lon="-122.08148"><time>2026-01-01T12:28:59.161Z</time></wpt>
    <wpt lat="37.37366" lon="-122.08165"><time>2026-01-01T12:28:59.661Z</time></wpt>
    <wpt lat="37.37366" lon="-122.08169"><time>2026-01-01T12:29:00.161Z</time></wpt>
    <wpt lat="37.37366" lon="-122.08183"><time>2026-01-01T12:29:00.661Z</time></wpt>
    <wpt lat="37.37366" lon="-122.08198"><time>2026-01-01T12:29:01.161Z</time></wpt>
    <wpt lat="37.37366" lon="-122.08203"><time>2026-01-01T12:29:01.661Z</time></wpt>
    <wpt lat="37.37366" lon="-122.08211"><time>2026-01-01T12:29:02.161Z</time></wpt>
    <wpt lat="37.37366" lon="-122.08212"><time>2026-01-01T12:29:02.661Z</time></wpt>
    <wpt lat="37.37366" lon="-122.08228"><time>2026-01-01T12:29:03.161Z</time></wpt>
    <wpt lat="37.37366" lon="-122.08244"><time>2026-01-01T12:29:03.661Z</time></wpt>
    <wpt lat="37.37367" lon="-122.08252"><time>2026-01-01T12:29:04.161Z</time></wpt>
    <wpt lat="37.37367" lon="-122.08257"><time>2026-01-01T12:29:04.661Z</time></wpt>
    <wpt lat="37.37367" lon="-122.0826"><time>2026-01-01T12:29:05.161Z</time></wpt>
    <wpt lat="37.37367" lon="-122.08281"><time>2026-01-01T12:29:05.661Z</time></wpt>
    <wpt lat="37.37367" lon="-122.08288"><time>2026-01-01T12:29:06.161Z</time></wpt>
    <wpt lat="37.37368" lon="-122.08298"><time>2026-01-01T12:29:06.661Z</time></wpt>
    <wpt lat="37.37368" lon="-122.08304"><time>2026-01-01T12:29:07.161Z</time></wpt>
    <wpt lat="37.37368" lon="-122.08315"><time>2026-01-01T12:29:07.661Z</time></wpt>
    <wpt lat="37.37368" lon="-122.0832"><time>2026-01-01T12:29:08.161Z</time></wpt>
    <wpt lat="37.37369" lon="-122.08329"><time>2026-01-01T12:29:08.661Z</time></wpt>
    <wpt lat="37.37369" lon="-122.08333"><time>2026-01-01T12:29:09.161Z</time></wpt>
    <wpt lat="37.37369" lon="-122.08334"><time>2026-01-01T12:29:09.661Z</time></wpt>
    <wpt lat="37.37369" lon="-122.08353"><time>2026-01-01T12:29:10.161Z</time></wpt>
    <wpt lat="37.37369" lon="-122.08355"><time>2026-01-01T12:29:10.661Z</time></wpt>
    <wpt lat="37.3737" lon="-122.08372"><time>2026-01-01T12:29:11.161Z</time></wpt>
    <wpt lat="37.3737" lon="-122.08373"><time>2026-01-01T12:29:11.661Z</time></wpt>
    <wpt lat="37.3737" lon="-122.0838"><time>2026-01-01T12:29:12.161Z</time></wpt>
    <wpt lat="37.3737" lon="-122.08395"><time>2026-01-01T12:29:12.661Z</time></wpt>
    <wpt lat="37.3737" lon="-122.08398"><time>2026-01-01T12:29:13.161Z</time></wpt>
    <wpt lat="37.3737" lon="-122.08409"><time>2026-01-01T12:29:13.661Z</time></wpt>
    <wpt lat="37.3737" lon="-122.08421"><time>2026-01-01T12:29:14.161Z</time></wpt>
    <wpt lat="37.37371" lon="-122.08427"><time>2026-01-01T12:29:14.661Z</time></wpt>
    <wpt lat="37.37371" lon="-122.08432"><time>2026-01-01T12:29:15.161Z</time></wpt>
    <wpt lat="37.37371" lon="-122.08439"><time>2026-01-01T12:29:15.661Z</time></wpt>
    <wpt lat="37.37371" lon="-122.08443"><time>2026-01-01T12:29:16.161Z</time></wpt>
    <wpt lat="37.37371" lon="-122.08455"><time>2026-01-01T12:29:16.661Z</time></wpt>
    <wpt lat="37.37371" lon="-122.08457"><time>2026-01-01T12:29:17.161Z</time></wpt>
    <wpt lat="37.37372" lon="-122.08467"><time>2026-01-01T12:29:17.661Z</time></wpt>
    <wpt lat="37.37372" lon="-122.08479"><time>2026-01-01T12:29:18.161Z</time></wpt>
    <wpt lat="37.37373" lon="-122.08482"><time>2026-01-01T12:29:18.661Z</time></wpt>
    <wpt lat="37.37373" lon="-122.08487"><time>2026-01-01T12:29:19.161Z</time></wpt>
    <wpt lat="37.37374" lon="-122.08507"><time>2026-01-01T12:29:19.661Z</time></wpt>
    <wpt lat="37.37374" lon="-122.08516"><time>2026-01-01T12:29:20.161Z</time></wpt>
    <wpt lat="37.37375" lon="-122.08532"><time>2026-01-01T12:29:20.661Z</time></wpt>
    <wpt lat="37.37375" lon="-122.08554"><time>2026-01-01T12:29:21.161Z</time></wpt>
    <wpt lat="37.37375" lon="-122.08559"><time>2026-01-01T12:29:21.661Z</time></wpt>
    <wpt lat="37.37376" lon="-122.08582"><time>2026-01-01T12:29:22.161Z</time></wpt>
    <wpt lat="37.37376" lon="-122.08596"><time>2026-01-01T12:29:22.661Z</time></wpt>
    <wpt lat="37.37376" lon="-122.0863"><time>2026-01-01T12:29:23.161Z</time></wpt>
    <wpt lat="37.37376" lon="-122.08631"><time>2026-01-01T12:29:23.661Z</time></wpt>
    <wpt lat="37.37376" lon="-122.08633"><time>2026-01-01T12:29:24.161Z</time></wpt>
    <wpt lat="37.37376" lon="-122.08635"><time>2026-01-01T12:29:24.661Z</time></wpt>
    <wpt lat="37.37376" lon="-122.08638"><time>2026-01-01T12:29:25.161Z</time></wpt>
    <wpt lat="37.37376" lon="-122.08643"><time>2026-01-01T12:29:25.661Z</time></wpt>
    <wpt lat="37.37376" lon="-122.08644"><time>2026-01-01T12:29:26.161Z</time></wpt>
    <wpt lat="37.37376" lon="-122.0865"><time>2026-01-01T12:29:26.661Z</time></wpt>
    <wpt lat="37.37376" lon="-122.08659"><time>2026-01-01T12:29:27.161Z</time></wpt>
    <wpt lat="37.37376" lon="-122.08664"><time>2026-01-01T12:29:27.661Z</time></wpt>
    <wpt lat="37.37375" lon="-122.08669"><time>2026-01-01T12:29:28.161Z</time></wpt>
    <wpt lat="37.37375" lon="-122.08676"><time>2026-01-01T12:29:28.661Z</time></wpt>
    <wpt lat="37.37374" lon="-122.08683"><time>2026-01-01T12:29:29.161Z</time></wpt>
    <wpt lat="37.37373" lon="-122.08691"><time>2026-01-01T12:29:29.661Z</time></wpt>
    <wpt lat="37.37373" lon="-122.08694"><time>2026-01-01T12:29:30.161Z</time></wpt>
    <wpt lat="37.37371" lon="-122.08703"><time>2026-01-01T12:29:30.661Z</time></wpt>
    <wpt lat="37.37366" lon="-122.08715"><time>2026-01-01T12:29:31.161Z</time></wpt>
    <wpt lat="37.3735" lon="-122.08741"><time>2026-01-01T12:29:31.661Z</time></wpt>
    <wpt lat="37.37347" lon="-122.08747"><time>2026-01-01T12:29:32.161Z</time></wpt>
    <wpt lat="37.37344" lon="-122.08754"><time>2026-01-01T12:29:32.661Z</time></wpt>
    <wpt lat="37.37342" lon="-122.08759"><time>2026-01-01T12:29:33.161Z</time></wpt>
    <wpt lat="37.37341" lon="-122.08764"><time>2026-01-01T12:29:33.661Z</time></wpt>
    <wpt lat="37.37339" lon="-122.0877"><time>2026-01-01T12:29:34.161Z</time></wpt>
    <wpt lat="37.37338" lon="-122.08779"><time>2026-01-01T12:29:34.661Z</time></wpt>
    <wpt lat="37.37338" lon="-122.08795"><time>2026-01-01T12:29:35.161Z</time></wpt>
    <wpt lat="37.37337" lon="-122.08796"><time>2026-01-01T12:29:35.661Z</time></wpt>
    <wpt lat="37.37334" lon="-122.08802"><time>2026-01-01T12:29:36.161Z</time></wpt>
    <wpt lat="37.37335" lon="-122.08805"><time>2026-01-01T12:29:36.661Z</time></wpt>
    <wpt lat="37.37335" lon="-122.08806"><time>2026-01-01T12:29:37.161Z</time></wpt>
    <wpt lat="37.37335" lon="-122.08809"><time>2026-01-01T12:29:37.661Z</time></wpt>
    <wpt lat="37.37335" lon="-122.08817"><time>2026-01-01T12:29:38.161Z</time></wpt>
    <wpt lat="37.37335" lon="-122.08869"><time>2026-01-01T12:29:38.661Z</time></wpt>
    <wpt lat="37.37335" lon="-122.08889"><time>2026-01-01T12:29:39.161Z</time></wpt>
    <wpt lat="37.37334" lon="-122.08924"><time>2026-01-01T12:29:39.661Z</time></wpt>
    <wpt lat="37.37334" lon="-122.08926"><time>2026-01-01T12:29:40.161Z</time></wpt>
    <wpt lat="37.37334" lon="-122.08936"><time>2026-01-01T12:29:40.661Z</time></wpt>
    <wpt lat="37.37334" lon="-122.08959"><time>2026-01-01T12:29:41.161Z</time></wpt>
    <wpt lat="37.37334" lon="-122.08976"><time>2026-01-01T12:29:41.661Z</time></wpt>
    <wpt lat="37.37334" lon="-122.08989"><time>2026-01-01T12:29:42.161Z</time></wpt>
    <wpt lat="37.37334" lon="-122.09044"><time>2026-01-01T12:29:42.661Z</time></wpt>
    <wpt lat="37.37335" lon="-122.09062"><time>2026-01-01T12:29:43.161Z</time></wpt>
    <wpt lat="37.37335" lon="-122.09076"><time>2026-01-01T12:29:43.661Z</time></wpt>
    <wpt lat="37.37335" lon="-122.09091"><time>2026-01-01T12:29:44.161Z</time></wpt>
    <wpt lat="37.37335" lon="-122.09108"><time>2026-01-01T12:29:44.661Z</time></wpt>
    <wpt lat="37.37336" lon="-122.09147"><time>2026-01-01T12:29:45.161Z</time></wpt>
    <wpt lat="37.37336" lon="-122.09182"><time>2026-01-01T12:29:45.661Z</time></wpt>
    <wpt lat="37.37336" lon="-122.09224"><time>2026-01-01T12:29:46.161Z</time></wpt>
    <wpt lat="37.37337" lon="-122.0924"><time>2026-01-01T12:29:46.661Z</time></wpt>
    <wpt lat="37.37337" lon="-122.09255"><time>2026-01-01T12:29:47.161Z</time></wpt>
    <wpt lat="37.37337" lon="-122.09273"><time>2026-01-01T12:29:47.661Z</time></wpt>
    <wpt lat="37.37337" lon="-122.09276"><time>2026-01-01T12:29:48.161Z</time></wpt>
    <wpt lat="37.37337" lon="-122.09292"><time>2026-01-01T12:29:48.661Z</time></wpt>
    <wpt lat="37.37337" lon="-122.09312"><time>2026-01-01T12:29:49.161Z</time></wpt>
    <wpt lat="37.37337" lon="-122.09316"><time>2026-01-01T12:29:49.661Z</time></wpt>
    <wpt lat="37.37338" lon="-122.09348"><time>2026-01-01T12:29:50.161Z</time></wpt>
    <wpt lat="37.37338" lon="-122.0935"><time>2026-01-01T12:29:50.661Z</time></wpt>
    <wpt lat="37.37338" lon="-122.09387"><time>2026-01-01T12:29:51.161Z</time></wpt>
    <wpt lat="37.37338" lon="-122.09389"><time>2026-01-01T12:29:51.661Z</time></wpt>
    <wpt lat="37.37339" lon="-122.09476"><time>2026-01-01T12:29:52.161Z</time></wpt>
    <wpt lat="37.37339" lon="-122.09501"><time>2026-01-01T12:29:52.661Z</time></wpt>
    <wpt lat="37.37339" lon="-122.09527"><time>2026-01-01T12:29:53.161Z</time></wpt>
    <wpt lat="37.37339" lon="-122.0953"><time>2026-01-01T12:29:53.661Z</time></wpt>
    <wpt lat="37.37339" lon="-122.09533"><time>2026-01-01T12:29:54.161Z</time></wpt>
    <wpt lat="37.3734" lon="-122.09536"><time>2026-01-01T12:29:54.661Z</time></wpt>
    <wpt lat="37.3734" lon="-122.09539"><time>2026-01-01T12:29:55.161Z</time></wpt>
    <wpt lat="37.37341" lon="-122.09542"><time>2026-01-01T12:29:55.661Z</time></wpt>
    <wpt lat="37.37341" lon="-122.09546"><time>2026-01-01T12:29:56.161Z</time></wpt>
    <wpt lat="37.37343" lon="-122.09549"><time>2026-01-01T12:29:56.661Z</time></wpt>
    <wpt lat="37.37344" lon="-122.09552"><time>2026-01-01T12:29:57.161Z</time></wpt>
    <wpt lat="37.37345" lon="-122.09556"><time>2026-01-01T12:29:57.661Z</time></wpt>
    <wpt lat="37.37349" lon="-122.09562"><time>2026-01-01T12:29:58.161Z</time></wpt>
    <wpt lat="37.37355" lon="-122.09571"><time>2026-01-01T12:29:58.661Z</time></wpt>
    <wpt lat="37.3737" lon="-122.09595"><time>2026-01-01T12:29:59.161Z</time></wpt>
    <wpt lat="37.37375" lon="-122.09603"><time>2026-01-01T12:29:59.661Z</time></wpt>
    <wpt lat="37.37376" lon="-122.09606"><time>2026-01-01T12:30:00.161Z</time></wpt>
    <wpt lat="37.37376" lon="-122.09608"><time>2026-01-01T12:30:00.661Z</time></wpt>
    <wpt lat="37.37377" lon="-122.0961"><time>2026-01-01T12:30:01.161Z</time></wpt>
    <wpt lat="37.37377" lon="-122.09612"><time>2026-01-01T12:30:02.629Z</time></wpt>
    <wpt lat="37.37376" lon="-122.09619"><time>2026-01-01T12:30:04.096Z</time></wpt>
    <wpt lat="37.37376" lon="-122.0962"><time>2026-01-01T12:30:05.564Z</time></wpt>
    <wpt lat="37.37375" lon="-122.09634"><time>2026-01-01T12:30:07.032Z</time></wpt>
    <wpt lat="37.37374" lon="-122.09664"><time>2026-01-01T12:30:08.500Z</time></wpt>
    <wpt lat="37.37373" lon="-122.09683"><time>2026-01-01T12:30:09.967Z</time></wpt>
    <wpt lat="37.37373" lon="-122.09693"><time>2026-01-01T12:30:11.435Z</time></wpt>
    <wpt lat="37.37373" lon="-122.09715"><time>2026-01-01T12:30:12.903Z</time></wpt>
    <wpt lat="37.37373" lon="-122.09738"><time>2026-01-01T12:30:14.370Z</time></wpt>
    <wpt lat="37.37373" lon="-122.09742"><time>2026-01-01T12:30:15.838Z</time></wpt>
    <wpt lat="37.37373" lon="-122.09747"><time>2026-01-01T12:30:17.306Z</time></wpt>
    <wpt lat="37.37373" lon="-122.09754"><time>2026-01-01T12:30:18.774Z</time></wpt>
    <wpt lat="37.37373" lon="-122.09888"><time>2026-01-01T12:30:20.241Z</time></wpt>
    <wpt lat="37.37373" lon="-122.10045"><time>2026-01-01T12:30:21.709Z</time></wpt>
    <wpt lat="37.37373" lon="-122.10061"><time>2026-01-01T12:30:23.177Z</time></wpt>
    <wpt lat="37.37373" lon="-122.10074"><time>2026-01-01T12:30:24.645Z</time></wpt>
    <wpt lat="37.37373" lon="-122.10172"><time>2026-01-01T12:30:26.112Z</time></wpt>
    <wpt lat="37.37373" lon="-122.10178"><time>2026-01-01T12:30:27.580Z</time></wpt>
    <wpt lat="37.37373" lon="-122.102"><time>2026-01-01T12:30:29.048Z</time></wpt>
    <wpt lat="37.37373" lon="-122.10241"><time>2026-01-01T12:30:30.516Z</time></wpt>
    <wpt lat="37.37373" lon="-122.10246"><time>2026-01-01T12:30:31.983Z</time></wpt>
    <wpt lat="37.37373" lon="-122.10262"><time>2026-01-01T12:30:33.451Z</time></wpt>
    <wpt lat="37.37373" lon="-122.10457"><time>2026-01-01T12:30:34.919Z</time></wpt>
    <wpt lat="37.37373" lon="-122.10552"><time>2026-01-01T12:30:36.387Z</time></wpt>
    <wpt lat="37.37373" lon="-122.10553"><time>2026-01-01T12:30:37.854Z</time></wpt>
    <wpt lat="37.37373" lon="-122.1057"><time>2026-01-01T12:30:39.322Z</time></wpt>
    <wpt lat="37.37373" lon="-122.10586"><time>2026-01-01T12:30:40.790Z</time></wpt>
    <wpt lat="37.37373" lon="-122.10614"><time>2026-01-01T12:30:42.258Z</time></wpt>
    <wpt lat="37.37373" lon="-122.10623"><time>2026-01-01T12:30:43.725Z</time></wpt>
    <wpt lat="37.37373" lon="-122.10629"><time>2026-01-01T12:30:45.193Z</time></wpt>
    <wpt lat="37.37373" lon="-122.10635"><time>2026-01-01T12:30:46.661Z</time></wpt>
    <wpt lat="37.37374" lon="-122.1064"><time>2026-01-01T12:30:48.129Z</time></wpt>
    <wpt lat="37.37374" lon="-122.10646"><time>2026-01-01T12:30:49.596Z</time></wpt>
    <wpt lat="37.37375" lon="-122.10652"><time>2026-01-01T12:30:51.064Z</time></wpt>
    <wpt lat="37.37375" lon="-122.10658"><time>2026-01-01T12:30:52.532Z</time></wpt>
    <wpt lat="37.37378" lon="-122.10674"><time>2026-01-01T12:30:54Z</time></wpt>
    <wpt lat="37.37379" lon="-122.10678"><time>2026-01-01T12:30:55.467Z</time></wpt>
    <wpt lat="37.37381" lon="-122.10687"><time>2026-01-01T12:30:56.935Z</time></wpt>
    <wpt lat="37.37383" lon="-122.10694"><time>2026-01-01T12:30:58.403Z</time></wpt>
    <wpt lat="37.37387" lon="-122.10707"><time>2026-01-01T12:30:59.870Z</time></wpt>
    <wpt lat="37.37388" lon="-122.1071"><time>2026-01-01T12:31:01.338Z</time></wpt>
    <wpt lat="37.37389" lon="-122.10713"><time>2026-01-01T12:31:02.806Z</time></wpt>
    <wpt lat="37.3739" lon="-122.10716"><time>2026-01-01T12:31:04.274Z</time></wpt>
    <wpt lat="37.37397" lon="-122.10732"><time>2026-01-01T12:31:05.741Z</time></wpt>
    <wpt lat="37.37399" lon="-122.10738"><time>2026-01-01T12:31:07.209Z</time></wpt>
    <wpt lat="37.37402" lon="-122.10744"><time>2026-01-01T12:31:08.677Z</time></wpt>
    <wpt lat="37.37409" lon="-122.10759"><time>2026-01-01T12:31:10.145Z</time></wpt>
    <wpt lat="37.37414" lon="-122.10768"><time>2026-01-01T12:31:11.612Z</time></wpt>
    <wpt lat="37.37416" lon="-122.10779"><time>2026-01-01T12:31:13.080Z</time></wpt>
    <wpt lat="37.37417" lon="-122.10782"><time>2026-01-01T12:31:14.548Z</time></wpt>
    <wpt lat="37.37418" lon="-122.10786"><time>2026-01-01T12:31:16.016Z</time></wpt>
    <wpt lat="37.37419" lon="-122.10792"><time>2026-01-01T12:31:17.483Z</time></wpt>
    <wpt lat="37.37419" lon="-122.10794"><time>2026-01-01T12:31:18.951Z</time></wpt>
    <wpt lat="37.3742" lon="-122.10797"><time>2026-01-01T12:31:20.419Z</time></wpt>
    <wpt lat="37.3742" lon="-122.10798"><time>2026-01-01T12:31:21.887Z</time></wpt>
    <wpt lat="37.3742" lon="-122.10805"><time>2026-01-01T12:31:23.354Z</time></wpt>
    <wpt lat="37.37421" lon="-122.10811"><time>2026-01-01T12:31:24.822Z</time></wpt>
    <wpt lat="37.3742" lon="-122.1082"><time>2026-01-01T12:31:26.290Z</time></wpt>
    <wpt lat="37.37419" lon="-122.10833"><time>2026-01-01T12:31:27.758Z</time></wpt>
    <wpt lat="37.37419" lon="-122.10835"><time>2026-01-01T12:31:29.225Z</time></wpt>
    <wpt lat="37.37418" lon="-122.10843"><time>2026-01-01T12:31:30.693Z</time></wpt>
    <wpt lat="37.37413" lon="-122.10891"><time>2026-01-01T12:31:32.161Z</time></wpt>
    <wpt lat="37.37409" lon="-122.10928"><time>2026-01-01T12:31:33.629Z</time></wpt>
    <wpt lat="37.37403" lon="-122.10981"><time>2026-01-01T12:31:35.096Z</time></wpt>
    <wpt lat="37.37403" lon="-122.10982"><time>2026-01-01T12:31:36.564Z</time></wpt>
    <wpt lat="37.37402" lon="-122.10986"><time>2026-01-01T12:31:38.032Z</time></wpt>
    <wpt lat="37.37402" lon="-122.10988"><time>2026-01-01T12:31:39.500Z</time></wpt>
    <wpt lat="37.37402" lon="-122.10992"><time>2026-01-01T12:31:40.967Z</time></wpt>
    <wpt lat="37.374" lon="-122.11006"><time>2026-01-01T12:31:42.435Z</time></wpt>
    <wpt lat="37.37399" lon="-122.11016"><time>2026-01-01T12:31:43.903Z</time></wpt>
    <wpt lat="37.37399" lon="-122.11025"><time>2026-01-01T12:31:45.370Z</time></wpt>
    <wpt lat="37.37398" lon="-122.11052"><time>2026-01-01T12:31:46.838Z</time></wpt>
    <wpt lat="37.37398" lon="-122.11054"><time>2026-01-01T12:31:48.306Z</time></wpt>
    <wpt lat="37.37397" lon="-122.1107"><time>2026-01-01T12:31:49.774Z</time></wpt>
    <wpt lat="37.37397" lon="-122.11084"><time>2026-01-01T12:31:51.241Z</time></wpt>
    <wpt lat="37.37397" lon="-122.11121"><time>2026-01-01T12:31:52.709Z</time></wpt>
    <wpt lat="37.37397" lon="-122.11128"><time>2026-01-01T12:31:54.177Z</time></wpt>
    <wpt lat="37.37396" lon="-122.11134"><time>2026-01-01T12:31:55.645Z</time></wpt>
    <wpt lat="37.37396" lon="-122.11138"><time>2026-01-01T12:31:57.112Z</time></wpt>
    <wpt lat="37.37396" lon="-122.11178"><time>2026-01-01T12:31:58.580Z</time></wpt>
    <wpt lat="37.37396" lon="-122.11188"><time>2026-01-01T12:32:00.048Z</time></wpt>
    <wpt lat="37.37396" lon="-122.11198"><time>2026-01-01T12:32:01.516Z</time></wpt>
    <wpt lat="37.37397" lon="-122.11242"><time>2026-01-01T12:32:02.983Z</time></wpt>
    <wpt lat="37.37397" lon="-122.11248"><time>2026-01-01T12:32:04.451Z</time></wpt>
    <wpt lat="37.37397" lon="-122.11255"><time>2026-01-01T12:32:05.919Z</time></wpt>
    <wpt lat="37.37397" lon="-122.11298"><time>2026-01-01T12:32:07.387Z</time></wpt>
    <wpt lat="37.37397" lon="-122.11306"><time>2026-01-01T12:32:08.854Z</time></wpt>
    <wpt lat="37.37397" lon="-122.11322"><time>2026-01-01T12:32:10.322Z</time></wpt>
    <wpt lat="37.37397" lon="-122.11342"><time>2026-01-01T12:32:11.790Z</time></wpt>
    <wpt lat="37.37397" lon="-122.11344"><time>2026-01-01T12:32:13.258Z</time></wpt>
    <wpt lat="37.37397" lon="-122.11345"><time>2026-01-01T12:32:14.725Z</time></wpt>
    <wpt lat="37.37396" lon="-122.11358"><time>2026-01-01T12:32:16.193Z</time></wpt>
    <wpt lat="37.37396" lon="-122.11361"><time>2026-01-01T12:32:17.661Z</time></wpt>
    <wpt lat="37.37396" lon="-122.1137"><time>2026-01-01T12:32:19.129Z</time></wpt>
    <wpt lat="37.37396" lon="-122.11376"><time>2026-01-01T12:32:20.596Z</time></wpt>
    <wpt lat="37.37396" lon="-122.11378"><time>2026-01-01T12:32:22.064Z</time></wpt>
    <wpt lat="37.37396" lon="-122.11387"><time>2026-01-01T12:32:23.532Z</time></wpt>
    <wpt lat="37.37396" lon="-122.11398"><time>2026-01-01T12:32:25Z</time></wpt>
    <wpt lat="37.37396" lon="-122.11399"><time>2026-01-01T12:32:26.467Z</time></wpt>
    <wpt lat="37.37396" lon="-122.11405"><time>2026-01-01T12:32:27.935Z</time></wpt>
    <wpt lat="37.37396" lon="-122.11417"><time>2026-01-01T12:32:29.403Z</time></wpt>
    <wpt lat="37.3739619" lon="-122.1141686"><time>2026-01-01T12:32:30.870Z</time></wpt>
    <wpt lat="37.37403" lon="-122.1143"><time>2026-01-01T12:32:32.338Z</time></wpt>
    <wpt lat="37.37397" lon="-122.1143"><time>2026-01-01T12:32:33.806Z</time></wpt>
    <wpt lat="37.37395" lon="-122.11429"><time>2026-01-01T12:32:35.274Z</time></wpt>
    <wpt lat="37.37379" lon="-122.11428"><time>2026-01-01T12:32:36.741Z</time></wpt>
    <wpt lat="37.37377" lon="-122.11428"><time>2026-01-01T12:32:38.209Z</time></wpt>
    <wpt lat="37.37368" lon="-122.11427"><time>2026-01-01T12:32:39.677Z</time></wpt>
    <wpt lat="37.37367" lon="-122.11427"><time>2026-01-01T12:32:41.145Z</time></wpt>
    <wpt lat="37.37354" lon="-122.11426"><time>2026-01-01T12:32:42.612Z</time></wpt>
    <wpt lat="37.3735443" lon="-122.1142622"><time>2026-01-01T12:32:44.080Z</time></wpt>
    <wpt lat="37.37353" lon="-122.11436"><time>2026-01-01T12:32:45.548Z</time></wpt>
    <wpt lat="37.37353" lon="-122.11439"><time>2026-01-01T12:32:47.016Z</time></wpt>
    <wpt lat="37.37353" lon="-122.11441"><time>2026-01-01T12:32:48.483Z</time></wpt>
    <wpt lat="37.37353" lon="-122.11442"><time>2026-01-01T12:32:49.951Z</time></wpt>
    <wpt lat="37.37352" lon="-122.11452"><time>2026-01-01T12:32:51.419Z</time></wpt>
    <wpt lat="37.37378" lon="-122.11482"><time>2026-01-01T12:32:52.887Z</time></wpt>
    <wpt lat="37.37387" lon="-122.11492"><time>2026-01-01T12:32:54.354Z</time></wpt>
    <wpt lat="37.37402" lon="-122.11508"><time>2026-01-01T12:32:55.822Z</time></wpt>
    <wpt lat="37.37422" lon="-122.11531"><time>2026-01-01T12:32:57.290Z</time></wpt>
    <wpt lat="37.37462" lon="-122.11574"><time>2026-01-01T12:32:58.758Z</time></wpt>
    <wpt lat="37.37473" lon="-122.11585"><time>2026-01-01T12:33:00.225Z</time></wpt>
    <wpt lat="37.37487" lon="-122.11599"><time>2026-01-01T12:33:01.693Z</time></wpt>
    <wpt lat="37.37502" lon="-122.11614"><time>2026-01-01T12:33:03.161Z</time></wpt>
    <wpt lat="37.37518" lon="-122.11629"><time>2026-01-01T12:33:04.629Z</time></wpt>
    <wpt lat="37.37544" lon="-122.11654"><time>2026-01-01T12:33:06.096Z</time></wpt>
    <wpt lat="37.37575" lon="-122.11681"><time>2026-01-01T12:33:07.564Z</time></wpt>
    <wpt lat="37.37595" lon="-122.11698"><time>2026-01-01T12:33:09.032Z</time></wpt>
    <wpt lat="37.3761" lon="-122.1171"><time>2026-01-01T12:33:10.500Z</time></wpt>
    <wpt lat="37.37653" lon="-122.11745"><time>2026-01-01T12:33:11.967Z</time></wpt>
    <wpt lat="37.37667" lon="-122.11756"><time>2026-01-01T12:33:13.435Z</time></wpt>
    <wpt lat="37.37682" lon="-122.11769"><time>2026-01-01T12:33:14.903Z</time></wpt>
    <wpt lat="37.37701" lon="-122.11784"><time>2026-01-01T12:33:16.370Z</time></wpt>
    <wpt lat="37.37728" lon="-122.11805"><time>2026-01-01T12:33:17.838Z</time></wpt>
    <wpt lat="37.37731" lon="-122.11807"><time>2026-01-01T12:33:19.306Z</time></wpt>
    <wpt lat="37.37735" lon="-122.1181"><time>2026-01-01T12:33:20.774Z</time></wpt>
    <wpt lat="37.37735" lon="-122.11811"><time>2026-01-01T12:33:22.241Z</time></wpt>
    <wpt lat="37.37743" lon="-122.11817"><time>2026-01-01T12:33:23.709Z</time></wpt>
    <wpt lat="37.37745" lon="-122.11818"><time>2026-01-01T12:33:25.177Z</time></wpt>
    <wpt lat="37.37758" lon="-122.11829"><time>2026-01-01T12:33:26.645Z</time></wpt>
    <wpt lat="37.37766" lon="-122.11835"><time>2026-01-01T12:33:28.112Z</time></wpt>
    <wpt lat="37.37768" lon="-122.11837"><time>2026-01-01T12:33:29.580Z</time></wpt>
    <wpt lat="37.37771" lon="-122.11839"><time>2026-01-01T12:33:31.048Z</time></wpt>
    <wpt lat="37.37781" lon="-122.11847"><time>2026-01-01T12:33:32.516Z</time></wpt>
    <wpt lat="37.37786" lon="-122.11851"><time>2026-01-01T12:33:33.983Z</time></wpt>
    <wpt lat="37.37789" lon="-122.11853"><time>2026-01-01T12:33:35.451Z</time></wpt>
    <wpt lat="37.3779" lon="-122.11854"><time>2026-01-01T12:33:36.919Z</time></wpt>
    <wpt lat="37.37794" lon="-122.11857"><time>2026-01-01T12:33:38.387Z</time></wpt>
    <wpt lat="37.37795" lon="-122.11858"><time>2026-01-01T12:33:39.854Z</time></wpt>
    <wpt lat="37.37803" lon="-122.11864"><time>2026-01-01T12:33:41.322Z</time></wpt>
    <wpt lat="37.37804" lon="-122.11865"><time>2026-01-01T12:33:42.790Z</time></wpt>
    <wpt lat="37.37814" lon="-122.11873"><time>2026-01-01T12:33:44.258Z</time></wpt>
    <wpt lat="37.37816" lon="-122.11874"><time>2026-01-01T12:33:45.725Z</time></wpt>
    <wpt lat="37.37836" lon="-122.1189"><time>2026-01-01T12:33:47.193Z</time></wpt>
    <wpt lat="37.37842" lon="-122.11895"><time>2026-01-01T12:33:48.661Z</time></wpt>
    <wpt lat="37.3791" lon="-122.11948"><time>2026-01-01T12:33:50.129Z</time></wpt>
    <wpt lat="37.37929" lon="-122.11963"><time>2026-01-01T12:33:51.596Z</time></wpt>
    <wpt lat="37.3796" lon="-122.11987"><time>2026-01-01T12:33:53.064Z</time></wpt>
    <wpt lat="37.37975" lon="-122.11999"><time>2026-01-01T12:33:54.532Z</time></wpt>
    <wpt lat="37.37989" lon="-122.1201"><time>2026-01-01T12:33:56Z</time></wpt>
    <wpt lat="37.37999" lon="-122.12017"><time>2026-01-01T12:33:57.467Z</time></wpt>
    <wpt lat="37.38006" lon="-122.12022"><time>2026-01-01T12:33:58.935Z</time></wpt>
    <wpt lat="37.38027" lon="-122.12038"><time>2026-01-01T12:34:00.403Z</time></wpt>
    <wpt lat="37.38034" lon="-122.12043"><time>2026-01-01T12:34:01.870Z</time></wpt>
    <wpt lat="37.38038" lon="-122.12047"><time>2026-01-01T12:34:03.338Z</time></wpt>
    <wpt lat="37.38068" lon="-122.1207"><time>2026-01-01T12:34:04.806Z</time></wpt>
    <wpt lat="37.38077" lon="-122.12076"><time>2026-01-01T12:34:06.274Z</time></wpt>
    <wpt lat="37.38097" lon="-122.12091"><time>2026-01-01T12:34:07.741Z</time></wpt>
    <wpt lat="37.38111" lon="-122.12102"><time>2026-01-01T12:34:09.209Z</time></wpt>
    <wpt lat="37.38115" lon="-122.12105"><time>2026-01-01T12:34:10.677Z</time></wpt>
    <wpt lat="37.3812" lon="-122.12109"><time>2026-01-01T12:34:12.145Z</time></wpt>
    <wpt lat="37.38124" lon="-122.12112"><time>2026-01-01T12:34:13.612Z</time></wpt>
    <wpt lat="37.38134" lon="-122.1212"><time>2026-01-01T12:34:15.080Z</time></wpt>
    <wpt lat="37.3813403" lon="-122.1211956"><time>2026-01-01T12:34:16.548Z</time></wpt>
    <wpt lat="37.38133" lon="-122.12138"><time>2026-01-01T12:34:18.016Z</time></wpt>
    <wpt lat="37.38132" lon="-122.12148"><time>2026-01-01T12:34:19.483Z</time></wpt>
    <wpt lat="37.38132" lon="-122.1215"><time>2026-01-01T12:34:20.951Z</time></wpt>
    <wpt lat="37.38132" lon="-122.12166"><time>2026-01-01T12:34:22.419Z</time></wpt>
    <wpt lat="37.38132" lon="-122.12169"><time>2026-01-01T12:34:23.887Z</time></wpt>
    <wpt lat="37.38132" lon="-122.12172"><time>2026-01-01T12:34:25.354Z</time></wpt>
    <wpt lat="37.38132" lon="-122.12176"><time>2026-01-01T12:34:26.822Z</time></wpt>
    <wpt lat="37.38132" lon="-122.12177"><time>2026-01-01T12:34:28.290Z</time></wpt>
    <wpt lat="37.38132" lon="-122.12182"><time>2026-01-01T12:34:29.758Z</time></wpt>
    <wpt lat="37.38132" lon="-122.1219"><time>2026-01-01T12:34:31.225Z</time></wpt>
    <wpt lat="37.38133" lon="-122.12201"><time>2026-01-01T12:34:32.693Z</time></wpt>
    <wpt lat="37.38133" lon="-122.12204"><time>2026-01-01T12:34:34.161Z</time></wpt>
    <wpt lat="37.38133" lon="-122.1221"><time>2026-01-01T12:34:35.629Z</time></wpt>
    <wpt lat="37.38133" lon="-122.12211"><time>2026-01-01T12:34:37.096Z</time></wpt>
    <wpt lat="37.38133" lon="-122.12215"><time>2026-01-01T12:34:38.564Z</time></wpt>
    <wpt lat="37.38133" lon="-122.12226"><time>2026-01-01T12:34:40.032Z</time></wpt>
    <wpt lat="37.38134" lon="-122.12273"><time>2026-01-01T12:34:41.500Z</time></wpt>
    <wpt lat="37.38134" lon="-122.12286"><time>2026-01-01T12:34:42.967Z</time></wpt>
    <wpt lat="37.38134" lon="-122.12292"><time>2026-01-01T12:34:44.435Z</time></wpt>
    <wpt lat="37.38134" lon="-122.12297"><time>2026-01-01T12:34:45.903Z</time></wpt>
    <wpt lat="37.38133" lon="-122.12309"><time>2026-01-01T12:34:47.370Z</time></wpt>
    <wpt lat="37.38133" lon="-122.1231"><time>2026-01-01T12:34:48.838Z</time></wpt>
    <wpt lat="37.38132" lon="-122.12312"><time>2026-01-01T12:34:50.306Z</time></wpt>
    <wpt lat="37.38131" lon="-122.12313"><time>2026-01-01T12:34:51.774Z</time></wpt>
    <wpt lat="37.38131" lon="-122.12316"><time>2026-01-01T12:34:53.241Z</time></wpt>
    <wpt lat="37.38129" lon="-122.12322"><time>2026-01-01T12:34:54.709Z</time></wpt>
    <wpt lat="37.38128" lon="-122.12324"><time>2026-01-01T12:34:56.177Z</time></wpt>
    <wpt lat="37.38127" lon="-122.12328"><time>2026-01-01T12:34:57.645Z</time></wpt>
    <wpt lat="37.38127" lon="-122.12329"><time>2026-01-01T12:34:59.112Z</time></wpt>
    <wpt lat="37.38126" lon="-122.12332"><time>2026-01-01T12:35:00.580Z</time></wpt>
    <wpt lat="37.38125" lon="-122.12335"><time>2026-01-01T12:35:02.048Z</time></wpt>
    <wpt lat="37.38124" lon="-122.12338"><time>2026-01-01T12:35:03.516Z</time></wpt>
    <wpt lat="37.38122" lon="-122.12341"><time>2026-01-01T12:35:04.983Z</time></wpt>
    <wpt lat="37.38121" lon="-122.12344"><time>2026-01-01T12:35:06.451Z</time></wpt>
    <wpt lat="37.3812" lon="-122.12346"><time>2026-01-01T12:35:07.919Z</time></wpt>
    <wpt lat="37.38118" lon="-122.12349"><time>2026-01-01T12:35:09.387Z</time></wpt>
    <wpt lat="37.38117" lon="-122.12351"><time>2026-01-01T12:35:10.854Z</time></wpt>
    <wpt lat="37.38117" lon="-122.12352"><time>2026-01-01T12:35:12.322Z</time></wpt>
    <wpt lat="37.38114" lon="-122.12356"><time>2026-01-01T12:35:13.790Z</time></wpt>
    <wpt lat="37.38111" lon="-122.1236"><time>2026-01-01T12:35:15.258Z</time></wpt>
    <wpt lat="37.38108" lon="-122.12365"><time>2026-01-01T12:35:16.725Z</time></wpt>
    <wpt lat="37.38106" lon="-122.12368"><time>2026-01-01T12:35:18.193Z</time></wpt>
    <wpt lat="37.38078" lon="-122.12406"><time>2026-01-01T12:35:19.661Z</time></wpt>
    <wpt lat="37.38047" lon="-122.1245"><time>2026-01-01T12:35:21.129Z</time></wpt>
    <wpt lat="37.38044" lon="-122.12453"><time>2026-01-01T12:35:22.596Z</time></wpt>
    <wpt lat="37.38044" lon="-122.12454"><time>2026-01-01T12:35:24.064Z</time></wpt>
    <wpt lat="37.3804395" lon="-122.1245358"><time>2026-01-01T12:35:25.532Z</time></wpt>
    <wpt lat="37.38048" lon="-122.12464"><time>2026-01-01T12:35:27Z</time></wpt>
    <wpt lat="37.38051" lon="-122.12472"><time>2026-01-01T12:35:28.467Z</time></wpt>
    <wpt lat="37.38071" lon="-122.12513"><time>2026-01-01T12:35:29.935Z</time></wpt>
    <wpt lat="37.38072" lon="-122.12515"><time>2026-01-01T12:35:31.403Z</time></wpt>
    <wpt lat="37.38073" lon="-122.12517"><time>2026-01-01T12:35:32.870Z</time></wpt>
    <wpt lat="37.38074" lon="-122.12519"><time>2026-01-01T12:35:34.338Z</time></wpt>
    <wpt lat="37.38074" lon="-122.1252"><time>2026-01-01T12:35:35.806Z</time></wpt>
    <wpt lat="37.38075" lon="-122.12522"><time>2026-01-01T12:35:37.274Z</time></wpt>
    <wpt lat="37.38077" lon="-122.12526"><time>2026-01-01T12:35:38.741Z</time></wpt>
    <wpt lat="37.38079" lon="-122.12532"><time>2026-01-01T12:35:40.209Z</time></wpt>
    <wpt lat="37.38081" lon="-122.12535"><time>2026-01-01T12:35:41.677Z</time></wpt>
    <wpt lat="37.38082" lon="-122.12538"><time>2026-01-01T12:35:43.145Z</time></wpt>
    <wpt lat="37.38084" lon="-122.12542"><time>2026-01-01T12:35:44.612Z</time></wpt>
    <wpt lat="37.38087" lon="-122.1255"><time>2026-01-01T12:35:46.080Z</time></wpt>
    <wpt lat="37.3809" lon="-122.1256"><time>2026-01-01T12:35:47.548Z</time></wpt>
    <wpt lat="37.38091" lon="-122.12563"><time>2026-01-01T12:35:49.016Z</time></wpt>
    <wpt lat="37.38097" lon="-122.12582"><time>2026-01-01T12:35:50.483Z</time></wpt>
    <wpt lat="37.381" lon="-122.1259"><time>2026-01-01T12:35:51.951Z</time></wpt>
    <wpt lat="37.38104" lon="-122.12603"><time>2026-01-01T12:35:53.419Z</time></wpt>
    <wpt lat="37.38109" lon="-122.12617"><time>2026-01-01T12:35:54.887Z</time></wpt>
    <wpt lat="37.3811" lon="-122.12619"><time>2026-01-01T12:35:56.354Z</time></wpt>
    <wpt lat="37.38111" lon="-122.12621"><time>2026-01-01T12:35:57.822Z</time></wpt>
    <wpt lat="37.38112" lon="-122.12622"><time>2026-01-01T12:35:59.290Z</time></wpt>
    <wpt lat="37.38112" lon="-122.12623"><time>2026-01-01T12:36:00.758Z</time></wpt>
    <wpt lat="37.38112" lon="-122.12624"><time>2026-01-01T12:36:02.225Z</time></wpt>
    <wpt lat="37.38113" lon="-122.12626"><time>2026-01-01T12:36:03.693Z</time></wpt>
    <wpt lat="37.38114" lon="-122.12627"><time>2026-01-01T12:36:05.161Z</time></wpt>
    <wpt lat="37.38115" lon="-122.12629"><time>2026-01-01T12:36:06.629Z</time></wpt>
    <wpt lat="37.38116" lon="-122.1263"><time>2026-01-01T12:36:08.096Z</time></wpt>
    <wpt lat="37.38118" lon="-122.12631"><time>2026-01-01T12:36:09.564Z</time></wpt>
    <wpt lat="37.38119" lon="-122.12632"><time>2026-01-01T12:36:11.032Z</time></wpt>
    <wpt lat="37.38121" lon="-122.12634"><time>2026-01-01T12:36:12.500Z</time></wpt>
    <wpt lat="37.38123" lon="-122.12635"><time>2026-01-01T12:36:13.967Z</time></wpt>
    <wpt lat="37.38125" lon="-122.12636"><time>2026-01-01T12:36:15.435Z</time></wpt>
    <wpt lat="37.38127" lon="-122.12637"><time>2026-01-01T12:36:16.903Z</time></wpt>
    <wpt lat="37.3813" lon="-122.12637"><time>2026-01-01T12:36:18.370Z</time></wpt>
    <wpt lat="37.38133" lon="-122.12637"><time>2026-01-01T12:36:19.838Z</time></wpt>
    <wpt lat="37.38136" lon="-122.12637"><time>2026-01-01T12:36:21.306Z</time></wpt>
    <wpt lat="37.38139" lon="-122.12637"><time>2026-01-01T12:36:22.774Z</time></wpt>
    <wpt lat="37.38144" lon="-122.12637"><time>2026-01-01T12:36:24.241Z</time></wpt>
    <wpt lat="37.38148" lon="-122.12636"><time>2026-01-01T12:36:25.709Z</time></wpt>
    <wpt lat="37.38157" lon="-122.12636"><time>2026-01-01T12:36:27.177Z</time></wpt>
    <wpt lat="37.38159" lon="-122.12636"><time>2026-01-01T12:36:28.645Z</time></wpt>
    <wpt lat="37.38161" lon="-122.12636"><time>2026-01-01T12:36:30.112Z</time></wpt>
    <wpt lat="37.38163" lon="-122.12637"><time>2026-01-01T12:36:31.580Z</time></wpt>
    <wpt lat="37.38165" lon="-122.12637"><time>2026-01-01T12:36:33.048Z</time></wpt>
    <wpt lat="37.38166" lon="-122.12637"><time>2026-01-01T12:36:34.516Z</time></wpt>
    <wpt lat="37.38167" lon="-122.12638"><time>2026-01-01T12:36:35.983Z</time></wpt>
    <wpt lat="37.38168" lon="-122.12638"><time>2026-01-01T12:36:37.451Z</time></wpt>
    <wpt lat="37.3817" lon="-122.12639"><time>2026-01-01T12:36:38.919Z</time></wpt>
    <wpt lat="37.38171" lon="-122.12639"><time>2026-01-01T12:36:40.387Z</time></wpt>
    <wpt lat="37.38172" lon="-122.1264"><time>2026-01-01T12:36:41.854Z</time></wpt>
    <wpt lat="37.38174" lon="-122.12641"><time>2026-01-01T12:36:43.322Z</time></wpt>
    <wpt lat="37.38175" lon="-122.12642"><time>2026-01-01T12:36:44.790Z</time></wpt>
    <wpt lat="37.38176" lon="-122.12644"><time>2026-01-01T12:36:46.258Z</time></wpt>
    <wpt lat="37.38177" lon="-122.12645"><time>2026-01-01T12:36:47.725Z</time></wpt>
    <wpt lat="37.38178" lon="-122.12645"><time>2026-01-01T12:36:49.193Z</time></wpt>
    <wpt lat="37.38179" lon="-122.12647"><time>2026-01-01T12:36:50.661Z</time></wpt>
    <wpt lat="37.3818" lon="-122.12648"><time>2026-01-01T12:36:52.129Z</time></wpt>
    <wpt lat="37.38181" lon="-122.1265"><time>2026-01-01T12:36:53.596Z</time></wpt>
    <wpt lat="37.38182" lon="-122.12651"><time>2026-01-01T12:36:55.064Z</time></wpt>
    <wpt lat="37.38183" lon="-122.12653"><time>2026-01-01T12:36:56.532Z</time></wpt>
    <wpt lat="37.38184" lon="-122.12655"><time>2026-01-01T12:36:58Z</time></wpt>
    <wpt lat="37.38185" lon="-122.12658"><time>2026-01-01T12:36:59.467Z</time></wpt>
    <wpt lat="37.38186" lon="-122.12662"><time>2026-01-01T12:37:00.935Z</time></wpt>
    <wpt lat="37.38187" lon="-122.12666"><time>2026-01-01T12:37:02.403Z</time></wpt>
    <wpt lat="37.38187" lon="-122.12671"><time>2026-01-01T12:37:03.870Z</time></wpt>
    <wpt lat="37.38187" lon="-122.12677"><time>2026-01-01T12:37:05.338Z</time></wpt>
    <wpt lat="37.38186" lon="-122.1269"><time>2026-01-01T12:37:06.806Z</time></wpt>
    <wpt lat="37.38186" lon="-122.12697"><time>2026-01-01T12:37:08.274Z</time></wpt>
    <wpt lat="37.38186" lon="-122.12704"><time>2026-01-01T12:37:09.741Z</time></wpt>
    <wpt lat="37.38186" lon="-122.12707"><time>2026-01-01T12:37:11.209Z</time></wpt>
    <wpt lat="37.38188" lon="-122.12752"><time>2026-01-01T12:37:12.677Z</time></wpt>
    <wpt lat="37.38189" lon="-122.12772"><time>2026-01-01T12:37:14.145Z</time></wpt>
    <wpt lat="37.38189" lon="-122.12785"><time>2026-01-01T12:37:15.612Z</time></wpt>
    <wpt lat="37.38189" lon="-122.12791"><time>2026-01-01T12:37:17.080Z</time></wpt>
    <wpt lat="37.38189" lon="-122.12794"><time>2026-01-01T12:37:18.548Z</time></wpt>
    <wpt lat="37.3819" lon="-122.12797"><time>2026-01-01T12:37:20.016Z</time></wpt>
    <wpt lat="37.3819" lon="-122.128"><time>2026-01-01T12:37:21.483Z</time></wpt>
    <wpt lat="37.3819" lon="-122.12803"><time>2026-01-01T12:37:22.951Z</time></wpt>
    <wpt lat="37.3819" lon="-122.12804"><time>2026-01-01T12:37:24.419Z</time></wpt>
    <wpt lat="37.3819" lon="-122.12809"><time>2026-01-01T12:37:25.887Z</time></wpt>
    <wpt lat="37.3819" lon="-122.12813"><time>2026-01-01T12:37:27.354Z</time></wpt>
    <wpt lat="37.3819" lon="-122.12815"><time>2026-01-01T12:37:28.822Z</time></wpt>
    <wpt lat="37.38191" lon="-122.12818"><time>2026-01-01T12:37:30.290Z</time></wpt>
    <wpt lat="37.38191" lon="-122.12821"><time>2026-01-01T12:37:31.758Z</time></wpt>
    <wpt lat="37.38192" lon="-122.12825"><time>2026-01-01T12:37:33.225Z</time></wpt>
    <wpt lat="37.38192" lon="-122.12826"><time>2026-01-01T12:37:34.693Z</time></wpt>
    <wpt lat="37.38194" lon="-122.12835"><time>2026-01-01T12:37:36.161Z</time></wpt>
    <wpt lat="37.38195" lon="-122.12838"><time>2026-01-01T12:37:37.629Z</time></wpt>
    <wpt lat="37.38196" lon="-122.12842"><time>2026-01-01T12:37:39.096Z</time></wpt>
    <wpt lat="37.38199" lon="-122.12854"><time>2026-01-01T12:37:40.564Z</time></wpt>
    <wpt lat="37.382" lon="-122.12856"><time>2026-01-01T12:37:42.032Z</time></wpt>
    <wpt lat="37.38206" lon="-122.12872"><time>2026-01-01T12:37:43.500Z</time></wpt>
    <wpt lat="37.3821" lon="-122.12883"><time>2026-01-01T12:37:44.967Z</time></wpt>
    <wpt lat="37.38211" lon="-122.12886"><time>2026-01-01T12:37:46.435Z</time></wpt>
    <wpt lat="37.38211" lon="-122.12888"><time>2026-01-01T12:37:47.903Z</time></wpt>
    <wpt lat="37.38213" lon="-122.12894"><time>2026-01-01T12:37:49.370Z</time></wpt>
    <wpt lat="37.38216" lon="-122.12901"><time>2026-01-01T12:37:50.838Z</time></wpt>
    <wpt lat="37.38216" lon="-122.12903"><time>2026-01-01T12:37:52.306Z</time></wpt>
    <wpt lat="37.38217" lon="-122.12904"><time>2026-01-01T12:37:53.774Z</time></wpt>
    <wpt lat="37.38218" lon="-122.12906"><time>2026-01-01T12:37:55.241Z</time></wpt>
    <wpt lat="37.38219" lon="-122.12911"><time>2026-01-01T12:37:56.709Z</time></wpt>
    <wpt lat="37.38221" lon="-122.12918"><time>2026-01-01T12:37:58.177Z</time></wpt>
    <wpt lat="37.38223" lon="-122.12922"><time>2026-01-01T12:37:59.645Z</time></wpt>
    <wpt lat="37.38225" lon="-122.1293"><time>2026-01-01T12:38:01.112Z</time></wpt>
    <wpt lat="37.38225" lon="-122.12932"><time>2026-01-01T12:38:02.580Z</time></wpt>
    <wpt lat="37.38225" lon="-122.12934"><time>2026-01-01T12:38:04.048Z</time></wpt>
    <wpt lat="37.38226" lon="-122.12935"><time>2026-01-01T12:38:05.516Z</time></wpt>
    <wpt lat="37.38227" lon="-122.1294"><time>2026-01-01T12:38:06.983Z</time></wpt>
    <wpt lat="37.38228" lon="-122.12947"><time>2026-01-01T12:38:08.451Z</time></wpt>
    <wpt lat="37.38229" lon="-122.12954"><time>2026-01-01T12:38:09.919Z</time></wpt>
    <wpt lat="37.38229" lon="-122.12958"><time>2026-01-01T12:38:11.387Z</time></wpt>
    <wpt lat="37.38229" lon="-122.1296"><time>2026-01-01T12:38:12.854Z</time></wpt>
    <wpt lat="37.3823" lon="-122.12964"><time>2026-01-01T12:38:14.322Z</time></wpt>
    <wpt lat="37.3823" lon="-122.12966"><time>2026-01-01T12:38:15.790Z</time></wpt>
    <wpt lat="37.3823" lon="-122.12968"><time>2026-01-01T12:38:17.258Z</time></wpt>
    <wpt lat="37.3823" lon="-122.12981"><time>2026-01-01T12:38:18.725Z</time></wpt>
    <wpt lat="37.3823" lon="-122.12986"><time>2026-01-01T12:38:20.193Z</time></wpt>
    <wpt lat="37.38232" lon="-122.13018"><time>2026-01-01T12:38:21.661Z</time></wpt>
    <wpt lat="37.38232" lon="-122.13024"><time>2026-01-01T12:38:23.129Z</time></wpt>
    <wpt lat="37.38232" lon="-122.13028"><time>2026-01-01T12:38:24.596Z</time></wpt>
    <wpt lat="37.38232" lon="-122.13035"><time>2026-01-01T12:38:26.064Z</time></wpt>
    <wpt lat="37.38232" lon="-122.13038"><time>2026-01-01T12:38:27.532Z</time></wpt>
    <wpt lat="37.38233" lon="-122.13047"><time>2026-01-01T12:38:29Z</time></wpt>
    <wpt lat="37.38233" lon="-122.13059"><time>2026-01-01T12:38:30.467Z</time></wpt>
    <wpt lat="37.38235" lon="-122.13093"><time>2026-01-01T12:38:31.935Z</time></wpt>
    <wpt lat="37.38235" lon="-122.13096"><time>2026-01-01T12:38:33.403Z</time></wpt>
    <wpt lat="37.38235" lon="-122.13103"><time>2026-01-01T12:38:34.870Z</time></wpt>
    <wpt lat="37.38236" lon="-122.13127"><time>2026-01-01T12:38:36.338Z</time></wpt>
    <wpt lat="37.38236" lon="-122.1313"><time>2026-01-01T12:38:37.806Z</time></wpt>
    <wpt lat="37.38237" lon="-122.13143"><time>2026-01-01T12:38:39.274Z</time></wpt>
    <wpt lat="37.38237" lon="-122.13156"><time>2026-01-01T12:38:40.741Z</time></wpt>
    <wpt lat="37.38238" lon="-122.13164"><time>2026-01-01T12:38:42.209Z</time></wpt>
    <wpt lat="37.38238" lon="-122.13171"><time>2026-01-01T12:38:43.677Z</time></wpt>
    <wpt lat="37.38239" lon="-122.13208"><time>2026-01-01T12:38:45.145Z</time></wpt>
    <wpt lat="37.38241" lon="-122.13254"><time>2026-01-01T12:38:46.612Z</time></wpt>
    <wpt lat="37.38242" lon="-122.13279"><time>2026-01-01T12:38:48.080Z</time></wpt>
    <wpt lat="37.38242" lon="-122.13284"><time>2026-01-01T12:38:49.548Z</time></wpt>
    <wpt lat="37.38243" lon="-122.1331"><time>2026-01-01T12:38:51.016Z</time></wpt>
    <wpt lat="37.38244" lon="-122.13316"><time>2026-01-01T12:38:52.483Z</time></wpt>
    <wpt lat="37.38246" lon="-122.13324"><time>2026-01-01T12:38:53.951Z</time></wpt>
    <wpt lat="37.38246" lon="-122.13328"><time>2026-01-01T12:38:55.419Z</time></wpt>
    <wpt lat="37.38247" lon="-122.13333"><time>2026-01-01T12:38:56.887Z</time></wpt>
    <wpt lat="37.38247" lon="-122.13337"><time>2026-01-01T12:38:58.354Z</time></wpt>
    <wpt lat="37.3825" lon="-122.13423"><time>2026-01-01T12:38:59.822Z</time></wpt>
    <wpt lat="37.38251" lon="-122.13436"><time>2026-01-01T12:39:01.290Z</time></wpt>
    <wpt lat="37.38251" lon="-122.13447"><time>2026-01-01T12:39:02.758Z</time></wpt>
    <wpt lat="37.38252" lon="-122.1345"><time>2026-01-01T12:39:04.225Z</time></wpt>
    <wpt lat="37.38254" lon="-122.13501"><time>2026-01-01T12:39:05.693Z</time></wpt>
    <wpt lat="37.38255" lon="-122.13524"><time>2026-01-01T12:39:07.161Z</time></wpt>
    <wpt lat="37.38255" lon="-122.13527"><time>2026-01-01T12:39:08.629Z</time></wpt>
    <wpt lat="37.38257" lon="-122.13569"><time>2026-01-01T12:39:10.096Z</time></wpt>
    <wpt lat="37.38257" lon="-122.13572"><time>2026-01-01T12:39:11.564Z</time></wpt>
    <wpt lat="37.38257" lon="-122.13575"><time>2026-01-01T12:39:13.032Z</time></wpt>
    <wpt lat="37.38257" lon="-122.13578"><time>2026-01-01T12:39:14.500Z</time></wpt>
    <wpt lat="37.38258" lon="-122.13595"><time>2026-01-01T12:39:15.967Z</time></wpt>
    <wpt lat="37.3825769" lon="-122.1359468"><time>2026-01-01T12:39:17.435Z</time></wpt>
    <wpt lat="37.38271" lon="-122.13594"><time>2026-01-01T12:39:18.903Z</time></wpt>
    <wpt lat="37.38293" lon="-122.13592"><time>2026-01-01T12:39:20.370Z</time></wpt>
    <wpt lat="37.38294" lon="-122.13592"><time>2026-01-01T12:39:21.838Z</time></wpt>
    <wpt lat="37.38295" lon="-122.13591"><time>2026-01-01T12:39:23.306Z</time></wpt>
    <wpt lat="37.38318" lon="-122.13587"><time>2026-01-01T12:39:24.774Z</time></wpt>
    <wpt lat="37.3835" lon="-122.13579"><time>2026-01-01T12:39:26.241Z</time></wpt>
    <wpt lat="37.38363" lon="-122.13577"><time>2026-01-01T12:39:27.709Z</time></wpt>
    <wpt lat="37.3836313" lon="-122.1357671"><time>2026-01-01T12:39:29.177Z</time></wpt>
    <wpt lat="37.38364" lon="-122.1359"><time>2026-01-01T12:39:30.645Z</time></wpt>
    <wpt lat="37.38364" lon="-122.13592"><time>2026-01-01T12:39:32.112Z</time></wpt>
    <wpt lat="37.38364" lon="-122.13594"><time>2026-01-01T12:39:33.580Z</time></wpt>
    <wpt lat="37.38364" lon="-122.13595"><time>2026-01-01T12:39:35.048Z</time></wpt>
    <wpt lat="37.38364" lon="-122.13605"><time>2026-01-01T12:39:36.516Z</time></wpt>
    <wpt lat="37.38363" lon="-122.13611"><time>2026-01-01T12:39:37.983Z</time></wpt>
    <wpt lat="37.38362" lon="-122.13614"><time>2026-01-01T12:39:39.451Z</time></wpt>
    <wpt lat="37.38362" lon="-122.13617"><time>2026-01-01T12:39:40.919Z</time></wpt>
    <wpt lat="37.38361" lon="-122.13619"><time>2026-01-01T12:39:42.387Z</time></wpt>
    <wpt lat="37.3836" lon="-122.13623"><time>2026-01-01T12:39:43.854Z</time></wpt>
    <wpt lat="37.38348" lon="-122.1365"><time>2026-01-01T12:39:45.322Z</time></wpt>
    <wpt lat="37.38345" lon="-122.13655"><time>2026-01-01T12:39:46.790Z</time></wpt>
    <wpt lat="37.38344" lon="-122.13658"><time>2026-01-01T12:39:48.258Z</time></wpt>
    <wpt lat="37.38341" lon="-122.13671"><time>2026-01-01T12:39:49.725Z</time></wpt>
    <wpt lat="37.3834" lon="-122.13682"><time>2026-01-01T12:39:51.193Z</time></wpt>
    <wpt lat="37.38342" lon="-122.13691"><time>2026-01-01T12:39:52.661Z</time></wpt>
    <wpt lat="37.38347" lon="-122.13705"><time>2026-01-01T12:39:54.129Z</time></wpt>
    <wpt lat="37.38355" lon="-122.13713"><time>2026-01-01T12:39:55.596Z</time></wpt>
    <wpt lat="37.3835546" lon="-122.1371287"><time>2026-01-01T12:39:57.064Z</time></wpt>
    <wpt lat="37.3835546" lon="-122.1371287"><time>2026-01-01T12:39:58.532Z</time></wpt>
    <wpt lat="37.3835546" lon="-122.1371287"><name>L1 return</name><time>2026-01-01T12:40:00Z</time></wpt>

</gpx>
