<?xml version='1.0' encoding='utf-8'?>
<gpx xmlns="http://www.topografix.com/GPX/1/1" version="1.1" creator="iPhone Route Controller">
  <trk>
    <name>L1 to L2</name>
    <trkseg>
      <trkpt lat="37.3835546" lon="-122.1371287">
        <name>L1</name>
        <time>2026-01-01T12:00:00Z</time>
      </trkpt>
      <trkpt lat="37.383477299999996" lon="-122.13697435">
        <time>2026-01-01T12:00:01Z</time>
      </trkpt>
      <trkpt lat="37.3834" lon="-122.13682">
        <time>2026-01-01T12:00:02Z</time>
      </trkpt>
      <trkpt lat="37.38343666666667" lon="-122.13671166666667">
        <time>2026-01-01T12:00:03Z</time>
      </trkpt>
      <trkpt lat="37.383473333333335" lon="-122.13660333333334">
        <time>2026-01-01T12:00:04Z</time>
      </trkpt>
      <trkpt lat="37.38351" lon="-122.136495">
        <time>2026-01-01T12:00:05Z</time>
      </trkpt>
      <trkpt lat="37.38354666666667" lon="-122.13638666666667">
        <time>2026-01-01T12:00:06Z</time>
      </trkpt>
      <trkpt lat="37.383583333333334" lon="-122.13627833333334">
        <time>2026-01-01T12:00:07Z</time>
      </trkpt>
      <trkpt lat="37.38362" lon="-122.13617">
        <time>2026-01-01T12:00:08Z</time>
      </trkpt>
      <trkpt lat="37.38362565" lon="-122.13596855">
        <time>2026-01-01T12:00:09Z</time>
      </trkpt>
      <trkpt lat="37.3836313" lon="-122.1357671">
        <time>2026-01-01T12:00:10Z</time>
      </trkpt>
      <trkpt lat="37.38353544545454" lon="-122.13578343636364">
        <time>2026-01-01T12:00:11Z</time>
      </trkpt>
      <trkpt lat="37.38343959090909" lon="-122.13579977272727">
        <time>2026-01-01T12:00:12Z</time>
      </trkpt>
      <trkpt lat="37.383343736363635" lon="-122.13581610909091">
        <time>2026-01-01T12:00:13Z</time>
      </trkpt>
      <trkpt lat="37.38324788181818" lon="-122.13583244545454">
        <time>2026-01-01T12:00:14Z</time>
      </trkpt>
      <trkpt lat="37.38315202727272" lon="-122.13584878181818">
        <time>2026-01-01T12:00:15Z</time>
      </trkpt>
      <trkpt lat="37.38305617272727" lon="-122.13586511818181">
        <time>2026-01-01T12:00:16Z</time>
      </trkpt>
      <trkpt lat="37.382960318181816" lon="-122.13588145454545">
        <time>2026-01-01T12:00:17Z</time>
      </trkpt>
      <trkpt lat="37.38286446363636" lon="-122.13589779090908">
        <time>2026-01-01T12:00:18Z</time>
      </trkpt>
      <trkpt lat="37.3827686090909" lon="-122.13591412727273">
        <time>2026-01-01T12:00:19Z</time>
      </trkpt>
      <trkpt lat="37.38267275454545" lon="-122.13593046363636">
        <time>2026-01-01T12:00:20Z</time>
      </trkpt>
      <trkpt lat="37.3825769" lon="-122.1359468">
        <time>2026-01-01T12:00:21Z</time>
      </trkpt>
      <trkpt lat="37.38257088043478" lon="-122.13580969565217">
        <time>2026-01-01T12:00:22Z</time>
      </trkpt>
      <trkpt lat="37.382564860869564" lon="-122.13567259130434">
        <time>2026-01-01T12:00:23Z</time>
      </trkpt>
      <trkpt lat="37.382558841304345" lon="-122.13553548695653">
        <time>2026-01-01T12:00:24Z</time>
      </trkpt>
      <trkpt lat="37.382552821739125" lon="-122.1353983826087">
        <time>2026-01-01T12:00:25Z</time>
      </trkpt>
      <trkpt lat="37.38254680217391" lon="-122.13526127826087">
        <time>2026-01-01T12:00:26Z</time>
      </trkpt>
      <trkpt lat="37.38254078260869" lon="-122.13512417391304">
        <time>2026-01-01T12:00:27Z</time>
      </trkpt>
      <trkpt lat="37.38253476304347" lon="-122.13498706956521">
        <time>2026-01-01T12:00:28Z</time>
      </trkpt>
      <trkpt lat="37.38252874347826" lon="-122.13484996521738">
        <time>2026-01-01T12:00:29Z</time>
      </trkpt>
      <trkpt lat="37.38252272391304" lon="-122.13471286086957">
        <time>2026-01-01T12:00:30Z</time>
      </trkpt>
      <trkpt lat="37.38251670434782" lon="-122.13457575652174">
        <time>2026-01-01T12:00:31Z</time>
      </trkpt>
      <trkpt lat="37.38251068478261" lon="-122.13443865217391">
        <time>2026-01-01T12:00:32Z</time>
      </trkpt>
      <trkpt lat="37.38250466521739" lon="-122.13430154782608">
        <time>2026-01-01T12:00:33Z</time>
      </trkpt>
      <trkpt lat="37.38249864565217" lon="-122.13416444347826">
        <time>2026-01-01T12:00:34Z</time>
      </trkpt>
      <trkpt lat="37.38249262608696" lon="-122.13402733913043">
        <time>2026-01-01T12:00:35Z</time>
      </trkpt>
      <trkpt lat="37.38248660652174" lon="-122.13389023478261">
        <time>2026-01-01T12:00:36Z</time>
      </trkpt>
      <trkpt lat="37.38248058695652" lon="-122.13375313043478">
        <time>2026-01-01T12:00:37Z</time>
      </trkpt>
      <trkpt lat="37.382474567391306" lon="-122.13361602608695">
        <time>2026-01-01T12:00:38Z</time>
      </trkpt>
      <trkpt lat="37.382468547826086" lon="-122.13347892173913">
        <time>2026-01-01T12:00:39Z</time>
      </trkpt>
      <trkpt lat="37.38246252826087" lon="-122.1333418173913">
        <time>2026-01-01T12:00:40Z</time>
      </trkpt>
      <trkpt lat="37.382456508695654" lon="-122.13320471304347">
        <time>2026-01-01T12:00:41Z</time>
      </trkpt>
      <trkpt lat="37.382450489130434" lon="-122.13306760869565">
        <time>2026-01-01T12:00:42Z</time>
      </trkpt>
      <trkpt lat="37.382444469565215" lon="-122.13293050434783">
        <time>2026-01-01T12:00:43Z</time>
      </trkpt>
      <trkpt lat="37.382438449999995" lon="-122.1327934">
        <time>2026-01-01T12:00:44Z</time>
      </trkpt>
      <trkpt lat="37.38243243043478" lon="-122.13265629565217">
        <time>2026-01-01T12:00:45Z</time>
      </trkpt>
      <trkpt lat="37.38242641086956" lon="-122.13251919130434">
        <time>2026-01-01T12:00:46Z</time>
      </trkpt>
      <trkpt lat="37.38242039130434" lon="-122.13238208695653">
        <time>2026-01-01T12:00:47Z</time>
      </trkpt>
      <trkpt lat="37.38241437173913" lon="-122.1322449826087">
        <time>2026-01-01T12:00:48Z</time>
      </trkpt>
      <trkpt lat="37.38240835217391" lon="-122.13210787826087">
        <time>2026-01-01T12:00:49Z</time>
      </trkpt>
      <trkpt lat="37.38240233260869" lon="-122.13197077391304">
        <time>2026-01-01T12:00:50Z</time>
      </trkpt>
      <trkpt lat="37.38239631304348" lon="-122.13183366956521">
        <time>2026-01-01T12:00:51Z</time>
      </trkpt>
      <trkpt lat="37.38239029347826" lon="-122.13169656521738">
        <time>2026-01-01T12:00:52Z</time>
      </trkpt>
      <trkpt lat="37.38238427391304" lon="-122.13155946086957">
        <time>2026-01-01T12:00:53Z</time>
      </trkpt>
      <trkpt lat="37.38237825434783" lon="-122.13142235652174">
        <time>2026-01-01T12:00:54Z</time>
      </trkpt>
      <trkpt lat="37.38237223478261" lon="-122.13128525217391">
        <time>2026-01-01T12:00:55Z</time>
      </trkpt>
      <trkpt lat="37.38236621521739" lon="-122.13114814782608">
        <time>2026-01-01T12:00:56Z</time>
      </trkpt>
      <trkpt lat="37.382360195652176" lon="-122.13101104347825">
        <time>2026-01-01T12:00:57Z</time>
      </trkpt>
      <trkpt lat="37.382354176086956" lon="-122.13087393913042">
        <time>2026-01-01T12:00:58Z</time>
      </trkpt>
      <trkpt lat="37.382348156521736" lon="-122.13073683478261">
        <time>2026-01-01T12:00:59Z</time>
      </trkpt>
      <trkpt lat="37.382342136956524" lon="-122.13059973043478">
        <time>2026-01-01T12:01:00Z</time>
      </trkpt>
      <trkpt lat="37.382336117391304" lon="-122.13046262608695">
        <time>2026-01-01T12:01:01Z</time>
      </trkpt>
      <trkpt lat="37.382330097826085" lon="-122.13032552173912">
        <time>2026-01-01T12:01:02Z</time>
      </trkpt>
      <trkpt lat="37.38232407826087" lon="-122.1301884173913">
        <time>2026-01-01T12:01:03Z</time>
      </trkpt>
      <trkpt lat="37.38231805869565" lon="-122.13005131304347">
        <time>2026-01-01T12:01:04Z</time>
      </trkpt>
      <trkpt lat="37.38231203913043" lon="-122.12991420869565">
        <time>2026-01-01T12:01:05Z</time>
      </trkpt>
      <trkpt lat="37.38230601956522" lon="-122.12977710434782">
        <time>2026-01-01T12:01:06Z</time>
      </trkpt>
      <trkpt lat="37.3823" lon="-122.12964">
        <time>2026-01-01T12:01:07Z</time>
      </trkpt>
      <trkpt lat="37.382266666666666" lon="-122.12951583333333">
        <time>2026-01-01T12:01:08Z</time>
      </trkpt>
      <trkpt lat="37.38223333333333" lon="-122.12939166666666">
        <time>2026-01-01T12:01:09Z</time>
      </trkpt>
      <trkpt lat="37.3822" lon="-122.1292675">
        <time>2026-01-01T12:01:10Z</time>
      </trkpt>
      <trkpt lat="37.38216666666667" lon="-122.12914333333333">
        <time>2026-01-01T12:01:11Z</time>
      </trkpt>
      <trkpt lat="37.382133333333336" lon="-122.12901916666667">
        <time>2026-01-01T12:01:12Z</time>
      </trkpt>
      <trkpt lat="37.3821" lon="-122.128895">
        <time>2026-01-01T12:01:13Z</time>
      </trkpt>
      <trkpt lat="37.38206666666667" lon="-122.12877083333333">
        <time>2026-01-01T12:01:14Z</time>
      </trkpt>
      <trkpt lat="37.38203333333333" lon="-122.12864666666667">
        <time>2026-01-01T12:01:15Z</time>
      </trkpt>
      <trkpt lat="37.382000000000005" lon="-122.1285225">
        <time>2026-01-01T12:01:16Z</time>
      </trkpt>
      <trkpt lat="37.38196666666667" lon="-122.12839833333334">
        <time>2026-01-01T12:01:17Z</time>
      </trkpt>
      <trkpt lat="37.381933333333336" lon="-122.12827416666667">
        <time>2026-01-01T12:01:18Z</time>
      </trkpt>
      <trkpt lat="37.3819" lon="-122.12815">
        <time>2026-01-01T12:01:19Z</time>
      </trkpt>
      <trkpt lat="37.3818975" lon="-122.12802583333334">
        <time>2026-01-01T12:01:20Z</time>
      </trkpt>
      <trkpt lat="37.381895" lon="-122.12790166666667">
        <time>2026-01-01T12:01:21Z</time>
      </trkpt>
      <trkpt lat="37.3818925" lon="-122.12777750000001">
        <time>2026-01-01T12:01:22Z</time>
      </trkpt>
      <trkpt lat="37.38189" lon="-122.12765333333334">
        <time>2026-01-01T12:01:23Z</time>
      </trkpt>
      <trkpt lat="37.3818875" lon="-122.12752916666668">
        <time>2026-01-01T12:01:24Z</time>
      </trkpt>
      <trkpt lat="37.381885" lon="-122.12740500000001">
        <time>2026-01-01T12:01:25Z</time>
      </trkpt>
      <trkpt lat="37.3818825" lon="-122.12728083333333">
        <time>2026-01-01T12:01:26Z</time>
      </trkpt>
      <trkpt lat="37.38188" lon="-122.12715666666666">
        <time>2026-01-01T12:01:27Z</time>
      </trkpt>
      <trkpt lat="37.3818775" lon="-122.1270325">
        <time>2026-01-01T12:01:28Z</time>
      </trkpt>
      <trkpt lat="37.381875" lon="-122.12690833333333">
        <time>2026-01-01T12:01:29Z</time>
      </trkpt>
      <trkpt lat="37.3818725" lon="-122.12678416666667">
        <time>2026-01-01T12:01:30Z</time>
      </trkpt>
      <trkpt lat="37.38187" lon="-122.12666">
        <time>2026-01-01T12:01:31Z</time>
      </trkpt>
      <trkpt lat="37.381789999999995" lon="-122.126525">
        <time>2026-01-01T12:01:32Z</time>
      </trkpt>
      <trkpt lat="37.38171" lon="-122.12639">
        <time>2026-01-01T12:01:33Z</time>
      </trkpt>
      <trkpt lat="37.381598" lon="-122.12637">
        <time>2026-01-01T12:01:34Z</time>
      </trkpt>
      <trkpt lat="37.381485999999995" lon="-122.12635">
        <time>2026-01-01T12:01:35Z</time>
      </trkpt>
      <trkpt lat="37.381374" lon="-122.12633">
        <time>2026-01-01T12:01:36Z</time>
      </trkpt>
      <trkpt lat="37.381262" lon="-122.12631">
        <time>2026-01-01T12:01:37Z</time>
      </trkpt>
      <trkpt lat="37.38115" lon="-122.12629">
        <time>2026-01-01T12:01:38Z</time>
      </trkpt>
      <trkpt lat="37.38110266666666" lon="-122.12617333333333">
        <time>2026-01-01T12:01:39Z</time>
      </trkpt>
      <trkpt lat="37.38105533333333" lon="-122.12605666666667">
        <time>2026-01-01T12:01:40Z</time>
      </trkpt>
      <trkpt lat="37.381008" lon="-122.12594">
        <time>2026-01-01T12:01:41Z</time>
      </trkpt>
      <trkpt lat="37.38096066666667" lon="-122.12582333333333">
        <time>2026-01-01T12:01:42Z</time>
      </trkpt>
      <trkpt lat="37.38091333333333" lon="-122.12570666666666">
        <time>2026-01-01T12:01:43Z</time>
      </trkpt>
      <trkpt lat="37.380866" lon="-122.12559">
        <time>2026-01-01T12:01:44Z</time>
      </trkpt>
      <trkpt lat="37.38081866666666" lon="-122.12547333333333">
        <time>2026-01-01T12:01:45Z</time>
      </trkpt>
      <trkpt lat="37.380771333333335" lon="-122.12535666666666">
        <time>2026-01-01T12:01:46Z</time>
      </trkpt>
      <trkpt lat="37.380724" lon="-122.12523999999999">
        <time>2026-01-01T12:01:47Z</time>
      </trkpt>
      <trkpt lat="37.380676666666666" lon="-122.12512333333333">
        <time>2026-01-01T12:01:48Z</time>
      </trkpt>
      <trkpt lat="37.38062933333333" lon="-122.12500666666666">
        <time>2026-01-01T12:01:49Z</time>
      </trkpt>
      <trkpt lat="37.380582" lon="-122.12489">
        <time>2026-01-01T12:01:50Z</time>
      </trkpt>
      <trkpt lat="37.38053466666667" lon="-122.12477333333332">
        <time>2026-01-01T12:01:51Z</time>
      </trkpt>
      <trkpt lat="37.380487333333335" lon="-122.12465666666667">
        <time>2026-01-01T12:01:52Z</time>
      </trkpt>
      <trkpt lat="37.38044" lon="-122.12454">
        <time>2026-01-01T12:01:53Z</time>
      </trkpt>
      <trkpt lat="37.380506363636364" lon="-122.12444727272727">
        <time>2026-01-01T12:01:54Z</time>
      </trkpt>
      <trkpt lat="37.38057272727273" lon="-122.12435454545454">
        <time>2026-01-01T12:01:55Z</time>
      </trkpt>
      <trkpt lat="37.38063909090909" lon="-122.12426181818182">
        <time>2026-01-01T12:01:56Z</time>
      </trkpt>
      <trkpt lat="37.380705454545456" lon="-122.12416909090909">
        <time>2026-01-01T12:01:57Z</time>
      </trkpt>
      <trkpt lat="37.38077181818182" lon="-122.12407636363636">
        <time>2026-01-01T12:01:58Z</time>
      </trkpt>
      <trkpt lat="37.38083818181818" lon="-122.12398363636363">
        <time>2026-01-01T12:01:59Z</time>
      </trkpt>
      <trkpt lat="37.38090454545454" lon="-122.1238909090909">
        <time>2026-01-01T12:02:00Z</time>
      </trkpt>
      <trkpt lat="37.380970909090905" lon="-122.12379818181817">
        <time>2026-01-01T12:02:01Z</time>
      </trkpt>
      <trkpt lat="37.38103727272727" lon="-122.12370545454546">
        <time>2026-01-01T12:02:02Z</time>
      </trkpt>
      <trkpt lat="37.38110363636363" lon="-122.12361272727273">
        <time>2026-01-01T12:02:03Z</time>
      </trkpt>
      <trkpt lat="37.38117" lon="-122.12352">
        <time>2026-01-01T12:02:04Z</time>
      </trkpt>
      <trkpt lat="37.38122333333333" lon="-122.12338">
        <time>2026-01-01T12:02:05Z</time>
      </trkpt>
      <trkpt lat="37.381276666666665" lon="-122.12324">
        <time>2026-01-01T12:02:06Z</time>
      </trkpt>
      <trkpt lat="37.38133" lon="-122.1231">
        <time>2026-01-01T12:02:07Z</time>
      </trkpt>
      <trkpt lat="37.381329" lon="-122.12295599999999">
        <time>2026-01-01T12:02:08Z</time>
      </trkpt>
      <trkpt lat="37.381327999999996" lon="-122.122812">
        <time>2026-01-01T12:02:09Z</time>
      </trkpt>
      <trkpt lat="37.381327" lon="-122.122668">
        <time>2026-01-01T12:02:10Z</time>
      </trkpt>
      <trkpt lat="37.381326" lon="-122.122524">
        <time>2026-01-01T12:02:11Z</time>
      </trkpt>
      <trkpt lat="37.381325000000004" lon="-122.12237999999999">
        <time>2026-01-01T12:02:12Z</time>
      </trkpt>
      <trkpt lat="37.381324" lon="-122.122236">
        <time>2026-01-01T12:02:13Z</time>
      </trkpt>
      <trkpt lat="37.381323" lon="-122.12209200000001">
        <time>2026-01-01T12:02:14Z</time>
      </trkpt>
      <trkpt lat="37.381322000000004" lon="-122.121948">
        <time>2026-01-01T12:02:15Z</time>
      </trkpt>
      <trkpt lat="37.381321" lon="-122.121804">
        <time>2026-01-01T12:02:16Z</time>
      </trkpt>
      <trkpt lat="37.38132" lon="-122.12166">
        <time>2026-01-01T12:02:17Z</time>
      </trkpt>
      <trkpt lat="37.381275" lon="-122.12157833333333">
        <time>2026-01-01T12:02:18Z</time>
      </trkpt>
      <trkpt lat="37.38123" lon="-122.12149666666667">
        <time>2026-01-01T12:02:19Z</time>
      </trkpt>
      <trkpt lat="37.381185" lon="-122.12141500000001">
        <time>2026-01-01T12:02:20Z</time>
      </trkpt>
      <trkpt lat="37.38114" lon="-122.12133333333334">
        <time>2026-01-01T12:02:21Z</time>
      </trkpt>
      <trkpt lat="37.381095" lon="-122.12125166666667">
        <time>2026-01-01T12:02:22Z</time>
      </trkpt>
      <trkpt lat="37.38105" lon="-122.12117">
        <time>2026-01-01T12:02:23Z</time>
      </trkpt>
      <trkpt lat="37.380965952380954" lon="-122.12108722222223">
        <time>2026-01-01T12:02:24Z</time>
      </trkpt>
      <trkpt lat="37.38088190476191" lon="-122.12100444444445">
        <time>2026-01-01T12:02:25Z</time>
      </trkpt>
      <trkpt lat="37.38079785714286" lon="-122.12092166666667">
        <time>2026-01-01T12:02:26Z</time>
      </trkpt>
      <trkpt lat="37.38071380952381" lon="-122.1208388888889">
        <time>2026-01-01T12:02:27Z</time>
      </trkpt>
      <trkpt lat="37.380629761904764" lon="-122.12075611111112">
        <time>2026-01-01T12:02:28Z</time>
      </trkpt>
      <trkpt lat="37.38054571428572" lon="-122.12067333333334">
        <time>2026-01-01T12:02:29Z</time>
      </trkpt>
      <trkpt lat="37.38046166666667" lon="-122.12059055555557">
        <time>2026-01-01T12:02:30Z</time>
      </trkpt>
      <trkpt lat="37.38037761904762" lon="-122.12050777777779">
        <time>2026-01-01T12:02:31Z</time>
      </trkpt>
      <trkpt lat="37.380293571428574" lon="-122.12042500000001">
        <time>2026-01-01T12:02:32Z</time>
      </trkpt>
      <trkpt lat="37.380209523809526" lon="-122.12034222222223">
        <time>2026-01-01T12:02:33Z</time>
      </trkpt>
      <trkpt lat="37.38012547619048" lon="-122.12025944444446">
        <time>2026-01-01T12:02:34Z</time>
      </trkpt>
      <trkpt lat="37.38004142857143" lon="-122.12017666666668">
        <time>2026-01-01T12:02:35Z</time>
      </trkpt>
      <trkpt lat="37.37995738095238" lon="-122.12009388888889">
        <time>2026-01-01T12:02:36Z</time>
      </trkpt>
      <trkpt lat="37.379873333333336" lon="-122.12001111111111">
        <time>2026-01-01T12:02:37Z</time>
      </trkpt>
      <trkpt lat="37.37978928571429" lon="-122.11992833333333">
        <time>2026-01-01T12:02:38Z</time>
      </trkpt>
      <trkpt lat="37.37970523809524" lon="-122.11984555555556">
        <time>2026-01-01T12:02:39Z</time>
      </trkpt>
      <trkpt lat="37.37962119047619" lon="-122.11976277777778">
        <time>2026-01-01T12:02:40Z</time>
      </trkpt>
      <trkpt lat="37.379537142857146" lon="-122.11968">
        <time>2026-01-01T12:02:41Z</time>
      </trkpt>
      <trkpt lat="37.3794530952381" lon="-122.11959722222223">
        <time>2026-01-01T12:02:42Z</time>
      </trkpt>
      <trkpt lat="37.37936904761905" lon="-122.11951444444445">
        <time>2026-01-01T12:02:43Z</time>
      </trkpt>
      <trkpt lat="37.379285" lon="-122.11943166666667">
        <time>2026-01-01T12:02:44Z</time>
      </trkpt>
      <trkpt lat="37.379200952380955" lon="-122.1193488888889">
        <time>2026-01-01T12:02:45Z</time>
      </trkpt>
      <trkpt lat="37.37911690476191" lon="-122.11926611111112">
        <time>2026-01-01T12:02:46Z</time>
      </trkpt>
      <trkpt lat="37.37903285714286" lon="-122.11918333333334">
        <time>2026-01-01T12:02:47Z</time>
      </trkpt>
      <trkpt lat="37.37894880952381" lon="-122.11910055555556">
        <time>2026-01-01T12:02:48Z</time>
      </trkpt>
      <trkpt lat="37.378864761904765" lon="-122.11901777777778">
        <time>2026-01-01T12:02:49Z</time>
      </trkpt>
      <trkpt lat="37.37878071428572" lon="-122.11893500000001">
        <time>2026-01-01T12:02:50Z</time>
      </trkpt>
      <trkpt lat="37.37869666666667" lon="-122.11885222222223">
        <time>2026-01-01T12:02:51Z</time>
      </trkpt>
      <trkpt lat="37.37861261904762" lon="-122.11876944444445">
        <time>2026-01-01T12:02:52Z</time>
      </trkpt>
      <trkpt lat="37.378528571428575" lon="-122.11868666666668">
        <time>2026-01-01T12:02:53Z</time>
      </trkpt>
      <trkpt lat="37.37844452380953" lon="-122.1186038888889">
        <time>2026-01-01T12:02:54Z</time>
      </trkpt>
      <trkpt lat="37.37836047619048" lon="-122.11852111111112">
        <time>2026-01-01T12:02:55Z</time>
      </trkpt>
      <trkpt lat="37.37827642857143" lon="-122.11843833333334">
        <time>2026-01-01T12:02:56Z</time>
      </trkpt>
      <trkpt lat="37.378192380952385" lon="-122.11835555555557">
        <time>2026-01-01T12:02:57Z</time>
      </trkpt>
      <trkpt lat="37.37810833333334" lon="-122.11827277777779">
        <time>2026-01-01T12:02:58Z</time>
      </trkpt>
      <trkpt lat="37.37802428571429" lon="-122.11819000000001">
        <time>2026-01-01T12:02:59Z</time>
      </trkpt>
      <trkpt lat="37.37794023809524" lon="-122.11810722222224">
        <time>2026-01-01T12:03:00Z</time>
      </trkpt>
      <trkpt lat="37.377856190476194" lon="-122.11802444444444">
        <time>2026-01-01T12:03:01Z</time>
      </trkpt>
      <trkpt lat="37.37777214285715" lon="-122.11794166666667">
        <time>2026-01-01T12:03:02Z</time>
      </trkpt>
      <trkpt lat="37.3776880952381" lon="-122.11785888888889">
        <time>2026-01-01T12:03:03Z</time>
      </trkpt>
      <trkpt lat="37.37760404761905" lon="-122.11777611111111">
        <time>2026-01-01T12:03:04Z</time>
      </trkpt>
      <trkpt lat="37.377520000000004" lon="-122.11769333333334">
        <time>2026-01-01T12:03:05Z</time>
      </trkpt>
      <trkpt lat="37.37743595238096" lon="-122.11761055555556">
        <time>2026-01-01T12:03:06Z</time>
      </trkpt>
      <trkpt lat="37.37735190476191" lon="-122.11752777777778">
        <time>2026-01-01T12:03:07Z</time>
      </trkpt>
      <trkpt lat="37.37726785714286" lon="-122.117445">
        <time>2026-01-01T12:03:08Z</time>
      </trkpt>
      <trkpt lat="37.377183809523814" lon="-122.11736222222223">
        <time>2026-01-01T12:03:09Z</time>
      </trkpt>
      <trkpt lat="37.377099761904766" lon="-122.11727944444445">
        <time>2026-01-01T12:03:10Z</time>
      </trkpt>
      <trkpt lat="37.37701571428572" lon="-122.11719666666667">
        <time>2026-01-01T12:03:11Z</time>
      </trkpt>
      <trkpt lat="37.37693166666667" lon="-122.1171138888889">
        <time>2026-01-01T12:03:12Z</time>
      </trkpt>
      <trkpt lat="37.37684761904762" lon="-122.11703111111112">
        <time>2026-01-01T12:03:13Z</time>
      </trkpt>
      <trkpt lat="37.376763571428576" lon="-122.11694833333334">
        <time>2026-01-01T12:03:14Z</time>
      </trkpt>
      <trkpt lat="37.37667952380953" lon="-122.11686555555556">
        <time>2026-01-01T12:03:15Z</time>
      </trkpt>
      <trkpt lat="37.37659547619048" lon="-122.11678277777779">
        <time>2026-01-01T12:03:16Z</time>
      </trkpt>
      <trkpt lat="37.37651142857143" lon="-122.11670000000001">
        <time>2026-01-01T12:03:17Z</time>
      </trkpt>
      <trkpt lat="37.376427380952386" lon="-122.11661722222223">
        <time>2026-01-01T12:03:18Z</time>
      </trkpt>
      <trkpt lat="37.37634333333334" lon="-122.11653444444445">
        <time>2026-01-01T12:03:19Z</time>
      </trkpt>
      <trkpt lat="37.37625928571429" lon="-122.11645166666668">
        <time>2026-01-01T12:03:20Z</time>
      </trkpt>
      <trkpt lat="37.37617523809524" lon="-122.1163688888889">
        <time>2026-01-01T12:03:21Z</time>
      </trkpt>
      <trkpt lat="37.376091190476195" lon="-122.11628611111112">
        <time>2026-01-01T12:03:22Z</time>
      </trkpt>
      <trkpt lat="37.37600714285715" lon="-122.11620333333335">
        <time>2026-01-01T12:03:23Z</time>
      </trkpt>
      <trkpt lat="37.3759230952381" lon="-122.11612055555557">
        <time>2026-01-01T12:03:24Z</time>
      </trkpt>
      <trkpt lat="37.37583904761905" lon="-122.11603777777779">
        <time>2026-01-01T12:03:25Z</time>
      </trkpt>
      <trkpt lat="37.375755" lon="-122.11595500000001">
        <time>2026-01-01T12:03:26Z</time>
      </trkpt>
      <trkpt lat="37.37567095238095" lon="-122.11587222222222">
        <time>2026-01-01T12:03:27Z</time>
      </trkpt>
      <trkpt lat="37.3755869047619" lon="-122.11578944444445">
        <time>2026-01-01T12:03:28Z</time>
      </trkpt>
      <trkpt lat="37.375502857142855" lon="-122.11570666666667">
        <time>2026-01-01T12:03:29Z</time>
      </trkpt>
      <trkpt lat="37.37541880952381" lon="-122.11562388888889">
        <time>2026-01-01T12:03:30Z</time>
      </trkpt>
      <trkpt lat="37.37533476190476" lon="-122.11554111111111">
        <time>2026-01-01T12:03:31Z</time>
      </trkpt>
      <trkpt lat="37.37525071428571" lon="-122.11545833333334">
        <time>2026-01-01T12:03:32Z</time>
      </trkpt>
      <trkpt lat="37.375166666666665" lon="-122.11537555555556">
        <time>2026-01-01T12:03:33Z</time>
      </trkpt>
      <trkpt lat="37.37508261904762" lon="-122.11529277777778">
        <time>2026-01-01T12:03:34Z</time>
      </trkpt>
      <trkpt lat="37.37499857142857" lon="-122.11521">
        <time>2026-01-01T12:03:35Z</time>
      </trkpt>
      <trkpt lat="37.37491452380952" lon="-122.11512722222223">
        <time>2026-01-01T12:03:36Z</time>
      </trkpt>
      <trkpt lat="37.374830476190475" lon="-122.11504444444445">
        <time>2026-01-01T12:03:37Z</time>
      </trkpt>
      <trkpt lat="37.37474642857143" lon="-122.11496166666667">
        <time>2026-01-01T12:03:38Z</time>
      </trkpt>
      <trkpt lat="37.37466238095238" lon="-122.1148788888889">
        <time>2026-01-01T12:03:39Z</time>
      </trkpt>
      <trkpt lat="37.37457833333333" lon="-122.11479611111112">
        <time>2026-01-01T12:03:40Z</time>
      </trkpt>
      <trkpt lat="37.374494285714285" lon="-122.11471333333334">
        <time>2026-01-01T12:03:41Z</time>
      </trkpt>
      <trkpt lat="37.37441023809524" lon="-122.11463055555556">
        <time>2026-01-01T12:03:42Z</time>
      </trkpt>
      <trkpt lat="37.37432619047619" lon="-122.11454777777779">
        <time>2026-01-01T12:03:43Z</time>
      </trkpt>
      <trkpt lat="37.37424214285714" lon="-122.11446500000001">
        <time>2026-01-01T12:03:44Z</time>
      </trkpt>
      <trkpt lat="37.374158095238094" lon="-122.11438222222223">
        <time>2026-01-01T12:03:45Z</time>
      </trkpt>
      <trkpt lat="37.37407404761905" lon="-122.11429944444446">
        <time>2026-01-01T12:03:46Z</time>
      </trkpt>
      <trkpt lat="37.37399" lon="-122.11421666666668">
        <time>2026-01-01T12:03:47Z</time>
      </trkpt>
      <trkpt lat="37.37390595238095" lon="-122.1141338888889">
        <time>2026-01-01T12:03:48Z</time>
      </trkpt>
      <trkpt lat="37.373821904761904" lon="-122.11405111111112">
        <time>2026-01-01T12:03:49Z</time>
      </trkpt>
      <trkpt lat="37.37373785714286" lon="-122.11396833333335">
        <time>2026-01-01T12:03:50Z</time>
      </trkpt>
      <trkpt lat="37.37365380952381" lon="-122.11388555555557">
        <time>2026-01-01T12:03:51Z</time>
      </trkpt>
      <trkpt lat="37.37356976190476" lon="-122.11380277777778">
        <time>2026-01-01T12:03:52Z</time>
      </trkpt>
      <trkpt lat="37.373485714285714" lon="-122.11372">
        <time>2026-01-01T12:03:53Z</time>
      </trkpt>
      <trkpt lat="37.373401666666666" lon="-122.11363722222222">
        <time>2026-01-01T12:03:54Z</time>
      </trkpt>
      <trkpt lat="37.37331761904762" lon="-122.11355444444445">
        <time>2026-01-01T12:03:55Z</time>
      </trkpt>
      <trkpt lat="37.37323357142857" lon="-122.11347166666667">
        <time>2026-01-01T12:03:56Z</time>
      </trkpt>
      <trkpt lat="37.37314952380952" lon="-122.11338888888889">
        <time>2026-01-01T12:03:57Z</time>
      </trkpt>
      <trkpt lat="37.373065476190476" lon="-122.11330611111111">
        <time>2026-01-01T12:03:58Z</time>
      </trkpt>
      <trkpt lat="37.37298142857143" lon="-122.11322333333334">
        <time>2026-01-01T12:03:59Z</time>
      </trkpt>
      <trkpt lat="37.37289738095238" lon="-122.11314055555556">
        <time>2026-01-01T12:04:00Z</time>
      </trkpt>
      <trkpt lat="37.37281333333333" lon="-122.11305777777778">
        <time>2026-01-01T12:04:01Z</time>
      </trkpt>
      <trkpt lat="37.372729285714286" lon="-122.112975">
        <time>2026-01-01T12:04:02Z</time>
      </trkpt>
      <trkpt lat="37.37264523809524" lon="-122.11289222222223">
        <time>2026-01-01T12:04:03Z</time>
      </trkpt>
      <trkpt lat="37.37256119047619" lon="-122.11280944444445">
        <time>2026-01-01T12:04:04Z</time>
      </trkpt>
      <trkpt lat="37.37247714285714" lon="-122.11272666666667">
        <time>2026-01-01T12:04:05Z</time>
      </trkpt>
      <trkpt lat="37.372393095238095" lon="-122.1126438888889">
        <time>2026-01-01T12:04:06Z</time>
      </trkpt>
      <trkpt lat="37.37230904761905" lon="-122.11256111111112">
        <time>2026-01-01T12:04:07Z</time>
      </trkpt>
      <trkpt lat="37.372225" lon="-122.11247833333334">
        <time>2026-01-01T12:04:08Z</time>
      </trkpt>
      <trkpt lat="37.37214095238095" lon="-122.11239555555557">
        <time>2026-01-01T12:04:09Z</time>
      </trkpt>
      <trkpt lat="37.372056904761905" lon="-122.11231277777779">
        <time>2026-01-01T12:04:10Z</time>
      </trkpt>
      <trkpt lat="37.37197285714286" lon="-122.11223000000001">
        <time>2026-01-01T12:04:11Z</time>
      </trkpt>
      <trkpt lat="37.37188880952381" lon="-122.11214722222223">
        <time>2026-01-01T12:04:12Z</time>
      </trkpt>
      <trkpt lat="37.37180476190476" lon="-122.11206444444446">
        <time>2026-01-01T12:04:13Z</time>
      </trkpt>
      <trkpt lat="37.371720714285715" lon="-122.11198166666668">
        <time>2026-01-01T12:04:14Z</time>
      </trkpt>
      <trkpt lat="37.37163666666667" lon="-122.1118988888889">
        <time>2026-01-01T12:04:15Z</time>
      </trkpt>
      <trkpt lat="37.37155261904762" lon="-122.11181611111112">
        <time>2026-01-01T12:04:16Z</time>
      </trkpt>
      <trkpt lat="37.37146857142857" lon="-122.11173333333333">
        <time>2026-01-01T12:04:17Z</time>
      </trkpt>
      <trkpt lat="37.371384523809525" lon="-122.11165055555556">
        <time>2026-01-01T12:04:18Z</time>
      </trkpt>
      <trkpt lat="37.37130047619048" lon="-122.11156777777778">
        <time>2026-01-01T12:04:19Z</time>
      </trkpt>
      <trkpt lat="37.37121642857143" lon="-122.111485">
        <time>2026-01-01T12:04:20Z</time>
      </trkpt>
      <trkpt lat="37.37113238095238" lon="-122.11140222222222">
        <time>2026-01-01T12:04:21Z</time>
      </trkpt>
      <trkpt lat="37.371048333333334" lon="-122.11131944444445">
        <time>2026-01-01T12:04:22Z</time>
      </trkpt>
      <trkpt lat="37.37096428571429" lon="-122.11123666666667">
        <time>2026-01-01T12:04:23Z</time>
      </trkpt>
      <trkpt lat="37.37088023809524" lon="-122.1111538888889">
        <time>2026-01-01T12:04:24Z</time>
      </trkpt>
      <trkpt lat="37.37079619047619" lon="-122.11107111111112">
        <time>2026-01-01T12:04:25Z</time>
      </trkpt>
      <trkpt lat="37.370712142857144" lon="-122.11098833333334">
        <time>2026-01-01T12:04:26Z</time>
      </trkpt>
      <trkpt lat="37.3706280952381" lon="-122.11090555555556">
        <time>2026-01-01T12:04:27Z</time>
      </trkpt>
      <trkpt lat="37.37054404761905" lon="-122.11082277777778">
        <time>2026-01-01T12:04:28Z</time>
      </trkpt>
      <trkpt lat="37.37046" lon="-122.11074">
        <time>2026-01-01T12:04:29Z</time>
      </trkpt>
      <trkpt lat="37.37054651666667" lon="-122.1106649952381">
        <time>2026-01-01T12:04:30Z</time>
      </trkpt>
      <trkpt lat="37.370633033333334" lon="-122.1105899904762">
        <time>2026-01-01T12:04:31Z</time>
      </trkpt>
      <trkpt lat="37.370719550000004" lon="-122.11051498571429">
        <time>2026-01-01T12:04:32Z</time>
      </trkpt>
      <trkpt lat="37.37080606666667" lon="-122.11043998095239">
        <time>2026-01-01T12:04:33Z</time>
      </trkpt>
      <trkpt lat="37.37089258333334" lon="-122.11036497619048">
        <time>2026-01-01T12:04:34Z</time>
      </trkpt>
      <trkpt lat="37.3709791" lon="-122.11028997142857">
        <time>2026-01-01T12:04:35Z</time>
      </trkpt>
      <trkpt lat="37.37106561666667" lon="-122.11021496666667">
        <time>2026-01-01T12:04:36Z</time>
      </trkpt>
      <trkpt lat="37.37115213333333" lon="-122.11013996190476">
        <time>2026-01-01T12:04:37Z</time>
      </trkpt>
      <trkpt lat="37.37123865" lon="-122.11006495714287">
        <time>2026-01-01T12:04:38Z</time>
      </trkpt>
      <trkpt lat="37.371325166666665" lon="-122.10998995238096">
        <time>2026-01-01T12:04:39Z</time>
      </trkpt>
      <trkpt lat="37.371411683333335" lon="-122.10991494761905">
        <time>2026-01-01T12:04:40Z</time>
      </trkpt>
      <trkpt lat="37.371498200000005" lon="-122.10983994285715">
        <time>2026-01-01T12:04:41Z</time>
      </trkpt>
      <trkpt lat="37.37158471666667" lon="-122.10976493809524">
        <time>2026-01-01T12:04:42Z</time>
      </trkpt>
      <trkpt lat="37.37167123333334" lon="-122.10968993333334">
        <time>2026-01-01T12:04:43Z</time>
      </trkpt>
      <trkpt lat="37.37175775" lon="-122.10961492857143">
        <time>2026-01-01T12:04:44Z</time>
      </trkpt>
      <trkpt lat="37.37184426666667" lon="-122.10953992380952">
        <time>2026-01-01T12:04:45Z</time>
      </trkpt>
      <trkpt lat="37.37193078333333" lon="-122.10946491904762">
        <time>2026-01-01T12:04:46Z</time>
      </trkpt>
      <trkpt lat="37.3720173" lon="-122.10938991428571">
        <time>2026-01-01T12:04:47Z</time>
      </trkpt>
      <trkpt lat="37.372103816666666" lon="-122.10931490952382">
        <time>2026-01-01T12:04:48Z</time>
      </trkpt>
      <trkpt lat="37.372190333333336" lon="-122.1092399047619">
        <time>2026-01-01T12:04:49Z</time>
      </trkpt>
      <trkpt lat="37.372276850000006" lon="-122.1091649">
        <time>2026-01-01T12:04:50Z</time>
      </trkpt>
      <trkpt lat="37.37236336666667" lon="-122.1090898952381">
        <time>2026-01-01T12:04:51Z</time>
      </trkpt>
      <trkpt lat="37.37244988333334" lon="-122.10901489047619">
        <time>2026-01-01T12:04:52Z</time>
      </trkpt>
      <trkpt lat="37.3725364" lon="-122.10893988571429">
        <time>2026-01-01T12:04:53Z</time>
      </trkpt>
      <trkpt lat="37.37262291666667" lon="-122.10886488095238">
        <time>2026-01-01T12:04:54Z</time>
      </trkpt>
      <trkpt lat="37.372709433333334" lon="-122.10878987619049">
        <time>2026-01-01T12:04:55Z</time>
      </trkpt>
      <trkpt lat="37.372795950000004" lon="-122.10871487142857">
        <time>2026-01-01T12:04:56Z</time>
      </trkpt>
      <trkpt lat="37.37288246666667" lon="-122.10863986666666">
        <time>2026-01-01T12:04:57Z</time>
      </trkpt>
      <trkpt lat="37.37296898333334" lon="-122.10856486190477">
        <time>2026-01-01T12:04:58Z</time>
      </trkpt>
      <trkpt lat="37.3730555" lon="-122.10848985714286">
        <time>2026-01-01T12:04:59Z</time>
      </trkpt>
      <trkpt lat="37.37314201666667" lon="-122.10841485238096">
        <time>2026-01-01T12:05:00Z</time>
      </trkpt>
      <trkpt lat="37.37322853333334" lon="-122.10833984761905">
        <time>2026-01-01T12:05:01Z</time>
      </trkpt>
      <trkpt lat="37.37331505" lon="-122.10826484285714">
        <time>2026-01-01T12:05:02Z</time>
      </trkpt>
      <trkpt lat="37.37340156666667" lon="-122.10818983809524">
        <time>2026-01-01T12:05:03Z</time>
      </trkpt>
      <trkpt lat="37.373488083333335" lon="-122.10811483333333">
        <time>2026-01-01T12:05:04Z</time>
      </trkpt>
      <trkpt lat="37.373574600000005" lon="-122.10803982857144">
        <time>2026-01-01T12:05:05Z</time>
      </trkpt>
      <trkpt lat="37.37366111666667" lon="-122.10796482380952">
        <time>2026-01-01T12:05:06Z</time>
      </trkpt>
      <trkpt lat="37.37374763333334" lon="-122.10788981904761">
        <time>2026-01-01T12:05:07Z</time>
      </trkpt>
      <trkpt lat="37.37383415" lon="-122.10781481428572">
        <time>2026-01-01T12:05:08Z</time>
      </trkpt>
      <trkpt lat="37.37392066666667" lon="-122.1077398095238">
        <time>2026-01-01T12:05:09Z</time>
      </trkpt>
      <trkpt lat="37.37400718333333" lon="-122.10766480476191">
        <time>2026-01-01T12:05:10Z</time>
      </trkpt>
      <trkpt lat="37.3740937" lon="-122.1075898">
        <time>2026-01-01T12:05:11Z</time>
      </trkpt>
      <trkpt lat="37.37405733" lon="-122.10746582">
        <time>2026-01-01T12:05:12Z</time>
      </trkpt>
      <trkpt lat="37.37402096" lon="-122.10734184">
        <time>2026-01-01T12:05:13Z</time>
      </trkpt>
      <trkpt lat="37.373984590000006" lon="-122.10721786">
        <time>2026-01-01T12:05:14Z</time>
      </trkpt>
      <trkpt lat="37.37394822" lon="-122.10709388000001">
        <time>2026-01-01T12:05:15Z</time>
      </trkpt>
      <trkpt lat="37.37391185" lon="-122.1069699">
        <time>2026-01-01T12:05:16Z</time>
      </trkpt>
      <trkpt lat="37.37387548" lon="-122.10684592">
        <time>2026-01-01T12:05:17Z</time>
      </trkpt>
      <trkpt lat="37.373839110000006" lon="-122.10672194">
        <time>2026-01-01T12:05:18Z</time>
      </trkpt>
      <trkpt lat="37.37380274" lon="-122.10659796">
        <time>2026-01-01T12:05:19Z</time>
      </trkpt>
      <trkpt lat="37.37376637" lon="-122.10647398">
        <time>2026-01-01T12:05:20Z</time>
      </trkpt>
      <trkpt lat="37.37373" lon="-122.10635">
        <time>2026-01-01T12:05:21Z</time>
      </trkpt>
      <trkpt lat="37.373730519480524" lon="-122.10621688311689">
        <time>2026-01-01T12:05:22Z</time>
      </trkpt>
      <trkpt lat="37.37373103896104" lon="-122.10608376623377">
        <time>2026-01-01T12:05:23Z</time>
      </trkpt>
      <trkpt lat="37.37373155844156" lon="-122.10595064935066">
        <time>2026-01-01T12:05:24Z</time>
      </trkpt>
      <trkpt lat="37.37373207792208" lon="-122.10581753246754">
        <time>2026-01-01T12:05:25Z</time>
      </trkpt>
      <trkpt lat="37.3737325974026" lon="-122.10568441558442">
        <time>2026-01-01T12:05:26Z</time>
      </trkpt>
      <trkpt lat="37.373733116883116" lon="-122.1055512987013">
        <time>2026-01-01T12:05:27Z</time>
      </trkpt>
      <trkpt lat="37.37373363636364" lon="-122.1054181818182">
        <time>2026-01-01T12:05:28Z</time>
      </trkpt>
      <trkpt lat="37.373734155844154" lon="-122.10528506493507">
        <time>2026-01-01T12:05:29Z</time>
      </trkpt>
      <trkpt lat="37.37373467532468" lon="-122.10515194805195">
        <time>2026-01-01T12:05:30Z</time>
      </trkpt>
      <trkpt lat="37.3737351948052" lon="-122.10501883116883">
        <time>2026-01-01T12:05:31Z</time>
      </trkpt>
      <trkpt lat="37.373735714285715" lon="-122.10488571428571">
        <time>2026-01-01T12:05:32Z</time>
      </trkpt>
      <trkpt lat="37.37373623376624" lon="-122.10475259740261">
        <time>2026-01-01T12:05:33Z</time>
      </trkpt>
      <trkpt lat="37.37373675324675" lon="-122.10461948051949">
        <time>2026-01-01T12:05:34Z</time>
      </trkpt>
      <trkpt lat="37.373737272727276" lon="-122.10448636363637">
        <time>2026-01-01T12:05:35Z</time>
      </trkpt>
      <trkpt lat="37.37373779220779" lon="-122.10435324675325">
        <time>2026-01-01T12:05:36Z</time>
      </trkpt>
      <trkpt lat="37.373738311688314" lon="-122.10422012987014">
        <time>2026-01-01T12:05:37Z</time>
      </trkpt>
      <trkpt lat="37.37373883116883" lon="-122.10408701298702">
        <time>2026-01-01T12:05:38Z</time>
      </trkpt>
      <trkpt lat="37.37373935064935" lon="-122.1039538961039">
        <time>2026-01-01T12:05:39Z</time>
      </trkpt>
      <trkpt lat="37.373739870129874" lon="-122.10382077922078">
        <time>2026-01-01T12:05:40Z</time>
      </trkpt>
      <trkpt lat="37.37374038961039" lon="-122.10368766233766">
        <time>2026-01-01T12:05:41Z</time>
      </trkpt>
      <trkpt lat="37.37374090909091" lon="-122.10355454545456">
        <time>2026-01-01T12:05:42Z</time>
      </trkpt>
      <trkpt lat="37.37374142857143" lon="-122.10342142857144">
        <time>2026-01-01T12:05:43Z</time>
      </trkpt>
      <trkpt lat="37.37374194805195" lon="-122.10328831168832">
        <time>2026-01-01T12:05:44Z</time>
      </trkpt>
      <trkpt lat="37.373742467532466" lon="-122.1031551948052">
        <time>2026-01-01T12:05:45Z</time>
      </trkpt>
      <trkpt lat="37.37374298701299" lon="-122.10302207792209">
        <time>2026-01-01T12:05:46Z</time>
      </trkpt>
      <trkpt lat="37.37374350649351" lon="-122.10288896103897">
        <time>2026-01-01T12:05:47Z</time>
      </trkpt>
      <trkpt lat="37.37374402597403" lon="-122.10275584415585">
        <time>2026-01-01T12:05:48Z</time>
      </trkpt>
      <trkpt lat="37.37374454545455" lon="-122.10262272727273">
        <time>2026-01-01T12:05:49Z</time>
      </trkpt>
      <trkpt lat="37.373745064935065" lon="-122.10248961038961">
        <time>2026-01-01T12:05:50Z</time>
      </trkpt>
      <trkpt lat="37.37374558441559" lon="-122.1023564935065">
        <time>2026-01-01T12:05:51Z</time>
      </trkpt>
      <trkpt lat="37.3737461038961" lon="-122.10222337662339">
        <time>2026-01-01T12:05:52Z</time>
      </trkpt>
      <trkpt lat="37.373746623376626" lon="-122.10209025974027">
        <time>2026-01-01T12:05:53Z</time>
      </trkpt>
      <trkpt lat="37.37374714285714" lon="-122.10195714285715">
        <time>2026-01-01T12:05:54Z</time>
      </trkpt>
      <trkpt lat="37.373747662337664" lon="-122.10182402597404">
        <time>2026-01-01T12:05:55Z</time>
      </trkpt>
      <trkpt lat="37.373748181818186" lon="-122.10169090909092">
        <time>2026-01-01T12:05:56Z</time>
      </trkpt>
      <trkpt lat="37.3737487012987" lon="-122.1015577922078">
        <time>2026-01-01T12:05:57Z</time>
      </trkpt>
      <trkpt lat="37.373749220779224" lon="-122.10142467532468">
        <time>2026-01-01T12:05:58Z</time>
      </trkpt>
      <trkpt lat="37.37374974025974" lon="-122.10129155844156">
        <time>2026-01-01T12:05:59Z</time>
      </trkpt>
      <trkpt lat="37.37375025974026" lon="-122.10115844155845">
        <time>2026-01-01T12:06:00Z</time>
      </trkpt>
      <trkpt lat="37.37375077922078" lon="-122.10102532467533">
        <time>2026-01-01T12:06:01Z</time>
      </trkpt>
      <trkpt lat="37.3737512987013" lon="-122.10089220779221">
        <time>2026-01-01T12:06:02Z</time>
      </trkpt>
      <trkpt lat="37.373751818181816" lon="-122.1007590909091">
        <time>2026-01-01T12:06:03Z</time>
      </trkpt>
      <trkpt lat="37.37375233766234" lon="-122.10062597402597">
        <time>2026-01-01T12:06:04Z</time>
      </trkpt>
      <trkpt lat="37.37375285714286" lon="-122.10049285714287">
        <time>2026-01-01T12:06:05Z</time>
      </trkpt>
      <trkpt lat="37.37375337662338" lon="-122.10035974025975">
        <time>2026-01-01T12:06:06Z</time>
      </trkpt>
      <trkpt lat="37.3737538961039" lon="-122.10022662337663">
        <time>2026-01-01T12:06:07Z</time>
      </trkpt>
      <trkpt lat="37.373754415584415" lon="-122.10009350649351">
        <time>2026-01-01T12:06:08Z</time>
      </trkpt>
      <trkpt lat="37.37375493506494" lon="-122.0999603896104">
        <time>2026-01-01T12:06:09Z</time>
      </trkpt>
      <trkpt lat="37.37375545454545" lon="-122.09982727272728">
        <time>2026-01-01T12:06:10Z</time>
      </trkpt>
      <trkpt lat="37.373755974025975" lon="-122.09969415584416">
        <time>2026-01-01T12:06:11Z</time>
      </trkpt>
      <trkpt lat="37.37375649350649" lon="-122.09956103896104">
        <time>2026-01-01T12:06:12Z</time>
      </trkpt>
      <trkpt lat="37.373757012987014" lon="-122.09942792207792">
        <time>2026-01-01T12:06:13Z</time>
      </trkpt>
      <trkpt lat="37.373757532467536" lon="-122.09929480519482">
        <time>2026-01-01T12:06:14Z</time>
      </trkpt>
      <trkpt lat="37.37375805194805" lon="-122.0991616883117">
        <time>2026-01-01T12:06:15Z</time>
      </trkpt>
      <trkpt lat="37.373758571428574" lon="-122.09902857142858">
        <time>2026-01-01T12:06:16Z</time>
      </trkpt>
      <trkpt lat="37.37375909090909" lon="-122.09889545454546">
        <time>2026-01-01T12:06:17Z</time>
      </trkpt>
      <trkpt lat="37.37375961038961" lon="-122.09876233766235">
        <time>2026-01-01T12:06:18Z</time>
      </trkpt>
      <trkpt lat="37.37376012987013" lon="-122.09862922077923">
        <time>2026-01-01T12:06:19Z</time>
      </trkpt>
      <trkpt lat="37.37376064935065" lon="-122.09849610389611">
        <time>2026-01-01T12:06:20Z</time>
      </trkpt>
      <trkpt lat="37.37376116883117" lon="-122.09836298701299">
        <time>2026-01-01T12:06:21Z</time>
      </trkpt>
      <trkpt lat="37.37376168831169" lon="-122.09822987012987">
        <time>2026-01-01T12:06:22Z</time>
      </trkpt>
      <trkpt lat="37.37376220779221" lon="-122.09809675324676">
        <time>2026-01-01T12:06:23Z</time>
      </trkpt>
      <trkpt lat="37.37376272727273" lon="-122.09796363636364">
        <time>2026-01-01T12:06:24Z</time>
      </trkpt>
      <trkpt lat="37.37376324675325" lon="-122.09783051948052">
        <time>2026-01-01T12:06:25Z</time>
      </trkpt>
      <trkpt lat="37.373763766233765" lon="-122.0976974025974">
        <time>2026-01-01T12:06:26Z</time>
      </trkpt>
      <trkpt lat="37.37376428571429" lon="-122.0975642857143">
        <time>2026-01-01T12:06:27Z</time>
      </trkpt>
      <trkpt lat="37.3737648051948" lon="-122.09743116883118">
        <time>2026-01-01T12:06:28Z</time>
      </trkpt>
      <trkpt lat="37.373765324675325" lon="-122.09729805194806">
        <time>2026-01-01T12:06:29Z</time>
      </trkpt>
      <trkpt lat="37.37376584415585" lon="-122.09716493506494">
        <time>2026-01-01T12:06:30Z</time>
      </trkpt>
      <trkpt lat="37.37376636363636" lon="-122.09703181818182">
        <time>2026-01-01T12:06:31Z</time>
      </trkpt>
      <trkpt lat="37.373766883116886" lon="-122.09689870129871">
        <time>2026-01-01T12:06:32Z</time>
      </trkpt>
      <trkpt lat="37.3737674025974" lon="-122.09676558441559">
        <time>2026-01-01T12:06:33Z</time>
      </trkpt>
      <trkpt lat="37.373767922077924" lon="-122.09663246753247">
        <time>2026-01-01T12:06:34Z</time>
      </trkpt>
      <trkpt lat="37.37376844155844" lon="-122.09649935064935">
        <time>2026-01-01T12:06:35Z</time>
      </trkpt>
      <trkpt lat="37.37376896103896" lon="-122.09636623376625">
        <time>2026-01-01T12:06:36Z</time>
      </trkpt>
      <trkpt lat="37.37376948051948" lon="-122.09623311688313">
        <time>2026-01-01T12:06:37Z</time>
      </trkpt>
      <trkpt lat="37.37377" lon="-122.0961">
        <time>2026-01-01T12:06:38Z</time>
      </trkpt>
      <trkpt lat="37.373715714285716" lon="-122.09599">
        <time>2026-01-01T12:06:39Z</time>
      </trkpt>
      <trkpt lat="37.37366142857143" lon="-122.09588000000001">
        <time>2026-01-01T12:06:40Z</time>
      </trkpt>
      <trkpt lat="37.373607142857146" lon="-122.09577">
        <time>2026-01-01T12:06:41Z</time>
      </trkpt>
      <trkpt lat="37.373552857142855" lon="-122.09566000000001">
        <time>2026-01-01T12:06:42Z</time>
      </trkpt>
      <trkpt lat="37.37349857142857" lon="-122.09555">
        <time>2026-01-01T12:06:43Z</time>
      </trkpt>
      <trkpt lat="37.373444285714285" lon="-122.09544000000001">
        <time>2026-01-01T12:06:44Z</time>
      </trkpt>
      <trkpt lat="37.37339" lon="-122.09533">
        <time>2026-01-01T12:06:45Z</time>
      </trkpt>
      <trkpt lat="37.373388545454546" lon="-122.09519254545455">
        <time>2026-01-01T12:06:46Z</time>
      </trkpt>
      <trkpt lat="37.37338709090909" lon="-122.0950550909091">
        <time>2026-01-01T12:06:47Z</time>
      </trkpt>
      <trkpt lat="37.373385636363636" lon="-122.09491763636365">
        <time>2026-01-01T12:06:48Z</time>
      </trkpt>
      <trkpt lat="37.37338418181818" lon="-122.09478018181818">
        <time>2026-01-01T12:06:49Z</time>
      </trkpt>
      <trkpt lat="37.37338272727273" lon="-122.09464272727273">
        <time>2026-01-01T12:06:50Z</time>
      </trkpt>
      <trkpt lat="37.37338127272727" lon="-122.09450527272728">
        <time>2026-01-01T12:06:51Z</time>
      </trkpt>
      <trkpt lat="37.37337981818182" lon="-122.09436781818182">
        <time>2026-01-01T12:06:52Z</time>
      </trkpt>
      <trkpt lat="37.37337836363636" lon="-122.09423036363637">
        <time>2026-01-01T12:06:53Z</time>
      </trkpt>
      <trkpt lat="37.37337690909091" lon="-122.09409290909092">
        <time>2026-01-01T12:06:54Z</time>
      </trkpt>
      <trkpt lat="37.37337545454545" lon="-122.09395545454547">
        <time>2026-01-01T12:06:55Z</time>
      </trkpt>
      <trkpt lat="37.373374" lon="-122.093818">
        <time>2026-01-01T12:06:56Z</time>
      </trkpt>
      <trkpt lat="37.373372545454544" lon="-122.09368054545455">
        <time>2026-01-01T12:06:57Z</time>
      </trkpt>
      <trkpt lat="37.37337109090909" lon="-122.0935430909091">
        <time>2026-01-01T12:06:58Z</time>
      </trkpt>
      <trkpt lat="37.373369636363634" lon="-122.09340563636364">
        <time>2026-01-01T12:06:59Z</time>
      </trkpt>
      <trkpt lat="37.37336818181818" lon="-122.09326818181819">
        <time>2026-01-01T12:07:00Z</time>
      </trkpt>
      <trkpt lat="37.373366727272725" lon="-122.09313072727274">
        <time>2026-01-01T12:07:01Z</time>
      </trkpt>
      <trkpt lat="37.37336527272727" lon="-122.09299327272728">
        <time>2026-01-01T12:07:02Z</time>
      </trkpt>
      <trkpt lat="37.373363818181815" lon="-122.09285581818182">
        <time>2026-01-01T12:07:03Z</time>
      </trkpt>
      <trkpt lat="37.37336236363636" lon="-122.09271836363637">
        <time>2026-01-01T12:07:04Z</time>
      </trkpt>
      <trkpt lat="37.373360909090906" lon="-122.09258090909091">
        <time>2026-01-01T12:07:05Z</time>
      </trkpt>
      <trkpt lat="37.37335945454545" lon="-122.09244345454546">
        <time>2026-01-01T12:07:06Z</time>
      </trkpt>
      <trkpt lat="37.373357999999996" lon="-122.09230600000001">
        <time>2026-01-01T12:07:07Z</time>
      </trkpt>
      <trkpt lat="37.37335654545454" lon="-122.09216854545456">
        <time>2026-01-01T12:07:08Z</time>
      </trkpt>
      <trkpt lat="37.37335509090909" lon="-122.0920310909091">
        <time>2026-01-01T12:07:09Z</time>
      </trkpt>
      <trkpt lat="37.37335363636363" lon="-122.09189363636364">
        <time>2026-01-01T12:07:10Z</time>
      </trkpt>
      <trkpt lat="37.37335218181818" lon="-122.09175618181818">
        <time>2026-01-01T12:07:11Z</time>
      </trkpt>
      <trkpt lat="37.37335072727272" lon="-122.09161872727273">
        <time>2026-01-01T12:07:12Z</time>
      </trkpt>
      <trkpt lat="37.373349272727275" lon="-122.09148127272728">
        <time>2026-01-01T12:07:13Z</time>
      </trkpt>
      <trkpt lat="37.37334781818182" lon="-122.09134381818183">
        <time>2026-01-01T12:07:14Z</time>
      </trkpt>
      <trkpt lat="37.373346363636365" lon="-122.09120636363637">
        <time>2026-01-01T12:07:15Z</time>
      </trkpt>
      <trkpt lat="37.37334490909091" lon="-122.09106890909091">
        <time>2026-01-01T12:07:16Z</time>
      </trkpt>
      <trkpt lat="37.373343454545456" lon="-122.09093145454545">
        <time>2026-01-01T12:07:17Z</time>
      </trkpt>
      <trkpt lat="37.373342" lon="-122.090794">
        <time>2026-01-01T12:07:18Z</time>
      </trkpt>
      <trkpt lat="37.373340545454546" lon="-122.09065654545455">
        <time>2026-01-01T12:07:19Z</time>
      </trkpt>
      <trkpt lat="37.37333909090909" lon="-122.0905190909091">
        <time>2026-01-01T12:07:20Z</time>
      </trkpt>
      <trkpt lat="37.37333763636364" lon="-122.09038163636365">
        <time>2026-01-01T12:07:21Z</time>
      </trkpt>
      <trkpt lat="37.37333618181818" lon="-122.09024418181819">
        <time>2026-01-01T12:07:22Z</time>
      </trkpt>
      <trkpt lat="37.37333472727273" lon="-122.09010672727273">
        <time>2026-01-01T12:07:23Z</time>
      </trkpt>
      <trkpt lat="37.37333327272727" lon="-122.08996927272727">
        <time>2026-01-01T12:07:24Z</time>
      </trkpt>
      <trkpt lat="37.37333181818182" lon="-122.08983181818182">
        <time>2026-01-01T12:07:25Z</time>
      </trkpt>
      <trkpt lat="37.37333036363636" lon="-122.08969436363637">
        <time>2026-01-01T12:07:26Z</time>
      </trkpt>
      <trkpt lat="37.37332890909091" lon="-122.08955690909092">
        <time>2026-01-01T12:07:27Z</time>
      </trkpt>
      <trkpt lat="37.37332745454545" lon="-122.08941945454546">
        <time>2026-01-01T12:07:28Z</time>
      </trkpt>
      <trkpt lat="37.373326" lon="-122.08928200000001">
        <time>2026-01-01T12:07:29Z</time>
      </trkpt>
      <trkpt lat="37.373324545454544" lon="-122.08914454545454">
        <time>2026-01-01T12:07:30Z</time>
      </trkpt>
      <trkpt lat="37.37332309090909" lon="-122.08900709090909">
        <time>2026-01-01T12:07:31Z</time>
      </trkpt>
      <trkpt lat="37.373321636363634" lon="-122.08886963636364">
        <time>2026-01-01T12:07:32Z</time>
      </trkpt>
      <trkpt lat="37.37332018181818" lon="-122.08873218181819">
        <time>2026-01-01T12:07:33Z</time>
      </trkpt>
      <trkpt lat="37.373318727272725" lon="-122.08859472727273">
        <time>2026-01-01T12:07:34Z</time>
      </trkpt>
      <trkpt lat="37.37331727272727" lon="-122.08845727272728">
        <time>2026-01-01T12:07:35Z</time>
      </trkpt>
      <trkpt lat="37.373315818181815" lon="-122.08831981818183">
        <time>2026-01-01T12:07:36Z</time>
      </trkpt>
      <trkpt lat="37.37331436363636" lon="-122.08818236363636">
        <time>2026-01-01T12:07:37Z</time>
      </trkpt>
      <trkpt lat="37.373312909090906" lon="-122.08804490909091">
        <time>2026-01-01T12:07:38Z</time>
      </trkpt>
      <trkpt lat="37.37331145454545" lon="-122.08790745454546">
        <time>2026-01-01T12:07:39Z</time>
      </trkpt>
      <trkpt lat="37.37331" lon="-122.08777">
        <time>2026-01-01T12:07:40Z</time>
      </trkpt>
      <trkpt lat="37.373352499999996" lon="-122.0876375">
        <time>2026-01-01T12:07:41Z</time>
      </trkpt>
      <trkpt lat="37.373394999999995" lon="-122.08750500000001">
        <time>2026-01-01T12:07:42Z</time>
      </trkpt>
      <trkpt lat="37.373437499999994" lon="-122.0873725">
        <time>2026-01-01T12:07:43Z</time>
      </trkpt>
      <trkpt lat="37.37348" lon="-122.08724000000001">
        <time>2026-01-01T12:07:44Z</time>
      </trkpt>
      <trkpt lat="37.3735225" lon="-122.0871075">
        <time>2026-01-01T12:07:45Z</time>
      </trkpt>
      <trkpt lat="37.373565" lon="-122.086975">
        <time>2026-01-01T12:07:46Z</time>
      </trkpt>
      <trkpt lat="37.3736075" lon="-122.0868425">
        <time>2026-01-01T12:07:47Z</time>
      </trkpt>
      <trkpt lat="37.37365" lon="-122.08671">
        <time>2026-01-01T12:07:48Z</time>
      </trkpt>
      <trkpt lat="37.37364705882353" lon="-122.08657823529411">
        <time>2026-01-01T12:07:49Z</time>
      </trkpt>
      <trkpt lat="37.37364411764705" lon="-122.08644647058823">
        <time>2026-01-01T12:07:50Z</time>
      </trkpt>
      <trkpt lat="37.373641176470585" lon="-122.08631470588234">
        <time>2026-01-01T12:07:51Z</time>
      </trkpt>
      <trkpt lat="37.373638235294116" lon="-122.08618294117646">
        <time>2026-01-01T12:07:52Z</time>
      </trkpt>
      <trkpt lat="37.37363529411765" lon="-122.08605117647059">
        <time>2026-01-01T12:07:53Z</time>
      </trkpt>
      <trkpt lat="37.37363235294117" lon="-122.0859194117647">
        <time>2026-01-01T12:07:54Z</time>
      </trkpt>
      <trkpt lat="37.3736294117647" lon="-122.08578764705882">
        <time>2026-01-01T12:07:55Z</time>
      </trkpt>
      <trkpt lat="37.373626470588235" lon="-122.08565588235294">
        <time>2026-01-01T12:07:56Z</time>
      </trkpt>
      <trkpt lat="37.37362352941176" lon="-122.08552411764705">
        <time>2026-01-01T12:07:57Z</time>
      </trkpt>
      <trkpt lat="37.37362058823529" lon="-122.08539235294117">
        <time>2026-01-01T12:07:58Z</time>
      </trkpt>
      <trkpt lat="37.37361764705882" lon="-122.08526058823529">
        <time>2026-01-01T12:07:59Z</time>
      </trkpt>
      <trkpt lat="37.37361470588235" lon="-122.0851288235294">
        <time>2026-01-01T12:08:00Z</time>
      </trkpt>
      <trkpt lat="37.37361176470588" lon="-122.08499705882353">
        <time>2026-01-01T12:08:01Z</time>
      </trkpt>
      <trkpt lat="37.37360882352941" lon="-122.08486529411765">
        <time>2026-01-01T12:08:02Z</time>
      </trkpt>
      <trkpt lat="37.37360588235294" lon="-122.08473352941176">
        <time>2026-01-01T12:08:03Z</time>
      </trkpt>
      <trkpt lat="37.37360294117647" lon="-122.08460176470588">
        <time>2026-01-01T12:08:04Z</time>
      </trkpt>
      <trkpt lat="37.373599999999996" lon="-122.08447">
        <time>2026-01-01T12:08:05Z</time>
      </trkpt>
      <trkpt lat="37.37359705882353" lon="-122.08433823529411">
        <time>2026-01-01T12:08:06Z</time>
      </trkpt>
      <trkpt lat="37.37359411764706" lon="-122.08420647058823">
        <time>2026-01-01T12:08:07Z</time>
      </trkpt>
      <trkpt lat="37.37359117647058" lon="-122.08407470588234">
        <time>2026-01-01T12:08:08Z</time>
      </trkpt>
      <trkpt lat="37.373588235294115" lon="-122.08394294117646">
        <time>2026-01-01T12:08:09Z</time>
      </trkpt>
      <trkpt lat="37.373585294117646" lon="-122.08381117647059">
        <time>2026-01-01T12:08:10Z</time>
      </trkpt>
      <trkpt lat="37.37358235294118" lon="-122.0836794117647">
        <time>2026-01-01T12:08:11Z</time>
      </trkpt>
      <trkpt lat="37.3735794117647" lon="-122.08354764705882">
        <time>2026-01-01T12:08:12Z</time>
      </trkpt>
      <trkpt lat="37.37357647058823" lon="-122.08341588235294">
        <time>2026-01-01T12:08:13Z</time>
      </trkpt>
      <trkpt lat="37.373573529411765" lon="-122.08328411764705">
        <time>2026-01-01T12:08:14Z</time>
      </trkpt>
      <trkpt lat="37.37357058823529" lon="-122.08315235294117">
        <time>2026-01-01T12:08:15Z</time>
      </trkpt>
      <trkpt lat="37.37356764705882" lon="-122.08302058823529">
        <time>2026-01-01T12:08:16Z</time>
      </trkpt>
      <trkpt lat="37.37356470588235" lon="-122.0828888235294">
        <time>2026-01-01T12:08:17Z</time>
      </trkpt>
      <trkpt lat="37.37356176470588" lon="-122.08275705882353">
        <time>2026-01-01T12:08:18Z</time>
      </trkpt>
      <trkpt lat="37.37355882352941" lon="-122.08262529411765">
        <time>2026-01-01T12:08:19Z</time>
      </trkpt>
      <trkpt lat="37.37355588235294" lon="-122.08249352941176">
        <time>2026-01-01T12:08:20Z</time>
      </trkpt>
      <trkpt lat="37.37355294117647" lon="-122.08236176470588">
        <time>2026-01-01T12:08:21Z</time>
      </trkpt>
      <trkpt lat="37.373549999999994" lon="-122.08223">
        <time>2026-01-01T12:08:22Z</time>
      </trkpt>
      <trkpt lat="37.373547058823526" lon="-122.08209823529411">
        <time>2026-01-01T12:08:23Z</time>
      </trkpt>
      <trkpt lat="37.37354411764706" lon="-122.08196647058823">
        <time>2026-01-01T12:08:24Z</time>
      </trkpt>
      <trkpt lat="37.37354117647059" lon="-122.08183470588234">
        <time>2026-01-01T12:08:25Z</time>
      </trkpt>
      <trkpt lat="37.37353823529411" lon="-122.08170294117646">
        <time>2026-01-01T12:08:26Z</time>
      </trkpt>
      <trkpt lat="37.373535294117644" lon="-122.08157117647059">
        <time>2026-01-01T12:08:27Z</time>
      </trkpt>
      <trkpt lat="37.373532352941176" lon="-122.0814394117647">
        <time>2026-01-01T12:08:28Z</time>
      </trkpt>
      <trkpt lat="37.37352941176471" lon="-122.08130764705882">
        <time>2026-01-01T12:08:29Z</time>
      </trkpt>
      <trkpt lat="37.37352647058823" lon="-122.08117588235294">
        <time>2026-01-01T12:08:30Z</time>
      </trkpt>
      <trkpt lat="37.37352352941176" lon="-122.08104411764705">
        <time>2026-01-01T12:08:31Z</time>
      </trkpt>
      <trkpt lat="37.373520588235294" lon="-122.08091235294117">
        <time>2026-01-01T12:08:32Z</time>
      </trkpt>
      <trkpt lat="37.37351764705882" lon="-122.08078058823529">
        <time>2026-01-01T12:08:33Z</time>
      </trkpt>
      <trkpt lat="37.37351470588235" lon="-122.0806488235294">
        <time>2026-01-01T12:08:34Z</time>
      </trkpt>
      <trkpt lat="37.37351176470588" lon="-122.08051705882353">
        <time>2026-01-01T12:08:35Z</time>
      </trkpt>
      <trkpt lat="37.37350882352941" lon="-122.08038529411765">
        <time>2026-01-01T12:08:36Z</time>
      </trkpt>
      <trkpt lat="37.37350588235294" lon="-122.08025352941176">
        <time>2026-01-01T12:08:37Z</time>
      </trkpt>
      <trkpt lat="37.37350294117647" lon="-122.08012176470588">
        <time>2026-01-01T12:08:38Z</time>
      </trkpt>
      <trkpt lat="37.3735" lon="-122.07999">
        <time>2026-01-01T12:08:39Z</time>
      </trkpt>
      <trkpt lat="37.373497058823524" lon="-122.07985823529411">
        <time>2026-01-01T12:08:40Z</time>
      </trkpt>
      <trkpt lat="37.373494117647056" lon="-122.07972647058823">
        <time>2026-01-01T12:08:41Z</time>
      </trkpt>
      <trkpt lat="37.37349117647059" lon="-122.07959470588234">
        <time>2026-01-01T12:08:42Z</time>
      </trkpt>
      <trkpt lat="37.37348823529412" lon="-122.07946294117646">
        <time>2026-01-01T12:08:43Z</time>
      </trkpt>
      <trkpt lat="37.37348529411764" lon="-122.07933117647059">
        <time>2026-01-01T12:08:44Z</time>
      </trkpt>
      <trkpt lat="37.373482352941174" lon="-122.0791994117647">
        <time>2026-01-01T12:08:45Z</time>
      </trkpt>
      <trkpt lat="37.373479411764706" lon="-122.07906764705882">
        <time>2026-01-01T12:08:46Z</time>
      </trkpt>
      <trkpt lat="37.37347647058824" lon="-122.07893588235294">
        <time>2026-01-01T12:08:47Z</time>
      </trkpt>
      <trkpt lat="37.37347352941176" lon="-122.07880411764705">
        <time>2026-01-01T12:08:48Z</time>
      </trkpt>
      <trkpt lat="37.37347058823529" lon="-122.07867235294117">
        <time>2026-01-01T12:08:49Z</time>
      </trkpt>
      <trkpt lat="37.373467647058824" lon="-122.07854058823528">
        <time>2026-01-01T12:08:50Z</time>
      </trkpt>
      <trkpt lat="37.37346470588235" lon="-122.0784088235294">
        <time>2026-01-01T12:08:51Z</time>
      </trkpt>
      <trkpt lat="37.37346176470588" lon="-122.07827705882353">
        <time>2026-01-01T12:08:52Z</time>
      </trkpt>
      <trkpt lat="37.37345882352941" lon="-122.07814529411765">
        <time>2026-01-01T12:08:53Z</time>
      </trkpt>
      <trkpt lat="37.37345588235294" lon="-122.07801352941176">
        <time>2026-01-01T12:08:54Z</time>
      </trkpt>
      <trkpt lat="37.37345294117647" lon="-122.07788176470588">
        <time>2026-01-01T12:08:55Z</time>
      </trkpt>
      <trkpt lat="37.37345" lon="-122.07775">
        <time>2026-01-01T12:08:56Z</time>
      </trkpt>
      <trkpt lat="37.37354625" lon="-122.07773625">
        <time>2026-01-01T12:08:57Z</time>
      </trkpt>
      <trkpt lat="37.3736425" lon="-122.0777225">
        <time>2026-01-01T12:08:58Z</time>
      </trkpt>
      <trkpt lat="37.37373875" lon="-122.07770875">
        <time>2026-01-01T12:08:59Z</time>
      </trkpt>
      <trkpt lat="37.373835" lon="-122.077695">
        <time>2026-01-01T12:09:00Z</time>
      </trkpt>
      <trkpt lat="37.37393125" lon="-122.07768125">
        <time>2026-01-01T12:09:01Z</time>
      </trkpt>
      <trkpt lat="37.3740275" lon="-122.0776675">
        <time>2026-01-01T12:09:02Z</time>
      </trkpt>
      <trkpt lat="37.37412375" lon="-122.07765375">
        <time>2026-01-01T12:09:03Z</time>
      </trkpt>
      <trkpt lat="37.37422" lon="-122.07764">
        <time>2026-01-01T12:09:04Z</time>
      </trkpt>
      <trkpt lat="37.37431285714286" lon="-122.0775842857143">
        <time>2026-01-01T12:09:05Z</time>
      </trkpt>
      <trkpt lat="37.374405714285714" lon="-122.07752857142857">
        <time>2026-01-01T12:09:06Z</time>
      </trkpt>
      <trkpt lat="37.374498571428575" lon="-122.07747285714287">
        <time>2026-01-01T12:09:07Z</time>
      </trkpt>
      <trkpt lat="37.37459142857143" lon="-122.07741714285714">
        <time>2026-01-01T12:09:08Z</time>
      </trkpt>
      <trkpt lat="37.37468428571429" lon="-122.07736142857144">
        <time>2026-01-01T12:09:09Z</time>
      </trkpt>
      <trkpt lat="37.37477714285714" lon="-122.07730571428571">
        <time>2026-01-01T12:09:10Z</time>
      </trkpt>
      <trkpt lat="37.37487" lon="-122.07725">
        <time>2026-01-01T12:09:11Z</time>
      </trkpt>
      <trkpt lat="37.37496128205128" lon="-122.07717692307693">
        <time>2026-01-01T12:09:12Z</time>
      </trkpt>
      <trkpt lat="37.37505256410257" lon="-122.07710384615385">
        <time>2026-01-01T12:09:13Z</time>
      </trkpt>
      <trkpt lat="37.37514384615385" lon="-122.07703076923077">
        <time>2026-01-01T12:09:14Z</time>
      </trkpt>
      <trkpt lat="37.37523512820513" lon="-122.0769576923077">
        <time>2026-01-01T12:09:15Z</time>
      </trkpt>
      <trkpt lat="37.37532641025641" lon="-122.07688461538463">
        <time>2026-01-01T12:09:16Z</time>
      </trkpt>
      <trkpt lat="37.37541769230769" lon="-122.07681153846154">
        <time>2026-01-01T12:09:17Z</time>
      </trkpt>
      <trkpt lat="37.37550897435898" lon="-122.07673846153847">
        <time>2026-01-01T12:09:18Z</time>
      </trkpt>
      <trkpt lat="37.37560025641026" lon="-122.0766653846154">
        <time>2026-01-01T12:09:19Z</time>
      </trkpt>
      <trkpt lat="37.37569153846154" lon="-122.07659230769231">
        <time>2026-01-01T12:09:20Z</time>
      </trkpt>
      <trkpt lat="37.375782820512825" lon="-122.07651923076924">
        <time>2026-01-01T12:09:21Z</time>
      </trkpt>
      <trkpt lat="37.375874102564104" lon="-122.07644615384616">
        <time>2026-01-01T12:09:22Z</time>
      </trkpt>
      <trkpt lat="37.375965384615384" lon="-122.07637307692308">
        <time>2026-01-01T12:09:23Z</time>
      </trkpt>
      <trkpt lat="37.37605666666667" lon="-122.0763">
        <time>2026-01-01T12:09:24Z</time>
      </trkpt>
      <trkpt lat="37.37614794871795" lon="-122.07622692307693">
        <time>2026-01-01T12:09:25Z</time>
      </trkpt>
      <trkpt lat="37.37623923076923" lon="-122.07615384615386">
        <time>2026-01-01T12:09:26Z</time>
      </trkpt>
      <trkpt lat="37.376330512820516" lon="-122.07608076923077">
        <time>2026-01-01T12:09:27Z</time>
      </trkpt>
      <trkpt lat="37.376421794871796" lon="-122.0760076923077">
        <time>2026-01-01T12:09:28Z</time>
      </trkpt>
      <trkpt lat="37.376513076923075" lon="-122.07593461538463">
        <time>2026-01-01T12:09:29Z</time>
      </trkpt>
      <trkpt lat="37.37660435897436" lon="-122.07586153846154">
        <time>2026-01-01T12:09:30Z</time>
      </trkpt>
      <trkpt lat="37.37669564102564" lon="-122.07578846153847">
        <time>2026-01-01T12:09:31Z</time>
      </trkpt>
      <trkpt lat="37.37678692307693" lon="-122.07571538461539">
        <time>2026-01-01T12:09:32Z</time>
      </trkpt>
      <trkpt lat="37.37687820512821" lon="-122.07564230769232">
        <time>2026-01-01T12:09:33Z</time>
      </trkpt>
      <trkpt lat="37.37696948717949" lon="-122.07556923076923">
        <time>2026-01-01T12:09:34Z</time>
      </trkpt>
      <trkpt lat="37.37706076923077" lon="-122.07549615384616">
        <time>2026-01-01T12:09:35Z</time>
      </trkpt>
      <trkpt lat="37.37715205128205" lon="-122.07542307692309">
        <time>2026-01-01T12:09:36Z</time>
      </trkpt>
      <trkpt lat="37.37724333333333" lon="-122.07535">
        <time>2026-01-01T12:09:37Z</time>
      </trkpt>
      <trkpt lat="37.37733461538462" lon="-122.07527692307693">
        <time>2026-01-01T12:09:38Z</time>
      </trkpt>
      <trkpt lat="37.3774258974359" lon="-122.07520384615385">
        <time>2026-01-01T12:09:39Z</time>
      </trkpt>
      <trkpt lat="37.37751717948718" lon="-122.07513076923077">
        <time>2026-01-01T12:09:40Z</time>
      </trkpt>
      <trkpt lat="37.377608461538465" lon="-122.0750576923077">
        <time>2026-01-01T12:09:41Z</time>
      </trkpt>
      <trkpt lat="37.377699743589744" lon="-122.07498461538462">
        <time>2026-01-01T12:09:42Z</time>
      </trkpt>
      <trkpt lat="37.377791025641024" lon="-122.07491153846155">
        <time>2026-01-01T12:09:43Z</time>
      </trkpt>
      <trkpt lat="37.37788230769231" lon="-122.07483846153846">
        <time>2026-01-01T12:09:44Z</time>
      </trkpt>
      <trkpt lat="37.37797358974359" lon="-122.07476538461539">
        <time>2026-01-01T12:09:45Z</time>
      </trkpt>
      <trkpt lat="37.37806487179488" lon="-122.07469230769232">
        <time>2026-01-01T12:09:46Z</time>
      </trkpt>
      <trkpt lat="37.378156153846156" lon="-122.07461923076923">
        <time>2026-01-01T12:09:47Z</time>
      </trkpt>
      <trkpt lat="37.378247435897435" lon="-122.07454615384616">
        <time>2026-01-01T12:09:48Z</time>
      </trkpt>
      <trkpt lat="37.37833871794872" lon="-122.07447307692308">
        <time>2026-01-01T12:09:49Z</time>
      </trkpt>
      <trkpt lat="37.37843" lon="-122.0744">
        <time>2026-01-01T12:09:50Z</time>
      </trkpt>
      <trkpt lat="37.37852128205128" lon="-122.07432692307692">
        <time>2026-01-01T12:09:51Z</time>
      </trkpt>
      <trkpt lat="37.37861256410257" lon="-122.07425384615385">
        <time>2026-01-01T12:09:52Z</time>
      </trkpt>
      <trkpt lat="37.37870384615385" lon="-122.07418076923078">
        <time>2026-01-01T12:09:53Z</time>
      </trkpt>
      <trkpt lat="37.37879512820513" lon="-122.07410769230769">
        <time>2026-01-01T12:09:54Z</time>
      </trkpt>
      <trkpt lat="37.37888641025641" lon="-122.07403461538462">
        <time>2026-01-01T12:09:55Z</time>
      </trkpt>
      <trkpt lat="37.37897769230769" lon="-122.07396153846155">
        <time>2026-01-01T12:09:56Z</time>
      </trkpt>
      <trkpt lat="37.37906897435898" lon="-122.07388846153846">
        <time>2026-01-01T12:09:57Z</time>
      </trkpt>
      <trkpt lat="37.37916025641026" lon="-122.07381538461539">
        <time>2026-01-01T12:09:58Z</time>
      </trkpt>
      <trkpt lat="37.37925153846154" lon="-122.07374230769231">
        <time>2026-01-01T12:09:59Z</time>
      </trkpt>
      <trkpt lat="37.379342820512825" lon="-122.07366923076924">
        <time>2026-01-01T12:10:00Z</time>
      </trkpt>
      <trkpt lat="37.379434102564105" lon="-122.07359615384615">
        <time>2026-01-01T12:10:01Z</time>
      </trkpt>
      <trkpt lat="37.379525384615384" lon="-122.07352307692308">
        <time>2026-01-01T12:10:02Z</time>
      </trkpt>
      <trkpt lat="37.37961666666667" lon="-122.07345000000001">
        <time>2026-01-01T12:10:03Z</time>
      </trkpt>
      <trkpt lat="37.37970794871795" lon="-122.07337692307692">
        <time>2026-01-01T12:10:04Z</time>
      </trkpt>
      <trkpt lat="37.37979923076923" lon="-122.07330384615385">
        <time>2026-01-01T12:10:05Z</time>
      </trkpt>
      <trkpt lat="37.379890512820516" lon="-122.07323076923078">
        <time>2026-01-01T12:10:06Z</time>
      </trkpt>
      <trkpt lat="37.379981794871796" lon="-122.07315769230769">
        <time>2026-01-01T12:10:07Z</time>
      </trkpt>
      <trkpt lat="37.380073076923075" lon="-122.07308461538462">
        <time>2026-01-01T12:10:08Z</time>
      </trkpt>
      <trkpt lat="37.38016435897436" lon="-122.07301153846154">
        <time>2026-01-01T12:10:09Z</time>
      </trkpt>
      <trkpt lat="37.38025564102564" lon="-122.07293846153847">
        <time>2026-01-01T12:10:10Z</time>
      </trkpt>
      <trkpt lat="37.38034692307693" lon="-122.07286538461538">
        <time>2026-01-01T12:10:11Z</time>
      </trkpt>
      <trkpt lat="37.38043820512821" lon="-122.07279230769231">
        <time>2026-01-01T12:10:12Z</time>
      </trkpt>
      <trkpt lat="37.38052948717949" lon="-122.07271923076924">
        <time>2026-01-01T12:10:13Z</time>
      </trkpt>
      <trkpt lat="37.380620769230774" lon="-122.07264615384615">
        <time>2026-01-01T12:10:14Z</time>
      </trkpt>
      <trkpt lat="37.38071205128205" lon="-122.07257307692308">
        <time>2026-01-01T12:10:15Z</time>
      </trkpt>
      <trkpt lat="37.38080333333333" lon="-122.0725">
        <time>2026-01-01T12:10:16Z</time>
      </trkpt>
      <trkpt lat="37.38089461538462" lon="-122.07242692307693">
        <time>2026-01-01T12:10:17Z</time>
      </trkpt>
      <trkpt lat="37.3809858974359" lon="-122.07235384615385">
        <time>2026-01-01T12:10:18Z</time>
      </trkpt>
      <trkpt lat="37.38107717948718" lon="-122.07228076923077">
        <time>2026-01-01T12:10:19Z</time>
      </trkpt>
      <trkpt lat="37.381168461538465" lon="-122.0722076923077">
        <time>2026-01-01T12:10:20Z</time>
      </trkpt>
      <trkpt lat="37.381259743589744" lon="-122.07213461538461">
        <time>2026-01-01T12:10:21Z</time>
      </trkpt>
      <trkpt lat="37.381351025641024" lon="-122.07206153846154">
        <time>2026-01-01T12:10:22Z</time>
      </trkpt>
      <trkpt lat="37.38144230769231" lon="-122.07198846153847">
        <time>2026-01-01T12:10:23Z</time>
      </trkpt>
      <trkpt lat="37.38153358974359" lon="-122.07191538461538">
        <time>2026-01-01T12:10:24Z</time>
      </trkpt>
      <trkpt lat="37.38162487179488" lon="-122.07184230769231">
        <time>2026-01-01T12:10:25Z</time>
      </trkpt>
      <trkpt lat="37.381716153846156" lon="-122.07176923076923">
        <time>2026-01-01T12:10:26Z</time>
      </trkpt>
      <trkpt lat="37.381807435897436" lon="-122.07169615384616">
        <time>2026-01-01T12:10:27Z</time>
      </trkpt>
      <trkpt lat="37.38189871794872" lon="-122.07162307692307">
        <time>2026-01-01T12:10:28Z</time>
      </trkpt>
      <trkpt lat="37.38199" lon="-122.07155">
        <time>2026-01-01T12:10:29Z</time>
      </trkpt>
      <trkpt lat="37.38206230769231" lon="-122.07146461538461">
        <time>2026-01-01T12:10:30Z</time>
      </trkpt>
      <trkpt lat="37.382134615384615" lon="-122.07137923076924">
        <time>2026-01-01T12:10:31Z</time>
      </trkpt>
      <trkpt lat="37.38220692307692" lon="-122.07129384615385">
        <time>2026-01-01T12:10:32Z</time>
      </trkpt>
      <trkpt lat="37.382279230769235" lon="-122.07120846153846">
        <time>2026-01-01T12:10:33Z</time>
      </trkpt>
      <trkpt lat="37.38235153846154" lon="-122.07112307692309">
        <time>2026-01-01T12:10:34Z</time>
      </trkpt>
      <trkpt lat="37.38242384615385" lon="-122.0710376923077">
        <time>2026-01-01T12:10:35Z</time>
      </trkpt>
      <trkpt lat="37.382496153846155" lon="-122.07095230769231">
        <time>2026-01-01T12:10:36Z</time>
      </trkpt>
      <trkpt lat="37.38256846153846" lon="-122.07086692307692">
        <time>2026-01-01T12:10:37Z</time>
      </trkpt>
      <trkpt lat="37.38264076923077" lon="-122.07078153846155">
        <time>2026-01-01T12:10:38Z</time>
      </trkpt>
      <trkpt lat="37.38271307692308" lon="-122.07069615384616">
        <time>2026-01-01T12:10:39Z</time>
      </trkpt>
      <trkpt lat="37.38278538461539" lon="-122.07061076923077">
        <time>2026-01-01T12:10:40Z</time>
      </trkpt>
      <trkpt lat="37.382857692307695" lon="-122.0705253846154">
        <time>2026-01-01T12:10:41Z</time>
      </trkpt>
      <trkpt lat="37.38293" lon="-122.07044">
        <time>2026-01-01T12:10:42Z</time>
      </trkpt>
      <trkpt lat="37.38298805555556" lon="-122.07033027777778">
        <time>2026-01-01T12:10:43Z</time>
      </trkpt>
      <trkpt lat="37.38304611111111" lon="-122.07022055555557">
        <time>2026-01-01T12:10:44Z</time>
      </trkpt>
      <trkpt lat="37.38310416666667" lon="-122.07011083333333">
        <time>2026-01-01T12:10:45Z</time>
      </trkpt>
      <trkpt lat="37.383162222222225" lon="-122.07000111111111">
        <time>2026-01-01T12:10:46Z</time>
      </trkpt>
      <trkpt lat="37.38322027777778" lon="-122.06989138888889">
        <time>2026-01-01T12:10:47Z</time>
      </trkpt>
      <trkpt lat="37.38327833333334" lon="-122.06978166666667">
        <time>2026-01-01T12:10:48Z</time>
      </trkpt>
      <trkpt lat="37.38333638888889" lon="-122.06967194444445">
        <time>2026-01-01T12:10:49Z</time>
      </trkpt>
      <trkpt lat="37.38339444444445" lon="-122.06956222222223">
        <time>2026-01-01T12:10:50Z</time>
      </trkpt>
      <trkpt lat="37.383452500000004" lon="-122.06945250000001">
        <time>2026-01-01T12:10:51Z</time>
      </trkpt>
      <trkpt lat="37.38351055555555" lon="-122.06934277777778">
        <time>2026-01-01T12:10:52Z</time>
      </trkpt>
      <trkpt lat="37.38356861111111" lon="-122.06923305555556">
        <time>2026-01-01T12:10:53Z</time>
      </trkpt>
      <trkpt lat="37.383626666666665" lon="-122.06912333333334">
        <time>2026-01-01T12:10:54Z</time>
      </trkpt>
      <trkpt lat="37.38368472222222" lon="-122.06901361111112">
        <time>2026-01-01T12:10:55Z</time>
      </trkpt>
      <trkpt lat="37.383742777777776" lon="-122.0689038888889">
        <time>2026-01-01T12:10:56Z</time>
      </trkpt>
      <trkpt lat="37.38380083333333" lon="-122.06879416666666">
        <time>2026-01-01T12:10:57Z</time>
      </trkpt>
      <trkpt lat="37.38385888888889" lon="-122.06868444444444">
        <time>2026-01-01T12:10:58Z</time>
      </trkpt>
      <trkpt lat="37.383916944444444" lon="-122.06857472222222">
        <time>2026-01-01T12:10:59Z</time>
      </trkpt>
      <trkpt lat="37.383975" lon="-122.068465">
        <time>2026-01-01T12:11:00Z</time>
      </trkpt>
      <trkpt lat="37.384033055555555" lon="-122.06835527777778">
        <time>2026-01-01T12:11:01Z</time>
      </trkpt>
      <trkpt lat="37.38409111111111" lon="-122.06824555555556">
        <time>2026-01-01T12:11:02Z</time>
      </trkpt>
      <trkpt lat="37.38414916666667" lon="-122.06813583333334">
        <time>2026-01-01T12:11:03Z</time>
      </trkpt>
      <trkpt lat="37.38420722222222" lon="-122.06802611111111">
        <time>2026-01-01T12:11:04Z</time>
      </trkpt>
      <trkpt lat="37.38426527777778" lon="-122.06791638888889">
        <time>2026-01-01T12:11:05Z</time>
      </trkpt>
      <trkpt lat="37.384323333333334" lon="-122.06780666666667">
        <time>2026-01-01T12:11:06Z</time>
      </trkpt>
      <trkpt lat="37.38438138888889" lon="-122.06769694444445">
        <time>2026-01-01T12:11:07Z</time>
      </trkpt>
      <trkpt lat="37.384439444444446" lon="-122.06758722222223">
        <time>2026-01-01T12:11:08Z</time>
      </trkpt>
      <trkpt lat="37.384497499999995" lon="-122.0674775">
        <time>2026-01-01T12:11:09Z</time>
      </trkpt>
      <trkpt lat="37.38455555555555" lon="-122.06736777777778">
        <time>2026-01-01T12:11:10Z</time>
      </trkpt>
      <trkpt lat="37.38461361111111" lon="-122.06725805555556">
        <time>2026-01-01T12:11:11Z</time>
      </trkpt>
      <trkpt lat="37.38467166666666" lon="-122.06714833333334">
        <time>2026-01-01T12:11:12Z</time>
      </trkpt>
      <trkpt lat="37.38472972222222" lon="-122.06703861111112">
        <time>2026-01-01T12:11:13Z</time>
      </trkpt>
      <trkpt lat="37.384787777777774" lon="-122.0669288888889">
        <time>2026-01-01T12:11:14Z</time>
      </trkpt>
      <trkpt lat="37.38484583333333" lon="-122.06681916666668">
        <time>2026-01-01T12:11:15Z</time>
      </trkpt>
      <trkpt lat="37.384903888888886" lon="-122.06670944444444">
        <time>2026-01-01T12:11:16Z</time>
      </trkpt>
      <trkpt lat="37.38496194444444" lon="-122.06659972222222">
        <time>2026-01-01T12:11:17Z</time>
      </trkpt>
      <trkpt lat="37.38502" lon="-122.06649">
        <time>2026-01-01T12:11:18Z</time>
      </trkpt>
      <trkpt lat="37.385071249999996" lon="-122.06635750000001">
        <time>2026-01-01T12:11:19Z</time>
      </trkpt>
      <trkpt lat="37.385122499999994" lon="-122.066225">
        <time>2026-01-01T12:11:20Z</time>
      </trkpt>
      <trkpt lat="37.38517375" lon="-122.0660925">
        <time>2026-01-01T12:11:21Z</time>
      </trkpt>
      <trkpt lat="37.385225" lon="-122.06596">
        <time>2026-01-01T12:11:22Z</time>
      </trkpt>
      <trkpt lat="37.38527625" lon="-122.06582750000001">
        <time>2026-01-01T12:11:23Z</time>
      </trkpt>
      <trkpt lat="37.3853275" lon="-122.065695">
        <time>2026-01-01T12:11:24Z</time>
      </trkpt>
      <trkpt lat="37.38537875" lon="-122.0655625">
        <time>2026-01-01T12:11:25Z</time>
      </trkpt>
      <trkpt lat="37.38543" lon="-122.06543">
        <time>2026-01-01T12:11:26Z</time>
      </trkpt>
      <trkpt lat="37.38545818181818" lon="-122.06529363636365">
        <time>2026-01-01T12:11:27Z</time>
      </trkpt>
      <trkpt lat="37.38548636363636" lon="-122.06515727272728">
        <time>2026-01-01T12:11:28Z</time>
      </trkpt>
      <trkpt lat="37.38551454545455" lon="-122.06502090909092">
        <time>2026-01-01T12:11:29Z</time>
      </trkpt>
      <trkpt lat="37.38554272727273" lon="-122.06488454545455">
        <time>2026-01-01T12:11:30Z</time>
      </trkpt>
      <trkpt lat="37.38557090909091" lon="-122.06474818181819">
        <time>2026-01-01T12:11:31Z</time>
      </trkpt>
      <trkpt lat="37.38559909090909" lon="-122.06461181818182">
        <time>2026-01-01T12:11:32Z</time>
      </trkpt>
      <trkpt lat="37.38562727272727" lon="-122.06447545454546">
        <time>2026-01-01T12:11:33Z</time>
      </trkpt>
      <trkpt lat="37.38565545454545" lon="-122.06433909090909">
        <time>2026-01-01T12:11:34Z</time>
      </trkpt>
      <trkpt lat="37.38568363636364" lon="-122.06420272727273">
        <time>2026-01-01T12:11:35Z</time>
      </trkpt>
      <trkpt lat="37.38571181818182" lon="-122.06406636363636">
        <time>2026-01-01T12:11:36Z</time>
      </trkpt>
      <trkpt lat="37.38574" lon="-122.06393">
        <time>2026-01-01T12:11:37Z</time>
      </trkpt>
      <trkpt lat="37.385748" lon="-122.0638056">
        <time>2026-01-01T12:11:38Z</time>
      </trkpt>
      <trkpt lat="37.385756" lon="-122.0636812">
        <time>2026-01-01T12:11:39Z</time>
      </trkpt>
      <trkpt lat="37.385764" lon="-122.0635568">
        <time>2026-01-01T12:11:40Z</time>
      </trkpt>
      <trkpt lat="37.385771999999996" lon="-122.0634324">
        <time>2026-01-01T12:11:41Z</time>
      </trkpt>
      <trkpt lat="37.38578" lon="-122.063308">
        <time>2026-01-01T12:11:42Z</time>
      </trkpt>
      <trkpt lat="37.385788" lon="-122.0631836">
        <time>2026-01-01T12:11:43Z</time>
      </trkpt>
      <trkpt lat="37.385796" lon="-122.0630592">
        <time>2026-01-01T12:11:44Z</time>
      </trkpt>
      <trkpt lat="37.385804" lon="-122.06293480000001">
        <time>2026-01-01T12:11:45Z</time>
      </trkpt>
      <trkpt lat="37.385812" lon="-122.0628104">
        <time>2026-01-01T12:11:46Z</time>
      </trkpt>
      <trkpt lat="37.385819999999995" lon="-122.062686">
        <time>2026-01-01T12:11:47Z</time>
      </trkpt>
      <trkpt lat="37.385828" lon="-122.06256160000001">
        <time>2026-01-01T12:11:48Z</time>
      </trkpt>
      <trkpt lat="37.385836" lon="-122.0624372">
        <time>2026-01-01T12:11:49Z</time>
      </trkpt>
      <trkpt lat="37.385844" lon="-122.0623128">
        <time>2026-01-01T12:11:50Z</time>
      </trkpt>
      <trkpt lat="37.385852" lon="-122.0621884">
        <time>2026-01-01T12:11:51Z</time>
      </trkpt>
      <trkpt lat="37.38586" lon="-122.062064">
        <time>2026-01-01T12:11:52Z</time>
      </trkpt>
      <trkpt lat="37.385867999999995" lon="-122.0619396">
        <time>2026-01-01T12:11:53Z</time>
      </trkpt>
      <trkpt lat="37.385875999999996" lon="-122.0618152">
        <time>2026-01-01T12:11:54Z</time>
      </trkpt>
      <trkpt lat="37.385884" lon="-122.06169080000001">
        <time>2026-01-01T12:11:55Z</time>
      </trkpt>
      <trkpt lat="37.385892" lon="-122.0615664">
        <time>2026-01-01T12:11:56Z</time>
      </trkpt>
      <trkpt lat="37.3859" lon="-122.061442">
        <time>2026-01-01T12:11:57Z</time>
      </trkpt>
      <trkpt lat="37.385908" lon="-122.06131760000001">
        <time>2026-01-01T12:11:58Z</time>
      </trkpt>
      <trkpt lat="37.385915999999995" lon="-122.0611932">
        <time>2026-01-01T12:11:59Z</time>
      </trkpt>
      <trkpt lat="37.385923999999996" lon="-122.0610688">
        <time>2026-01-01T12:12:00Z</time>
      </trkpt>
      <trkpt lat="37.385932" lon="-122.06094440000001">
        <time>2026-01-01T12:12:01Z</time>
      </trkpt>
      <trkpt lat="37.38594" lon="-122.06082">
        <time>2026-01-01T12:12:02Z</time>
      </trkpt>
      <trkpt lat="37.385978571428566" lon="-122.06067428571428">
        <time>2026-01-01T12:12:03Z</time>
      </trkpt>
      <trkpt lat="37.38601714285714" lon="-122.06052857142858">
        <time>2026-01-01T12:12:04Z</time>
      </trkpt>
      <trkpt lat="37.38605571428571" lon="-122.06038285714286">
        <time>2026-01-01T12:12:05Z</time>
      </trkpt>
      <trkpt lat="37.386094285714286" lon="-122.06023714285715">
        <time>2026-01-01T12:12:06Z</time>
      </trkpt>
      <trkpt lat="37.386132857142854" lon="-122.06009142857143">
        <time>2026-01-01T12:12:07Z</time>
      </trkpt>
      <trkpt lat="37.38617142857143" lon="-122.05994571428572">
        <time>2026-01-01T12:12:08Z</time>
      </trkpt>
      <trkpt lat="37.38621" lon="-122.0598">
        <time>2026-01-01T12:12:09Z</time>
      </trkpt>
      <trkpt lat="37.3862575" lon="-122.05969499999999">
        <time>2026-01-01T12:12:10Z</time>
      </trkpt>
      <trkpt lat="37.386305" lon="-122.05959">
        <time>2026-01-01T12:12:11Z</time>
      </trkpt>
      <trkpt lat="37.3863525" lon="-122.059485">
        <time>2026-01-01T12:12:12Z</time>
      </trkpt>
      <trkpt lat="37.386399999999995" lon="-122.05938">
        <time>2026-01-01T12:12:13Z</time>
      </trkpt>
      <trkpt lat="37.386447499999996" lon="-122.059275">
        <time>2026-01-01T12:12:14Z</time>
      </trkpt>
      <trkpt lat="37.386495" lon="-122.05917">
        <time>2026-01-01T12:12:15Z</time>
      </trkpt>
      <trkpt lat="37.3865425" lon="-122.059065">
        <time>2026-01-01T12:12:16Z</time>
      </trkpt>
      <trkpt lat="37.38659" lon="-122.05896">
        <time>2026-01-01T12:12:17Z</time>
      </trkpt>
      <trkpt lat="37.386657928571424" lon="-122.05885621428571">
        <time>2026-01-01T12:12:18Z</time>
      </trkpt>
      <trkpt lat="37.38672585714286" lon="-122.05875242857142">
        <time>2026-01-01T12:12:19Z</time>
      </trkpt>
      <trkpt lat="37.38679378571428" lon="-122.05864864285714">
        <time>2026-01-01T12:12:20Z</time>
      </trkpt>
      <trkpt lat="37.386861714285715" lon="-122.05854485714286">
        <time>2026-01-01T12:12:21Z</time>
      </trkpt>
      <trkpt lat="37.38692964285714" lon="-122.05844107142858">
        <time>2026-01-01T12:12:22Z</time>
      </trkpt>
      <trkpt lat="37.38699757142857" lon="-122.05833728571429">
        <time>2026-01-01T12:12:23Z</time>
      </trkpt>
      <trkpt lat="37.3870655" lon="-122.0582335">
        <time>2026-01-01T12:12:24Z</time>
      </trkpt>
      <trkpt lat="37.387133428571424" lon="-122.05812971428571">
        <time>2026-01-01T12:12:25Z</time>
      </trkpt>
      <trkpt lat="37.38720135714286" lon="-122.05802592857142">
        <time>2026-01-01T12:12:26Z</time>
      </trkpt>
      <trkpt lat="37.38726928571428" lon="-122.05792214285714">
        <time>2026-01-01T12:12:27Z</time>
      </trkpt>
      <trkpt lat="37.387337214285715" lon="-122.05781835714285">
        <time>2026-01-01T12:12:28Z</time>
      </trkpt>
      <trkpt lat="37.38740514285714" lon="-122.05771457142858">
        <time>2026-01-01T12:12:29Z</time>
      </trkpt>
      <trkpt lat="37.387473071428566" lon="-122.05761078571429">
        <time>2026-01-01T12:12:30Z</time>
      </trkpt>
      <trkpt lat="37.387541" lon="-122.057507">
        <time>2026-01-01T12:12:31Z</time>
      </trkpt>
      <trkpt lat="37.387608928571424" lon="-122.05740321428571">
        <time>2026-01-01T12:12:32Z</time>
      </trkpt>
      <trkpt lat="37.38767685714286" lon="-122.05729942857143">
        <time>2026-01-01T12:12:33Z</time>
      </trkpt>
      <trkpt lat="37.38774478571428" lon="-122.05719564285714">
        <time>2026-01-01T12:12:34Z</time>
      </trkpt>
      <trkpt lat="37.387812714285715" lon="-122.05709185714285">
        <time>2026-01-01T12:12:35Z</time>
      </trkpt>
      <trkpt lat="37.38788064285714" lon="-122.05698807142858">
        <time>2026-01-01T12:12:36Z</time>
      </trkpt>
      <trkpt lat="37.387948571428566" lon="-122.05688428571429">
        <time>2026-01-01T12:12:37Z</time>
      </trkpt>
      <trkpt lat="37.3880165" lon="-122.0567805">
        <time>2026-01-01T12:12:38Z</time>
      </trkpt>
      <trkpt lat="37.388084428571425" lon="-122.05667671428571">
        <time>2026-01-01T12:12:39Z</time>
      </trkpt>
      <trkpt lat="37.38815235714286" lon="-122.05657292857143">
        <time>2026-01-01T12:12:40Z</time>
      </trkpt>
      <trkpt lat="37.38822028571428" lon="-122.05646914285714">
        <time>2026-01-01T12:12:41Z</time>
      </trkpt>
      <trkpt lat="37.388288214285716" lon="-122.05636535714285">
        <time>2026-01-01T12:12:42Z</time>
      </trkpt>
      <trkpt lat="37.38835614285714" lon="-122.05626157142858">
        <time>2026-01-01T12:12:43Z</time>
      </trkpt>
      <trkpt lat="37.38842407142857" lon="-122.05615778571429">
        <time>2026-01-01T12:12:44Z</time>
      </trkpt>
      <trkpt lat="37.388492" lon="-122.056054">
        <time>2026-01-01T12:12:45Z</time>
      </trkpt>
      <trkpt lat="37.388559928571425" lon="-122.05595021428572">
        <time>2026-01-01T12:12:46Z</time>
      </trkpt>
      <trkpt lat="37.38862785714286" lon="-122.05584642857143">
        <time>2026-01-01T12:12:47Z</time>
      </trkpt>
      <trkpt lat="37.38869578571428" lon="-122.05574264285714">
        <time>2026-01-01T12:12:48Z</time>
      </trkpt>
      <trkpt lat="37.38876371428571" lon="-122.05563885714285">
        <time>2026-01-01T12:12:49Z</time>
      </trkpt>
      <trkpt lat="37.38883164285714" lon="-122.05553507142857">
        <time>2026-01-01T12:12:50Z</time>
      </trkpt>
      <trkpt lat="37.38889957142857" lon="-122.05543128571429">
        <time>2026-01-01T12:12:51Z</time>
      </trkpt>
      <trkpt lat="37.3889675" lon="-122.0553275">
        <time>2026-01-01T12:12:52Z</time>
      </trkpt>
      <trkpt lat="37.389035428571425" lon="-122.05522371428572">
        <time>2026-01-01T12:12:53Z</time>
      </trkpt>
      <trkpt lat="37.38910335714286" lon="-122.05511992857143">
        <time>2026-01-01T12:12:54Z</time>
      </trkpt>
      <trkpt lat="37.38917128571428" lon="-122.05501614285714">
        <time>2026-01-01T12:12:55Z</time>
      </trkpt>
      <trkpt lat="37.38923921428571" lon="-122.05491235714285">
        <time>2026-01-01T12:12:56Z</time>
      </trkpt>
      <trkpt lat="37.38930714285714" lon="-122.05480857142857">
        <time>2026-01-01T12:12:57Z</time>
      </trkpt>
      <trkpt lat="37.38937507142857" lon="-122.05470478571429">
        <time>2026-01-01T12:12:58Z</time>
      </trkpt>
      <trkpt lat="37.389443" lon="-122.054601">
        <time>2026-01-01T12:12:59Z</time>
      </trkpt>
      <trkpt lat="37.389510928571426" lon="-122.05449721428572">
        <time>2026-01-01T12:13:00Z</time>
      </trkpt>
      <trkpt lat="37.38957885714286" lon="-122.05439342857143">
        <time>2026-01-01T12:13:01Z</time>
      </trkpt>
      <trkpt lat="37.389646785714284" lon="-122.05428964285714">
        <time>2026-01-01T12:13:02Z</time>
      </trkpt>
      <trkpt lat="37.38971471428571" lon="-122.05418585714285">
        <time>2026-01-01T12:13:03Z</time>
      </trkpt>
      <trkpt lat="37.38978264285714" lon="-122.05408207142857">
        <time>2026-01-01T12:13:04Z</time>
      </trkpt>
      <trkpt lat="37.38985057142857" lon="-122.0539782857143">
        <time>2026-01-01T12:13:05Z</time>
      </trkpt>
      <trkpt lat="37.3899185" lon="-122.0538745">
        <time>2026-01-01T12:13:06Z</time>
      </trkpt>
      <trkpt lat="37.389986428571426" lon="-122.05377071428572">
        <time>2026-01-01T12:13:07Z</time>
      </trkpt>
      <trkpt lat="37.39005435714285" lon="-122.05366692857143">
        <time>2026-01-01T12:13:08Z</time>
      </trkpt>
      <trkpt lat="37.390122285714284" lon="-122.05356314285714">
        <time>2026-01-01T12:13:09Z</time>
      </trkpt>
      <trkpt lat="37.39019021428571" lon="-122.05345935714286">
        <time>2026-01-01T12:13:10Z</time>
      </trkpt>
      <trkpt lat="37.39025814285714" lon="-122.05335557142857">
        <time>2026-01-01T12:13:11Z</time>
      </trkpt>
      <trkpt lat="37.39032607142857" lon="-122.05325178571428">
        <time>2026-01-01T12:13:12Z</time>
      </trkpt>
      <trkpt lat="37.390394" lon="-122.05314800000001">
        <time>2026-01-01T12:13:13Z</time>
      </trkpt>
      <trkpt lat="37.390461928571426" lon="-122.05304421428572">
        <time>2026-01-01T12:13:14Z</time>
      </trkpt>
      <trkpt lat="37.39052985714285" lon="-122.05294042857143">
        <time>2026-01-01T12:13:15Z</time>
      </trkpt>
      <trkpt lat="37.390597785714284" lon="-122.05283664285714">
        <time>2026-01-01T12:13:16Z</time>
      </trkpt>
      <trkpt lat="37.39066571428571" lon="-122.05273285714286">
        <time>2026-01-01T12:13:17Z</time>
      </trkpt>
      <trkpt lat="37.39073364285714" lon="-122.05262907142857">
        <time>2026-01-01T12:13:18Z</time>
      </trkpt>
      <trkpt lat="37.39080157142857" lon="-122.05252528571428">
        <time>2026-01-01T12:13:19Z</time>
      </trkpt>
      <trkpt lat="37.3908695" lon="-122.05242150000001">
        <time>2026-01-01T12:13:20Z</time>
      </trkpt>
      <trkpt lat="37.390937428571426" lon="-122.05231771428572">
        <time>2026-01-01T12:13:21Z</time>
      </trkpt>
      <trkpt lat="37.39100535714285" lon="-122.05221392857143">
        <time>2026-01-01T12:13:22Z</time>
      </trkpt>
      <trkpt lat="37.391073285714285" lon="-122.05211014285715">
        <time>2026-01-01T12:13:23Z</time>
      </trkpt>
      <trkpt lat="37.39114121428571" lon="-122.05200635714286">
        <time>2026-01-01T12:13:24Z</time>
      </trkpt>
      <trkpt lat="37.39120914285714" lon="-122.05190257142857">
        <time>2026-01-01T12:13:25Z</time>
      </trkpt>
      <trkpt lat="37.39127707142857" lon="-122.05179878571428">
        <time>2026-01-01T12:13:26Z</time>
      </trkpt>
      <trkpt lat="37.391345" lon="-122.051695">
        <time>2026-01-01T12:13:27Z</time>
      </trkpt>
      <trkpt lat="37.39141292857143" lon="-122.05159121428572">
        <time>2026-01-01T12:13:28Z</time>
      </trkpt>
      <trkpt lat="37.39148085714285" lon="-122.05148742857143">
        <time>2026-01-01T12:13:29Z</time>
      </trkpt>
      <trkpt lat="37.391548785714285" lon="-122.05138364285715">
        <time>2026-01-01T12:13:30Z</time>
      </trkpt>
      <trkpt lat="37.39161671428571" lon="-122.05127985714286">
        <time>2026-01-01T12:13:31Z</time>
      </trkpt>
      <trkpt lat="37.39168464285714" lon="-122.05117607142857">
        <time>2026-01-01T12:13:32Z</time>
      </trkpt>
      <trkpt lat="37.39175257142857" lon="-122.05107228571428">
        <time>2026-01-01T12:13:33Z</time>
      </trkpt>
      <trkpt lat="37.391820499999994" lon="-122.0509685">
        <time>2026-01-01T12:13:34Z</time>
      </trkpt>
      <trkpt lat="37.39188842857143" lon="-122.05086471428572">
        <time>2026-01-01T12:13:35Z</time>
      </trkpt>
      <trkpt lat="37.39195635714285" lon="-122.05076092857144">
        <time>2026-01-01T12:13:36Z</time>
      </trkpt>
      <trkpt lat="37.392024285714285" lon="-122.05065714285715">
        <time>2026-01-01T12:13:37Z</time>
      </trkpt>
      <trkpt lat="37.39209221428571" lon="-122.05055335714286">
        <time>2026-01-01T12:13:38Z</time>
      </trkpt>
      <trkpt lat="37.39216014285714" lon="-122.05044957142857">
        <time>2026-01-01T12:13:39Z</time>
      </trkpt>
      <trkpt lat="37.39222807142857" lon="-122.05034578571428">
        <time>2026-01-01T12:13:40Z</time>
      </trkpt>
      <trkpt lat="37.392295999999995" lon="-122.050242">
        <time>2026-01-01T12:13:41Z</time>
      </trkpt>
      <trkpt lat="37.39236392857143" lon="-122.05013821428572">
        <time>2026-01-01T12:13:42Z</time>
      </trkpt>
      <trkpt lat="37.39243185714285" lon="-122.05003442857144">
        <time>2026-01-01T12:13:43Z</time>
      </trkpt>
      <trkpt lat="37.392499785714286" lon="-122.04993064285715">
        <time>2026-01-01T12:13:44Z</time>
      </trkpt>
      <trkpt lat="37.39256771428571" lon="-122.04982685714286">
        <time>2026-01-01T12:13:45Z</time>
      </trkpt>
      <trkpt lat="37.392635642857144" lon="-122.04972307142857">
        <time>2026-01-01T12:13:46Z</time>
      </trkpt>
      <trkpt lat="37.39270357142857" lon="-122.04961928571429">
        <time>2026-01-01T12:13:47Z</time>
      </trkpt>
      <trkpt lat="37.392771499999995" lon="-122.0495155">
        <time>2026-01-01T12:13:48Z</time>
      </trkpt>
      <trkpt lat="37.39283942857143" lon="-122.04941171428571">
        <time>2026-01-01T12:13:49Z</time>
      </trkpt>
      <trkpt lat="37.39290735714285" lon="-122.04930792857144">
        <time>2026-01-01T12:13:50Z</time>
      </trkpt>
      <trkpt lat="37.392975285714286" lon="-122.04920414285715">
        <time>2026-01-01T12:13:51Z</time>
      </trkpt>
      <trkpt lat="37.39304321428571" lon="-122.04910035714286">
        <time>2026-01-01T12:13:52Z</time>
      </trkpt>
      <trkpt lat="37.39311114285714" lon="-122.04899657142857">
        <time>2026-01-01T12:13:53Z</time>
      </trkpt>
      <trkpt lat="37.39317907142857" lon="-122.04889278571429">
        <time>2026-01-01T12:13:54Z</time>
      </trkpt>
      <trkpt lat="37.393246999999995" lon="-122.048789">
        <time>2026-01-01T12:13:55Z</time>
      </trkpt>
      <trkpt lat="37.39331492857143" lon="-122.04868521428571">
        <time>2026-01-01T12:13:56Z</time>
      </trkpt>
      <trkpt lat="37.39338285714285" lon="-122.04858142857144">
        <time>2026-01-01T12:13:57Z</time>
      </trkpt>
      <trkpt lat="37.393450785714286" lon="-122.04847764285715">
        <time>2026-01-01T12:13:58Z</time>
      </trkpt>
      <trkpt lat="37.39351871428571" lon="-122.04837385714286">
        <time>2026-01-01T12:13:59Z</time>
      </trkpt>
      <trkpt lat="37.39358664285714" lon="-122.04827007142858">
        <time>2026-01-01T12:14:00Z</time>
      </trkpt>
      <trkpt lat="37.39365457142857" lon="-122.04816628571429">
        <time>2026-01-01T12:14:01Z</time>
      </trkpt>
      <trkpt lat="37.393722499999996" lon="-122.0480625">
        <time>2026-01-01T12:14:02Z</time>
      </trkpt>
      <trkpt lat="37.39379042857143" lon="-122.04795871428571">
        <time>2026-01-01T12:14:03Z</time>
      </trkpt>
      <trkpt lat="37.393858357142854" lon="-122.04785492857144">
        <time>2026-01-01T12:14:04Z</time>
      </trkpt>
      <trkpt lat="37.39392628571429" lon="-122.04775114285715">
        <time>2026-01-01T12:14:05Z</time>
      </trkpt>
      <trkpt lat="37.39399421428571" lon="-122.04764735714286">
        <time>2026-01-01T12:14:06Z</time>
      </trkpt>
      <trkpt lat="37.39406214285714" lon="-122.04754357142858">
        <time>2026-01-01T12:14:07Z</time>
      </trkpt>
      <trkpt lat="37.39413007142857" lon="-122.04743978571429">
        <time>2026-01-01T12:14:08Z</time>
      </trkpt>
      <trkpt lat="37.394197999999996" lon="-122.047336">
        <time>2026-01-01T12:14:09Z</time>
      </trkpt>
      <trkpt lat="37.39426592857143" lon="-122.04723221428571">
        <time>2026-01-01T12:14:10Z</time>
      </trkpt>
      <trkpt lat="37.394333857142854" lon="-122.04712842857143">
        <time>2026-01-01T12:14:11Z</time>
      </trkpt>
      <trkpt lat="37.39440178571428" lon="-122.04702464285715">
        <time>2026-01-01T12:14:12Z</time>
      </trkpt>
      <trkpt lat="37.39446971428571" lon="-122.04692085714287">
        <time>2026-01-01T12:14:13Z</time>
      </trkpt>
      <trkpt lat="37.39453764285714" lon="-122.04681707142858">
        <time>2026-01-01T12:14:14Z</time>
      </trkpt>
      <trkpt lat="37.39460557142857" lon="-122.04671328571429">
        <time>2026-01-01T12:14:15Z</time>
      </trkpt>
      <trkpt lat="37.394673499999996" lon="-122.0466095">
        <time>2026-01-01T12:14:16Z</time>
      </trkpt>
      <trkpt lat="37.39474142857143" lon="-122.04650571428571">
        <time>2026-01-01T12:14:17Z</time>
      </trkpt>
      <trkpt lat="37.394809357142854" lon="-122.04640192857143">
        <time>2026-01-01T12:14:18Z</time>
      </trkpt>
      <trkpt lat="37.39487728571428" lon="-122.04629814285715">
        <time>2026-01-01T12:14:19Z</time>
      </trkpt>
      <trkpt lat="37.39494521428571" lon="-122.04619435714287">
        <time>2026-01-01T12:14:20Z</time>
      </trkpt>
      <trkpt lat="37.39501314285714" lon="-122.04609057142858">
        <time>2026-01-01T12:14:21Z</time>
      </trkpt>
      <trkpt lat="37.39508107142857" lon="-122.04598678571429">
        <time>2026-01-01T12:14:22Z</time>
      </trkpt>
      <trkpt lat="37.395148999999996" lon="-122.045883">
        <time>2026-01-01T12:14:23Z</time>
      </trkpt>
      <trkpt lat="37.39521692857143" lon="-122.04577921428572">
        <time>2026-01-01T12:14:24Z</time>
      </trkpt>
      <trkpt lat="37.395284857142855" lon="-122.04567542857143">
        <time>2026-01-01T12:14:25Z</time>
      </trkpt>
      <trkpt lat="37.39535278571428" lon="-122.04557164285715">
        <time>2026-01-01T12:14:26Z</time>
      </trkpt>
      <trkpt lat="37.39542071428571" lon="-122.04546785714287">
        <time>2026-01-01T12:14:27Z</time>
      </trkpt>
      <trkpt lat="37.39548864285714" lon="-122.04536407142858">
        <time>2026-01-01T12:14:28Z</time>
      </trkpt>
      <trkpt lat="37.39555657142857" lon="-122.04526028571429">
        <time>2026-01-01T12:14:29Z</time>
      </trkpt>
      <trkpt lat="37.3956245" lon="-122.0451565">
        <time>2026-01-01T12:14:30Z</time>
      </trkpt>
      <trkpt lat="37.39569242857142" lon="-122.04505271428572">
        <time>2026-01-01T12:14:31Z</time>
      </trkpt>
      <trkpt lat="37.395760357142855" lon="-122.04494892857143">
        <time>2026-01-01T12:14:32Z</time>
      </trkpt>
      <trkpt lat="37.39582828571428" lon="-122.04484514285714">
        <time>2026-01-01T12:14:33Z</time>
      </trkpt>
      <trkpt lat="37.39589621428571" lon="-122.04474135714287">
        <time>2026-01-01T12:14:34Z</time>
      </trkpt>
      <trkpt lat="37.39596414285714" lon="-122.04463757142858">
        <time>2026-01-01T12:14:35Z</time>
      </trkpt>
      <trkpt lat="37.39603207142857" lon="-122.0445337857143">
        <time>2026-01-01T12:14:36Z</time>
      </trkpt>
      <trkpt lat="37.3961" lon="-122.04443">
        <time>2026-01-01T12:14:37Z</time>
      </trkpt>
      <trkpt lat="37.396151009166665" lon="-122.04431292333334">
        <time>2026-01-01T12:14:38Z</time>
      </trkpt>
      <trkpt lat="37.396202018333334" lon="-122.04419584666667">
        <time>2026-01-01T12:14:39Z</time>
      </trkpt>
      <trkpt lat="37.396253027499995" lon="-122.04407877">
        <time>2026-01-01T12:14:40Z</time>
      </trkpt>
      <trkpt lat="37.39630403666666" lon="-122.04396169333334">
        <time>2026-01-01T12:14:41Z</time>
      </trkpt>
      <trkpt lat="37.39635504583333" lon="-122.04384461666668">
        <time>2026-01-01T12:14:42Z</time>
      </trkpt>
      <trkpt lat="37.396406055" lon="-122.04372754">
        <time>2026-01-01T12:14:43Z</time>
      </trkpt>
      <trkpt lat="37.39645706416666" lon="-122.04361046333334">
        <time>2026-01-01T12:14:44Z</time>
      </trkpt>
      <trkpt lat="37.39650807333333" lon="-122.04349338666667">
        <time>2026-01-01T12:14:45Z</time>
      </trkpt>
      <trkpt lat="37.3965590825" lon="-122.04337631">
        <time>2026-01-01T12:14:46Z</time>
      </trkpt>
      <trkpt lat="37.396610091666666" lon="-122.04325923333334">
        <time>2026-01-01T12:14:47Z</time>
      </trkpt>
      <trkpt lat="37.39666110083333" lon="-122.04314215666668">
        <time>2026-01-01T12:14:48Z</time>
      </trkpt>
      <trkpt lat="37.396712109999996" lon="-122.04302508">
        <time>2026-01-01T12:14:49Z</time>
      </trkpt>
      <trkpt lat="37.396763119166664" lon="-122.04290800333334">
        <time>2026-01-01T12:14:50Z</time>
      </trkpt>
      <trkpt lat="37.39681412833333" lon="-122.04279092666667">
        <time>2026-01-01T12:14:51Z</time>
      </trkpt>
      <trkpt lat="37.3968651375" lon="-122.04267385">
        <time>2026-01-01T12:14:52Z</time>
      </trkpt>
      <trkpt lat="37.39691614666666" lon="-122.04255677333335">
        <time>2026-01-01T12:14:53Z</time>
      </trkpt>
      <trkpt lat="37.39696715583333" lon="-122.04243969666668">
        <time>2026-01-01T12:14:54Z</time>
      </trkpt>
      <trkpt lat="37.397018165" lon="-122.04232262000001">
        <time>2026-01-01T12:14:55Z</time>
      </trkpt>
      <trkpt lat="37.39706917416667" lon="-122.04220554333334">
        <time>2026-01-01T12:14:56Z</time>
      </trkpt>
      <trkpt lat="37.39712018333333" lon="-122.04208846666667">
        <time>2026-01-01T12:14:57Z</time>
      </trkpt>
      <trkpt lat="37.3971711925" lon="-122.04197139">
        <time>2026-01-01T12:14:58Z</time>
      </trkpt>
      <trkpt lat="37.397222201666665" lon="-122.04185431333333">
        <time>2026-01-01T12:14:59Z</time>
      </trkpt>
      <trkpt lat="37.39727321083333" lon="-122.04173723666668">
        <time>2026-01-01T12:15:00Z</time>
      </trkpt>
      <trkpt lat="37.397324219999994" lon="-122.04162016000001">
        <time>2026-01-01T12:15:01Z</time>
      </trkpt>
      <trkpt lat="37.39737522916666" lon="-122.04150308333334">
        <time>2026-01-01T12:15:02Z</time>
      </trkpt>
      <trkpt lat="37.39742623833333" lon="-122.04138600666667">
        <time>2026-01-01T12:15:03Z</time>
      </trkpt>
      <trkpt lat="37.3974772475" lon="-122.04126893">
        <time>2026-01-01T12:15:04Z</time>
      </trkpt>
      <trkpt lat="37.39752825666666" lon="-122.04115185333333">
        <time>2026-01-01T12:15:05Z</time>
      </trkpt>
      <trkpt lat="37.39757926583333" lon="-122.04103477666668">
        <time>2026-01-01T12:15:06Z</time>
      </trkpt>
      <trkpt lat="37.397630275" lon="-122.04091770000001">
        <time>2026-01-01T12:15:07Z</time>
      </trkpt>
      <trkpt lat="37.397681284166666" lon="-122.04080062333334">
        <time>2026-01-01T12:15:08Z</time>
      </trkpt>
      <trkpt lat="37.397732293333334" lon="-122.04068354666667">
        <time>2026-01-01T12:15:09Z</time>
      </trkpt>
      <trkpt lat="37.397783302499995" lon="-122.04056647">
        <time>2026-01-01T12:15:10Z</time>
      </trkpt>
      <trkpt lat="37.397834311666664" lon="-122.04044939333333">
        <time>2026-01-01T12:15:11Z</time>
      </trkpt>
      <trkpt lat="37.39788532083333" lon="-122.04033231666668">
        <time>2026-01-01T12:15:12Z</time>
      </trkpt>
      <trkpt lat="37.39793633" lon="-122.04021524000001">
        <time>2026-01-01T12:15:13Z</time>
      </trkpt>
      <trkpt lat="37.39798733916666" lon="-122.04009816333334">
        <time>2026-01-01T12:15:14Z</time>
      </trkpt>
      <trkpt lat="37.39803834833333" lon="-122.03998108666667">
        <time>2026-01-01T12:15:15Z</time>
      </trkpt>
      <trkpt lat="37.3980893575" lon="-122.03986401">
        <time>2026-01-01T12:15:16Z</time>
      </trkpt>
      <trkpt lat="37.39814036666667" lon="-122.03974693333333">
        <time>2026-01-01T12:15:17Z</time>
      </trkpt>
      <trkpt lat="37.39819137583333" lon="-122.03962985666666">
        <time>2026-01-01T12:15:18Z</time>
      </trkpt>
      <trkpt lat="37.398242384999996" lon="-122.03951278000001">
        <time>2026-01-01T12:15:19Z</time>
      </trkpt>
      <trkpt lat="37.398293394166664" lon="-122.03939570333334">
        <time>2026-01-01T12:15:20Z</time>
      </trkpt>
      <trkpt lat="37.39834440333333" lon="-122.03927862666667">
        <time>2026-01-01T12:15:21Z</time>
      </trkpt>
      <trkpt lat="37.398395412499994" lon="-122.03916155">
        <time>2026-01-01T12:15:22Z</time>
      </trkpt>
      <trkpt lat="37.39844642166666" lon="-122.03904447333333">
        <time>2026-01-01T12:15:23Z</time>
      </trkpt>
      <trkpt lat="37.39849743083333" lon="-122.03892739666667">
        <time>2026-01-01T12:15:24Z</time>
      </trkpt>
      <trkpt lat="37.39854844" lon="-122.03881032000001">
        <time>2026-01-01T12:15:25Z</time>
      </trkpt>
      <trkpt lat="37.39859944916667" lon="-122.03869324333334">
        <time>2026-01-01T12:15:26Z</time>
      </trkpt>
      <trkpt lat="37.39865045833333" lon="-122.03857616666667">
        <time>2026-01-01T12:15:27Z</time>
      </trkpt>
      <trkpt lat="37.3987014675" lon="-122.03845909">
        <time>2026-01-01T12:15:28Z</time>
      </trkpt>
      <trkpt lat="37.398752476666665" lon="-122.03834201333333">
        <time>2026-01-01T12:15:29Z</time>
      </trkpt>
      <trkpt lat="37.398803485833334" lon="-122.03822493666667">
        <time>2026-01-01T12:15:30Z</time>
      </trkpt>
      <trkpt lat="37.398854494999995" lon="-122.03810786000001">
        <time>2026-01-01T12:15:31Z</time>
      </trkpt>
      <trkpt lat="37.39890550416666" lon="-122.03799078333334">
        <time>2026-01-01T12:15:32Z</time>
      </trkpt>
      <trkpt lat="37.39895651333333" lon="-122.03787370666667">
        <time>2026-01-01T12:15:33Z</time>
      </trkpt>
      <trkpt lat="37.3990075225" lon="-122.03775663">
        <time>2026-01-01T12:15:34Z</time>
      </trkpt>
      <trkpt lat="37.39905853166666" lon="-122.03763955333334">
        <time>2026-01-01T12:15:35Z</time>
      </trkpt>
      <trkpt lat="37.39910954083333" lon="-122.03752247666667">
        <time>2026-01-01T12:15:36Z</time>
      </trkpt>
      <trkpt lat="37.39916055" lon="-122.03740540000001">
        <time>2026-01-01T12:15:37Z</time>
      </trkpt>
      <trkpt lat="37.399211559166666" lon="-122.03728832333334">
        <time>2026-01-01T12:15:38Z</time>
      </trkpt>
      <trkpt lat="37.399262568333334" lon="-122.03717124666667">
        <time>2026-01-01T12:15:39Z</time>
      </trkpt>
      <trkpt lat="37.399313577499996" lon="-122.03705417">
        <time>2026-01-01T12:15:40Z</time>
      </trkpt>
      <trkpt lat="37.399364586666664" lon="-122.03693709333334">
        <time>2026-01-01T12:15:41Z</time>
      </trkpt>
      <trkpt lat="37.39941559583333" lon="-122.03682001666667">
        <time>2026-01-01T12:15:42Z</time>
      </trkpt>
      <trkpt lat="37.399466605" lon="-122.03670294">
        <time>2026-01-01T12:15:43Z</time>
      </trkpt>
      <trkpt lat="37.39951761416666" lon="-122.03658586333334">
        <time>2026-01-01T12:15:44Z</time>
      </trkpt>
      <trkpt lat="37.39956862333333" lon="-122.03646878666667">
        <time>2026-01-01T12:15:45Z</time>
      </trkpt>
      <trkpt lat="37.3996196325" lon="-122.03635171">
        <time>2026-01-01T12:15:46Z</time>
      </trkpt>
      <trkpt lat="37.39967064166667" lon="-122.03623463333334">
        <time>2026-01-01T12:15:47Z</time>
      </trkpt>
      <trkpt lat="37.39972165083333" lon="-122.03611755666667">
        <time>2026-01-01T12:15:48Z</time>
      </trkpt>
      <trkpt lat="37.39977266" lon="-122.03600048">
        <time>2026-01-01T12:15:49Z</time>
      </trkpt>
      <trkpt lat="37.399823669166665" lon="-122.03588340333334">
        <time>2026-01-01T12:15:50Z</time>
      </trkpt>
      <trkpt lat="37.39987467833333" lon="-122.03576632666667">
        <time>2026-01-01T12:15:51Z</time>
      </trkpt>
      <trkpt lat="37.3999256875" lon="-122.03564925">
        <time>2026-01-01T12:15:52Z</time>
      </trkpt>
      <trkpt lat="37.39997669666666" lon="-122.03553217333334">
        <time>2026-01-01T12:15:53Z</time>
      </trkpt>
      <trkpt lat="37.40002770583333" lon="-122.03541509666667">
        <time>2026-01-01T12:15:54Z</time>
      </trkpt>
      <trkpt lat="37.400078715" lon="-122.03529802">
        <time>2026-01-01T12:15:55Z</time>
      </trkpt>
      <trkpt lat="37.40012972416667" lon="-122.03518094333334">
        <time>2026-01-01T12:15:56Z</time>
      </trkpt>
      <trkpt lat="37.40018073333333" lon="-122.03506386666668">
        <time>2026-01-01T12:15:57Z</time>
      </trkpt>
      <trkpt lat="37.4002317425" lon="-122.03494679">
        <time>2026-01-01T12:15:58Z</time>
      </trkpt>
      <trkpt lat="37.400282751666666" lon="-122.03482971333334">
        <time>2026-01-01T12:15:59Z</time>
      </trkpt>
      <trkpt lat="37.400333760833334" lon="-122.03471263666667">
        <time>2026-01-01T12:16:00Z</time>
      </trkpt>
      <trkpt lat="37.400384769999995" lon="-122.03459556">
        <time>2026-01-01T12:16:01Z</time>
      </trkpt>
      <trkpt lat="37.40043577916666" lon="-122.03447848333333">
        <time>2026-01-01T12:16:02Z</time>
      </trkpt>
      <trkpt lat="37.40048678833333" lon="-122.03436140666668">
        <time>2026-01-01T12:16:03Z</time>
      </trkpt>
      <trkpt lat="37.4005377975" lon="-122.03424433">
        <time>2026-01-01T12:16:04Z</time>
      </trkpt>
      <trkpt lat="37.40058880666666" lon="-122.03412725333334">
        <time>2026-01-01T12:16:05Z</time>
      </trkpt>
      <trkpt lat="37.40063981583333" lon="-122.03401017666667">
        <time>2026-01-01T12:16:06Z</time>
      </trkpt>
      <trkpt lat="37.400690825" lon="-122.0338931">
        <time>2026-01-01T12:16:07Z</time>
      </trkpt>
      <trkpt lat="37.400741834166666" lon="-122.03377602333333">
        <time>2026-01-01T12:16:08Z</time>
      </trkpt>
      <trkpt lat="37.400792843333335" lon="-122.03365894666668">
        <time>2026-01-01T12:16:09Z</time>
      </trkpt>
      <trkpt lat="37.400843852499996" lon="-122.03354187000001">
        <time>2026-01-01T12:16:10Z</time>
      </trkpt>
      <trkpt lat="37.400894861666664" lon="-122.03342479333334">
        <time>2026-01-01T12:16:11Z</time>
      </trkpt>
      <trkpt lat="37.40094587083333" lon="-122.03330771666667">
        <time>2026-01-01T12:16:12Z</time>
      </trkpt>
      <trkpt lat="37.40099688" lon="-122.03319064">
        <time>2026-01-01T12:16:13Z</time>
      </trkpt>
      <trkpt lat="37.40104788916666" lon="-122.03307356333333">
        <time>2026-01-01T12:16:14Z</time>
      </trkpt>
      <trkpt lat="37.40109889833333" lon="-122.03295648666668">
        <time>2026-01-01T12:16:15Z</time>
      </trkpt>
      <trkpt lat="37.4011499075" lon="-122.03283941000001">
        <time>2026-01-01T12:16:16Z</time>
      </trkpt>
      <trkpt lat="37.40120091666667" lon="-122.03272233333334">
        <time>2026-01-01T12:16:17Z</time>
      </trkpt>
      <trkpt lat="37.40125192583333" lon="-122.03260525666667">
        <time>2026-01-01T12:16:18Z</time>
      </trkpt>
      <trkpt lat="37.401302935" lon="-122.03248818">
        <time>2026-01-01T12:16:19Z</time>
      </trkpt>
      <trkpt lat="37.401353944166665" lon="-122.03237110333333">
        <time>2026-01-01T12:16:20Z</time>
      </trkpt>
      <trkpt lat="37.40140495333333" lon="-122.03225402666666">
        <time>2026-01-01T12:16:21Z</time>
      </trkpt>
      <trkpt lat="37.401455962499995" lon="-122.03213695000001">
        <time>2026-01-01T12:16:22Z</time>
      </trkpt>
      <trkpt lat="37.40150697166666" lon="-122.03201987333334">
        <time>2026-01-01T12:16:23Z</time>
      </trkpt>
      <trkpt lat="37.40155798083333" lon="-122.03190279666667">
        <time>2026-01-01T12:16:24Z</time>
      </trkpt>
      <trkpt lat="37.40160899" lon="-122.03178572">
        <time>2026-01-01T12:16:25Z</time>
      </trkpt>
      <trkpt lat="37.40165999916667" lon="-122.03166864333333">
        <time>2026-01-01T12:16:26Z</time>
      </trkpt>
      <trkpt lat="37.40171100833333" lon="-122.03155156666666">
        <time>2026-01-01T12:16:27Z</time>
      </trkpt>
      <trkpt lat="37.4017620175" lon="-122.03143449000001">
        <time>2026-01-01T12:16:28Z</time>
      </trkpt>
      <trkpt lat="37.401813026666666" lon="-122.03131741333334">
        <time>2026-01-01T12:16:29Z</time>
      </trkpt>
      <trkpt lat="37.401864035833334" lon="-122.03120033666667">
        <time>2026-01-01T12:16:30Z</time>
      </trkpt>
      <trkpt lat="37.401915044999996" lon="-122.03108326">
        <time>2026-01-01T12:16:31Z</time>
      </trkpt>
      <trkpt lat="37.401966054166664" lon="-122.03096618333333">
        <time>2026-01-01T12:16:32Z</time>
      </trkpt>
      <trkpt lat="37.40201706333333" lon="-122.03084910666666">
        <time>2026-01-01T12:16:33Z</time>
      </trkpt>
      <trkpt lat="37.4020680725" lon="-122.03073203000001">
        <time>2026-01-01T12:16:34Z</time>
      </trkpt>
      <trkpt lat="37.40211908166666" lon="-122.03061495333334">
        <time>2026-01-01T12:16:35Z</time>
      </trkpt>
      <trkpt lat="37.40217009083333" lon="-122.03049787666667">
        <time>2026-01-01T12:16:36Z</time>
      </trkpt>
      <trkpt lat="37.4022211" lon="-122.0303808">
        <time>2026-01-01T12:16:37Z</time>
      </trkpt>
      <trkpt lat="37.40220055" lon="-122.0302854">
        <time>2026-01-01T12:16:38Z</time>
      </trkpt>
      <trkpt lat="37.40218" lon="-122.03019">
        <time>2026-01-01T12:16:39Z</time>
      </trkpt>
      <trkpt lat="37.40220458333334" lon="-122.03006500000001">
        <time>2026-01-01T12:16:40Z</time>
      </trkpt>
      <trkpt lat="37.402229166666665" lon="-122.02994000000001">
        <time>2026-01-01T12:16:41Z</time>
      </trkpt>
      <trkpt lat="37.40225375" lon="-122.029815">
        <time>2026-01-01T12:16:42Z</time>
      </trkpt>
      <trkpt lat="37.402278333333335" lon="-122.02969">
        <time>2026-01-01T12:16:43Z</time>
      </trkpt>
      <trkpt lat="37.40230291666667" lon="-122.029565">
        <time>2026-01-01T12:16:44Z</time>
      </trkpt>
      <trkpt lat="37.4023275" lon="-122.02944000000001">
        <time>2026-01-01T12:16:45Z</time>
      </trkpt>
      <trkpt lat="37.402352083333334" lon="-122.02931500000001">
        <time>2026-01-01T12:16:46Z</time>
      </trkpt>
      <trkpt lat="37.40237666666667" lon="-122.02919">
        <time>2026-01-01T12:16:47Z</time>
      </trkpt>
      <trkpt lat="37.40240125" lon="-122.029065">
        <time>2026-01-01T12:16:48Z</time>
      </trkpt>
      <trkpt lat="37.40242583333333" lon="-122.02894">
        <time>2026-01-01T12:16:49Z</time>
      </trkpt>
      <trkpt lat="37.40245041666667" lon="-122.02881500000001">
        <time>2026-01-01T12:16:50Z</time>
      </trkpt>
      <trkpt lat="37.402474999999995" lon="-122.02869000000001">
        <time>2026-01-01T12:16:51Z</time>
      </trkpt>
      <trkpt lat="37.40249958333333" lon="-122.028565">
        <time>2026-01-01T12:16:52Z</time>
      </trkpt>
      <trkpt lat="37.402524166666666" lon="-122.02844">
        <time>2026-01-01T12:16:53Z</time>
      </trkpt>
      <trkpt lat="37.40254875" lon="-122.028315">
        <time>2026-01-01T12:16:54Z</time>
      </trkpt>
      <trkpt lat="37.40257333333333" lon="-122.02819000000001">
        <time>2026-01-01T12:16:55Z</time>
      </trkpt>
      <trkpt lat="37.402597916666664" lon="-122.028065">
        <time>2026-01-01T12:16:56Z</time>
      </trkpt>
      <trkpt lat="37.4026225" lon="-122.02794">
        <time>2026-01-01T12:16:57Z</time>
      </trkpt>
      <trkpt lat="37.40264708333333" lon="-122.027815">
        <time>2026-01-01T12:16:58Z</time>
      </trkpt>
      <trkpt lat="37.40267166666666" lon="-122.02769">
        <time>2026-01-01T12:16:59Z</time>
      </trkpt>
      <trkpt lat="37.40269625" lon="-122.02756500000001">
        <time>2026-01-01T12:17:00Z</time>
      </trkpt>
      <trkpt lat="37.40272083333333" lon="-122.02744">
        <time>2026-01-01T12:17:01Z</time>
      </trkpt>
      <trkpt lat="37.40274541666666" lon="-122.027315">
        <time>2026-01-01T12:17:02Z</time>
      </trkpt>
      <trkpt lat="37.40277" lon="-122.02719">
        <time>2026-01-01T12:17:03Z</time>
      </trkpt>
      <trkpt lat="37.40272" lon="-122.02688">
        <time>2026-01-01T12:17:04Z</time>
      </trkpt>
      <trkpt lat="37.402770000000004" lon="-122.02679333333333">
        <time>2026-01-01T12:17:05Z</time>
      </trkpt>
      <trkpt lat="37.40282" lon="-122.02670666666667">
        <time>2026-01-01T12:17:06Z</time>
      </trkpt>
      <trkpt lat="37.40287" lon="-122.02662">
        <time>2026-01-01T12:17:07Z</time>
      </trkpt>
      <trkpt lat="37.40297684210526" lon="-122.02659052631579">
        <time>2026-01-01T12:17:08Z</time>
      </trkpt>
      <trkpt lat="37.40308368421053" lon="-122.02656105263158">
        <time>2026-01-01T12:17:09Z</time>
      </trkpt>
      <trkpt lat="37.40319052631579" lon="-122.02653157894737">
        <time>2026-01-01T12:17:10Z</time>
      </trkpt>
      <trkpt lat="37.40329736842105" lon="-122.02650210526315">
        <time>2026-01-01T12:17:11Z</time>
      </trkpt>
      <trkpt lat="37.40340421052632" lon="-122.02647263157894">
        <time>2026-01-01T12:17:12Z</time>
      </trkpt>
      <trkpt lat="37.40351105263158" lon="-122.02644315789473">
        <time>2026-01-01T12:17:13Z</time>
      </trkpt>
      <trkpt lat="37.40361789473684" lon="-122.02641368421052">
        <time>2026-01-01T12:17:14Z</time>
      </trkpt>
      <trkpt lat="37.40372473684211" lon="-122.02638421052632">
        <time>2026-01-01T12:17:15Z</time>
      </trkpt>
      <trkpt lat="37.40383157894737" lon="-122.02635473684211">
        <time>2026-01-01T12:17:16Z</time>
      </trkpt>
      <trkpt lat="37.40393842105263" lon="-122.02632526315789">
        <time>2026-01-01T12:17:17Z</time>
      </trkpt>
      <trkpt lat="37.40404526315789" lon="-122.02629578947368">
        <time>2026-01-01T12:17:18Z</time>
      </trkpt>
      <trkpt lat="37.40415210526316" lon="-122.02626631578947">
        <time>2026-01-01T12:17:19Z</time>
      </trkpt>
      <trkpt lat="37.40425894736842" lon="-122.02623684210526">
        <time>2026-01-01T12:17:20Z</time>
      </trkpt>
      <trkpt lat="37.40436578947368" lon="-122.02620736842105">
        <time>2026-01-01T12:17:21Z</time>
      </trkpt>
      <trkpt lat="37.40447263157895" lon="-122.02617789473685">
        <time>2026-01-01T12:17:22Z</time>
      </trkpt>
      <trkpt lat="37.40457947368421" lon="-122.02614842105262">
        <time>2026-01-01T12:17:23Z</time>
      </trkpt>
      <trkpt lat="37.40468631578947" lon="-122.02611894736842">
        <time>2026-01-01T12:17:24Z</time>
      </trkpt>
      <trkpt lat="37.40479315789474" lon="-122.02608947368421">
        <time>2026-01-01T12:17:25Z</time>
      </trkpt>
      <trkpt lat="37.4049" lon="-122.02606">
        <time>2026-01-01T12:17:26Z</time>
      </trkpt>
      <trkpt lat="37.404991249999995" lon="-122.0260525">
        <time>2026-01-01T12:17:27Z</time>
      </trkpt>
      <trkpt lat="37.4050825" lon="-122.026045">
        <time>2026-01-01T12:17:28Z</time>
      </trkpt>
      <trkpt lat="37.40517375" lon="-122.0260375">
        <time>2026-01-01T12:17:29Z</time>
      </trkpt>
      <trkpt lat="37.405265" lon="-122.02602999999999">
        <time>2026-01-01T12:17:30Z</time>
      </trkpt>
      <trkpt lat="37.40535625" lon="-122.0260225">
        <time>2026-01-01T12:17:31Z</time>
      </trkpt>
      <trkpt lat="37.4054475" lon="-122.026015">
        <time>2026-01-01T12:17:32Z</time>
      </trkpt>
      <trkpt lat="37.405538750000005" lon="-122.02600749999999">
        <time>2026-01-01T12:17:33Z</time>
      </trkpt>
      <trkpt lat="37.40563" lon="-122.026">
        <time>2026-01-01T12:17:34Z</time>
      </trkpt>
      <trkpt lat="37.40573833333333" lon="-122.02601333333332">
        <time>2026-01-01T12:17:35Z</time>
      </trkpt>
      <trkpt lat="37.40584666666667" lon="-122.02602666666667">
        <time>2026-01-01T12:17:36Z</time>
      </trkpt>
      <trkpt lat="37.405955000000006" lon="-122.02604">
        <time>2026-01-01T12:17:37Z</time>
      </trkpt>
      <trkpt lat="37.406063333333336" lon="-122.02605333333332">
        <time>2026-01-01T12:17:38Z</time>
      </trkpt>
      <trkpt lat="37.406171666666665" lon="-122.02606666666667">
        <time>2026-01-01T12:17:39Z</time>
      </trkpt>
      <trkpt lat="37.40628" lon="-122.02608">
        <time>2026-01-01T12:17:40Z</time>
      </trkpt>
      <trkpt lat="37.406382941176474" lon="-122.02612470588235">
        <time>2026-01-01T12:17:41Z</time>
      </trkpt>
      <trkpt lat="37.406485882352946" lon="-122.0261694117647">
        <time>2026-01-01T12:17:42Z</time>
      </trkpt>
      <trkpt lat="37.40658882352941" lon="-122.02621411764706">
        <time>2026-01-01T12:17:43Z</time>
      </trkpt>
      <trkpt lat="37.40669176470588" lon="-122.0262588235294">
        <time>2026-01-01T12:17:44Z</time>
      </trkpt>
      <trkpt lat="37.406794705882355" lon="-122.02630352941176">
        <time>2026-01-01T12:17:45Z</time>
      </trkpt>
      <trkpt lat="37.40689764705883" lon="-122.02634823529412">
        <time>2026-01-01T12:17:46Z</time>
      </trkpt>
      <trkpt lat="37.40700058823529" lon="-122.02639294117647">
        <time>2026-01-01T12:17:47Z</time>
      </trkpt>
      <trkpt lat="37.40710352941176" lon="-122.02643764705883">
        <time>2026-01-01T12:17:48Z</time>
      </trkpt>
      <trkpt lat="37.407206470588235" lon="-122.02648235294117">
        <time>2026-01-01T12:17:49Z</time>
      </trkpt>
      <trkpt lat="37.40730941176471" lon="-122.02652705882353">
        <time>2026-01-01T12:17:50Z</time>
      </trkpt>
      <trkpt lat="37.40741235294117" lon="-122.02657176470588">
        <time>2026-01-01T12:17:51Z</time>
      </trkpt>
      <trkpt lat="37.407515294117644" lon="-122.02661647058824">
        <time>2026-01-01T12:17:52Z</time>
      </trkpt>
      <trkpt lat="37.407618235294116" lon="-122.0266611764706">
        <time>2026-01-01T12:17:53Z</time>
      </trkpt>
      <trkpt lat="37.40772117647059" lon="-122.02670588235294">
        <time>2026-01-01T12:17:54Z</time>
      </trkpt>
      <trkpt lat="37.40782411764705" lon="-122.0267505882353">
        <time>2026-01-01T12:17:55Z</time>
      </trkpt>
      <trkpt lat="37.407927058823525" lon="-122.02679529411765">
        <time>2026-01-01T12:17:56Z</time>
      </trkpt>
      <trkpt lat="37.40803" lon="-122.02684">
        <time>2026-01-01T12:17:57Z</time>
      </trkpt>
      <trkpt lat="37.408141428571426" lon="-122.02685000000001">
        <time>2026-01-01T12:17:58Z</time>
      </trkpt>
      <trkpt lat="37.408252857142855" lon="-122.02686">
        <time>2026-01-01T12:17:59Z</time>
      </trkpt>
      <trkpt lat="37.408364285714285" lon="-122.02687">
        <time>2026-01-01T12:18:00Z</time>
      </trkpt>
      <trkpt lat="37.408475714285714" lon="-122.02688">
        <time>2026-01-01T12:18:01Z</time>
      </trkpt>
      <trkpt lat="37.408587142857144" lon="-122.02689000000001">
        <time>2026-01-01T12:18:02Z</time>
      </trkpt>
      <trkpt lat="37.40869857142857" lon="-122.0269">
        <time>2026-01-01T12:18:03Z</time>
      </trkpt>
      <trkpt lat="37.40881" lon="-122.02691">
        <time>2026-01-01T12:18:04Z</time>
      </trkpt>
      <trkpt lat="37.40891277777778" lon="-122.0268775925926">
        <time>2026-01-01T12:18:05Z</time>
      </trkpt>
      <trkpt lat="37.409015555555555" lon="-122.02684518518518">
        <time>2026-01-01T12:18:06Z</time>
      </trkpt>
      <trkpt lat="37.40911833333334" lon="-122.02681277777778">
        <time>2026-01-01T12:18:07Z</time>
      </trkpt>
      <trkpt lat="37.409221111111115" lon="-122.02678037037037">
        <time>2026-01-01T12:18:08Z</time>
      </trkpt>
      <trkpt lat="37.40932388888889" lon="-122.02674796296296">
        <time>2026-01-01T12:18:09Z</time>
      </trkpt>
      <trkpt lat="37.40942666666667" lon="-122.02671555555555">
        <time>2026-01-01T12:18:10Z</time>
      </trkpt>
      <trkpt lat="37.409529444444445" lon="-122.02668314814815">
        <time>2026-01-01T12:18:11Z</time>
      </trkpt>
      <trkpt lat="37.40963222222222" lon="-122.02665074074073">
        <time>2026-01-01T12:18:12Z</time>
      </trkpt>
      <trkpt lat="37.409735000000005" lon="-122.02661833333333">
        <time>2026-01-01T12:18:13Z</time>
      </trkpt>
      <trkpt lat="37.40983777777778" lon="-122.02658592592593">
        <time>2026-01-01T12:18:14Z</time>
      </trkpt>
      <trkpt lat="37.40994055555556" lon="-122.02655351851853">
        <time>2026-01-01T12:18:15Z</time>
      </trkpt>
      <trkpt lat="37.410043333333334" lon="-122.02652111111111">
        <time>2026-01-01T12:18:16Z</time>
      </trkpt>
      <trkpt lat="37.41014611111111" lon="-122.0264887037037">
        <time>2026-01-01T12:18:17Z</time>
      </trkpt>
      <trkpt lat="37.410248888888894" lon="-122.0264562962963">
        <time>2026-01-01T12:18:18Z</time>
      </trkpt>
      <trkpt lat="37.41035166666667" lon="-122.02642388888889">
        <time>2026-01-01T12:18:19Z</time>
      </trkpt>
      <trkpt lat="37.41045444444445" lon="-122.02639148148148">
        <time>2026-01-01T12:18:20Z</time>
      </trkpt>
      <trkpt lat="37.410557222222224" lon="-122.02635907407408">
        <time>2026-01-01T12:18:21Z</time>
      </trkpt>
      <trkpt lat="37.41066" lon="-122.02632666666666">
        <time>2026-01-01T12:18:22Z</time>
      </trkpt>
      <trkpt lat="37.410762777777784" lon="-122.02629425925926">
        <time>2026-01-01T12:18:23Z</time>
      </trkpt>
      <trkpt lat="37.41086555555556" lon="-122.02626185185186">
        <time>2026-01-01T12:18:24Z</time>
      </trkpt>
      <trkpt lat="37.41096833333334" lon="-122.02622944444444">
        <time>2026-01-01T12:18:25Z</time>
      </trkpt>
      <trkpt lat="37.41107111111111" lon="-122.02619703703704">
        <time>2026-01-01T12:18:26Z</time>
      </trkpt>
      <trkpt lat="37.41117388888889" lon="-122.02616462962963">
        <time>2026-01-01T12:18:27Z</time>
      </trkpt>
      <trkpt lat="37.411276666666666" lon="-122.02613222222222">
        <time>2026-01-01T12:18:28Z</time>
      </trkpt>
      <trkpt lat="37.41137944444445" lon="-122.02609981481481">
        <time>2026-01-01T12:18:29Z</time>
      </trkpt>
      <trkpt lat="37.411482222222226" lon="-122.02606740740741">
        <time>2026-01-01T12:18:30Z</time>
      </trkpt>
      <trkpt lat="37.411585" lon="-122.02603500000001">
        <time>2026-01-01T12:18:31Z</time>
      </trkpt>
      <trkpt lat="37.41168777777778" lon="-122.02600259259259">
        <time>2026-01-01T12:18:32Z</time>
      </trkpt>
      <trkpt lat="37.411790555555555" lon="-122.02597018518519">
        <time>2026-01-01T12:18:33Z</time>
      </trkpt>
      <trkpt lat="37.41189333333334" lon="-122.02593777777778">
        <time>2026-01-01T12:18:34Z</time>
      </trkpt>
      <trkpt lat="37.411996111111115" lon="-122.02590537037037">
        <time>2026-01-01T12:18:35Z</time>
      </trkpt>
      <trkpt lat="37.41209888888889" lon="-122.02587296296296">
        <time>2026-01-01T12:18:36Z</time>
      </trkpt>
      <trkpt lat="37.41220166666667" lon="-122.02584055555556">
        <time>2026-01-01T12:18:37Z</time>
      </trkpt>
      <trkpt lat="37.412304444444445" lon="-122.02580814814814">
        <time>2026-01-01T12:18:38Z</time>
      </trkpt>
      <trkpt lat="37.41240722222222" lon="-122.02577574074074">
        <time>2026-01-01T12:18:39Z</time>
      </trkpt>
      <trkpt lat="37.412510000000005" lon="-122.02574333333334">
        <time>2026-01-01T12:18:40Z</time>
      </trkpt>
      <trkpt lat="37.41261277777778" lon="-122.02571092592592">
        <time>2026-01-01T12:18:41Z</time>
      </trkpt>
      <trkpt lat="37.41271555555556" lon="-122.02567851851852">
        <time>2026-01-01T12:18:42Z</time>
      </trkpt>
      <trkpt lat="37.412818333333334" lon="-122.02564611111112">
        <time>2026-01-01T12:18:43Z</time>
      </trkpt>
      <trkpt lat="37.41292111111111" lon="-122.0256137037037">
        <time>2026-01-01T12:18:44Z</time>
      </trkpt>
      <trkpt lat="37.413023888888894" lon="-122.0255812962963">
        <time>2026-01-01T12:18:45Z</time>
      </trkpt>
      <trkpt lat="37.41312666666667" lon="-122.02554888888889">
        <time>2026-01-01T12:18:46Z</time>
      </trkpt>
      <trkpt lat="37.41322944444445" lon="-122.02551648148147">
        <time>2026-01-01T12:18:47Z</time>
      </trkpt>
      <trkpt lat="37.41333222222222" lon="-122.02548407407407">
        <time>2026-01-01T12:18:48Z</time>
      </trkpt>
      <trkpt lat="37.413435" lon="-122.02545166666667">
        <time>2026-01-01T12:18:49Z</time>
      </trkpt>
      <trkpt lat="37.41353777777778" lon="-122.02541925925927">
        <time>2026-01-01T12:18:50Z</time>
      </trkpt>
      <trkpt lat="37.41364055555556" lon="-122.02538685185185">
        <time>2026-01-01T12:18:51Z</time>
      </trkpt>
      <trkpt lat="37.413743333333336" lon="-122.02535444444445">
        <time>2026-01-01T12:18:52Z</time>
      </trkpt>
      <trkpt lat="37.41384611111111" lon="-122.02532203703704">
        <time>2026-01-01T12:18:53Z</time>
      </trkpt>
      <trkpt lat="37.41394888888889" lon="-122.02528962962963">
        <time>2026-01-01T12:18:54Z</time>
      </trkpt>
      <trkpt lat="37.414051666666666" lon="-122.02525722222222">
        <time>2026-01-01T12:18:55Z</time>
      </trkpt>
      <trkpt lat="37.41415444444445" lon="-122.02522481481482">
        <time>2026-01-01T12:18:56Z</time>
      </trkpt>
      <trkpt lat="37.414257222222226" lon="-122.0251924074074">
        <time>2026-01-01T12:18:57Z</time>
      </trkpt>
      <trkpt lat="37.41436" lon="-122.02516">
        <time>2026-01-01T12:18:58Z</time>
      </trkpt>
      <trkpt lat="37.4144" lon="-122.02534">
        <time>2026-01-01T12:18:59Z</time>
      </trkpt>
      <trkpt lat="37.4142952" lon="-122.0253693">
        <time>2026-01-01T12:19:00Z</time>
      </trkpt>
      <trkpt lat="37.414321105674766" lon="-122.02552861741111">
        <time>2026-01-01T12:19:01Z</time>
      </trkpt>
      <trkpt lat="37.41434701134954" lon="-122.02568793482222">
        <time>2026-01-01T12:19:02Z</time>
      </trkpt>
      <trkpt lat="37.41437291702431" lon="-122.02584725223333">
        <time>2026-01-01T12:19:03Z</time>
      </trkpt>
      <trkpt lat="37.414398822699084" lon="-122.02600656964445">
        <time>2026-01-01T12:19:04Z</time>
      </trkpt>
      <trkpt lat="37.41442472837385" lon="-122.02616588705556">
        <time>2026-01-01T12:19:05Z</time>
      </trkpt>
      <trkpt lat="37.41445063404862" lon="-122.02632520446667">
        <time>2026-01-01T12:19:06Z</time>
      </trkpt>
      <trkpt lat="37.414476539723395" lon="-122.02648452187778">
        <time>2026-01-01T12:19:07Z</time>
      </trkpt>
      <trkpt lat="37.41450244539816" lon="-122.0266438392889">
        <time>2026-01-01T12:19:08Z</time>
      </trkpt>
      <trkpt lat="37.41452835107294" lon="-122.02680315670001">
        <time>2026-01-01T12:19:09Z</time>
      </trkpt>
      <trkpt lat="37.41455425674771" lon="-122.02696247411112">
        <time>2026-01-01T12:19:10Z</time>
      </trkpt>
      <trkpt lat="37.414580162422475" lon="-122.02712179152223">
        <time>2026-01-01T12:19:11Z</time>
      </trkpt>
      <trkpt lat="37.41460606809725" lon="-122.02728110893335">
        <time>2026-01-01T12:19:12Z</time>
      </trkpt>
      <trkpt lat="37.41463197377202" lon="-122.02744042634446">
        <time>2026-01-01T12:19:13Z</time>
      </trkpt>
      <trkpt lat="37.41465787944679" lon="-122.02759974375557">
        <time>2026-01-01T12:19:14Z</time>
      </trkpt>
      <trkpt lat="37.41468378512156" lon="-122.02775906116668">
        <time>2026-01-01T12:19:15Z</time>
      </trkpt>
      <trkpt lat="37.41470969079633" lon="-122.0279183785778">
        <time>2026-01-01T12:19:16Z</time>
      </trkpt>
      <trkpt lat="37.414735596471104" lon="-122.02807769598891">
        <time>2026-01-01T12:19:17Z</time>
      </trkpt>
      <trkpt lat="37.41476150214587" lon="-122.02823701340002">
        <time>2026-01-01T12:19:18Z</time>
      </trkpt>
      <trkpt lat="37.41478740782065" lon="-122.02839633081113">
        <time>2026-01-01T12:19:19Z</time>
      </trkpt>
      <trkpt lat="37.414813313495415" lon="-122.02855564822225">
        <time>2026-01-01T12:19:20Z</time>
      </trkpt>
      <trkpt lat="37.41483921917018" lon="-122.02871496563336">
        <time>2026-01-01T12:19:21Z</time>
      </trkpt>
      <trkpt lat="37.41486512484496" lon="-122.02887428304447">
        <time>2026-01-01T12:19:22Z</time>
      </trkpt>
      <trkpt lat="37.414891030519726" lon="-122.02903360045559">
        <time>2026-01-01T12:19:23Z</time>
      </trkpt>
      <trkpt lat="37.4149169361945" lon="-122.0291929178667">
        <time>2026-01-01T12:19:24Z</time>
      </trkpt>
      <trkpt lat="37.41494284186927" lon="-122.02935223527781">
        <time>2026-01-01T12:19:25Z</time>
      </trkpt>
      <trkpt lat="37.41496874754404" lon="-122.02951155268892">
        <time>2026-01-01T12:19:26Z</time>
      </trkpt>
      <trkpt lat="37.41499465321881" lon="-122.02967087010003">
        <time>2026-01-01T12:19:27Z</time>
      </trkpt>
      <trkpt lat="37.41502055889358" lon="-122.02983018751115">
        <time>2026-01-01T12:19:28Z</time>
      </trkpt>
      <trkpt lat="37.415046464568356" lon="-122.02998950492226">
        <time>2026-01-01T12:19:29Z</time>
      </trkpt>
      <trkpt lat="37.415072370243124" lon="-122.03014882233337">
        <time>2026-01-01T12:19:30Z</time>
      </trkpt>
      <trkpt lat="37.41509827591789" lon="-122.03030813974449">
        <time>2026-01-01T12:19:31Z</time>
      </trkpt>
      <trkpt lat="37.41512418159267" lon="-122.0304674571556">
        <time>2026-01-01T12:19:32Z</time>
      </trkpt>
      <trkpt lat="37.415150087267435" lon="-122.03062677456671">
        <time>2026-01-01T12:19:33Z</time>
      </trkpt>
      <trkpt lat="37.41517599294221" lon="-122.03078609197783">
        <time>2026-01-01T12:19:34Z</time>
      </trkpt>
      <trkpt lat="37.41520189861698" lon="-122.03094540938893">
        <time>2026-01-01T12:19:35Z</time>
      </trkpt>
      <trkpt lat="37.415227804291746" lon="-122.03110472680005">
        <time>2026-01-01T12:19:36Z</time>
      </trkpt>
      <trkpt lat="37.41525370996652" lon="-122.03126404421116">
        <time>2026-01-01T12:19:37Z</time>
      </trkpt>
      <trkpt lat="37.41527961564129" lon="-122.03142336162227">
        <time>2026-01-01T12:19:38Z</time>
      </trkpt>
      <trkpt lat="37.415305521316064" lon="-122.03158267903339">
        <time>2026-01-01T12:19:39Z</time>
      </trkpt>
      <trkpt lat="37.41533142699083" lon="-122.0317419964445">
        <time>2026-01-01T12:19:40Z</time>
      </trkpt>
      <trkpt lat="37.4153573326656" lon="-122.03190131385561">
        <time>2026-01-01T12:19:41Z</time>
      </trkpt>
      <trkpt lat="37.415383238340375" lon="-122.03206063126673">
        <time>2026-01-01T12:19:42Z</time>
      </trkpt>
      <trkpt lat="37.41540914401514" lon="-122.03221994867783">
        <time>2026-01-01T12:19:43Z</time>
      </trkpt>
      <trkpt lat="37.41543504968992" lon="-122.03237926608895">
        <time>2026-01-01T12:19:44Z</time>
      </trkpt>
      <trkpt lat="37.415460955364686" lon="-122.03253858350007">
        <time>2026-01-01T12:19:45Z</time>
      </trkpt>
      <trkpt lat="37.415486861039454" lon="-122.03269790091117">
        <time>2026-01-01T12:19:46Z</time>
      </trkpt>
      <trkpt lat="37.41551276671423" lon="-122.03285721832229">
        <time>2026-01-01T12:19:47Z</time>
      </trkpt>
      <trkpt lat="37.415538672389" lon="-122.0330165357334">
        <time>2026-01-01T12:19:48Z</time>
      </trkpt>
      <trkpt lat="37.41556457806377" lon="-122.03317585314451">
        <time>2026-01-01T12:19:49Z</time>
      </trkpt>
      <trkpt lat="37.41559048373854" lon="-122.03333517055563">
        <time>2026-01-01T12:19:50Z</time>
      </trkpt>
      <trkpt lat="37.41561638941331" lon="-122.03349448796673">
        <time>2026-01-01T12:19:51Z</time>
      </trkpt>
      <trkpt lat="37.415642295088084" lon="-122.03365380537785">
        <time>2026-01-01T12:19:52Z</time>
      </trkpt>
      <trkpt lat="37.41566820076285" lon="-122.03381312278897">
        <time>2026-01-01T12:19:53Z</time>
      </trkpt>
      <trkpt lat="37.41569410643763" lon="-122.03397244020007">
        <time>2026-01-01T12:19:54Z</time>
      </trkpt>
      <trkpt lat="37.415720012112395" lon="-122.03413175761119">
        <time>2026-01-01T12:19:55Z</time>
      </trkpt>
      <trkpt lat="37.41574591778716" lon="-122.0342910750223">
        <time>2026-01-01T12:19:56Z</time>
      </trkpt>
      <trkpt lat="37.41577182346194" lon="-122.03445039243341">
        <time>2026-01-01T12:19:57Z</time>
      </trkpt>
      <trkpt lat="37.415797729136706" lon="-122.03460970984453">
        <time>2026-01-01T12:19:58Z</time>
      </trkpt>
      <trkpt lat="37.41582363481148" lon="-122.03476902725563">
        <time>2026-01-01T12:19:59Z</time>
      </trkpt>
      <trkpt lat="37.41584954048625" lon="-122.03492834466675">
        <name>L2</name>
        <time>2026-01-01T12:20:00Z</time>
      </trkpt>
    </trkseg>
  </trk>
</gpx>