<?xml version='1.0' encoding='utf-8'?>
<gpx xmlns="http://www.topografix.com/GPX/1/1" version="1.1" creator="iPhone Route Controller">
  <trk>
    <name>L2 to L1</name>
    <trkseg>
      <trkpt lat="37.41584954048625" lon="-122.03492834466675">
        <name>L2</name>
        <time>2026-01-01T12:20:00Z</time>
      </trkpt>
      <trkpt lat="37.41582538147814" lon="-122.03476853892231">
        <time>2026-01-01T12:20:01Z</time>
      </trkpt>
      <trkpt lat="37.415801222470044" lon="-122.03460873317786">
        <time>2026-01-01T12:20:02Z</time>
      </trkpt>
      <trkpt lat="37.41577706346194" lon="-122.03444892743342">
        <time>2026-01-01T12:20:03Z</time>
      </trkpt>
      <trkpt lat="37.41575290445383" lon="-122.03428912168897">
        <time>2026-01-01T12:20:04Z</time>
      </trkpt>
      <trkpt lat="37.415728745445726" lon="-122.03412931594453">
        <time>2026-01-01T12:20:05Z</time>
      </trkpt>
      <trkpt lat="37.41570458643763" lon="-122.03396951020008">
        <time>2026-01-01T12:20:06Z</time>
      </trkpt>
      <trkpt lat="37.41568042742952" lon="-122.03380970445563">
        <time>2026-01-01T12:20:07Z</time>
      </trkpt>
      <trkpt lat="37.415656268421415" lon="-122.03364989871119">
        <time>2026-01-01T12:20:08Z</time>
      </trkpt>
      <trkpt lat="37.41563210941331" lon="-122.03349009296674">
        <time>2026-01-01T12:20:09Z</time>
      </trkpt>
      <trkpt lat="37.41560795040521" lon="-122.0333302872223">
        <time>2026-01-01T12:20:10Z</time>
      </trkpt>
      <trkpt lat="37.415583791397104" lon="-122.03317048147785">
        <time>2026-01-01T12:20:11Z</time>
      </trkpt>
      <trkpt lat="37.415559632389" lon="-122.03301067573341">
        <time>2026-01-01T12:20:12Z</time>
      </trkpt>
      <trkpt lat="37.41553547338089" lon="-122.03285086998896">
        <time>2026-01-01T12:20:13Z</time>
      </trkpt>
      <trkpt lat="37.41551131437279" lon="-122.03269106424452">
        <time>2026-01-01T12:20:14Z</time>
      </trkpt>
      <trkpt lat="37.41548715536469" lon="-122.03253125850006">
        <time>2026-01-01T12:20:15Z</time>
      </trkpt>
      <trkpt lat="37.41546299635658" lon="-122.03237145275561">
        <time>2026-01-01T12:20:16Z</time>
      </trkpt>
      <trkpt lat="37.41543883734848" lon="-122.03221164701117">
        <time>2026-01-01T12:20:17Z</time>
      </trkpt>
      <trkpt lat="37.415414678340376" lon="-122.03205184126672">
        <time>2026-01-01T12:20:18Z</time>
      </trkpt>
      <trkpt lat="37.41539051933227" lon="-122.03189203552228">
        <time>2026-01-01T12:20:19Z</time>
      </trkpt>
      <trkpt lat="37.415366360324164" lon="-122.03173222977783">
        <time>2026-01-01T12:20:20Z</time>
      </trkpt>
      <trkpt lat="37.415342201316065" lon="-122.03157242403339">
        <time>2026-01-01T12:20:21Z</time>
      </trkpt>
      <trkpt lat="37.41531804230796" lon="-122.03141261828894">
        <time>2026-01-01T12:20:22Z</time>
      </trkpt>
      <trkpt lat="37.41529388329985" lon="-122.0312528125445">
        <time>2026-01-01T12:20:23Z</time>
      </trkpt>
      <trkpt lat="37.41526972429175" lon="-122.03109300680005">
        <time>2026-01-01T12:20:24Z</time>
      </trkpt>
      <trkpt lat="37.41524556528365" lon="-122.0309332010556">
        <time>2026-01-01T12:20:25Z</time>
      </trkpt>
      <trkpt lat="37.41522140627554" lon="-122.03077339531116">
        <time>2026-01-01T12:20:26Z</time>
      </trkpt>
      <trkpt lat="37.415197247267436" lon="-122.03061358956671">
        <time>2026-01-01T12:20:27Z</time>
      </trkpt>
      <trkpt lat="37.41517308825933" lon="-122.03045378382227">
        <time>2026-01-01T12:20:28Z</time>
      </trkpt>
      <trkpt lat="37.41514892925123" lon="-122.03029397807782">
        <time>2026-01-01T12:20:29Z</time>
      </trkpt>
      <trkpt lat="37.415124770243125" lon="-122.03013417233338">
        <time>2026-01-01T12:20:30Z</time>
      </trkpt>
      <trkpt lat="37.41510061123502" lon="-122.02997436658893">
        <time>2026-01-01T12:20:31Z</time>
      </trkpt>
      <trkpt lat="37.41507645222692" lon="-122.02981456084449">
        <time>2026-01-01T12:20:32Z</time>
      </trkpt>
      <trkpt lat="37.415052293218814" lon="-122.02965475510004">
        <time>2026-01-01T12:20:33Z</time>
      </trkpt>
      <trkpt lat="37.41502813421071" lon="-122.0294949493556">
        <time>2026-01-01T12:20:34Z</time>
      </trkpt>
      <trkpt lat="37.4150039752026" lon="-122.02933514361115">
        <time>2026-01-01T12:20:35Z</time>
      </trkpt>
      <trkpt lat="37.4149798161945" lon="-122.0291753378667">
        <time>2026-01-01T12:20:36Z</time>
      </trkpt>
      <trkpt lat="37.4149556571864" lon="-122.02901553212226">
        <time>2026-01-01T12:20:37Z</time>
      </trkpt>
      <trkpt lat="37.41493149817829" lon="-122.02885572637781">
        <time>2026-01-01T12:20:38Z</time>
      </trkpt>
      <trkpt lat="37.414907339170185" lon="-122.02869592063337">
        <time>2026-01-01T12:20:39Z</time>
      </trkpt>
      <trkpt lat="37.414883180162086" lon="-122.02853611488892">
        <time>2026-01-01T12:20:40Z</time>
      </trkpt>
      <trkpt lat="37.41485902115398" lon="-122.02837630914448">
        <time>2026-01-01T12:20:41Z</time>
      </trkpt>
      <trkpt lat="37.414834862145874" lon="-122.02821650340003">
        <time>2026-01-01T12:20:42Z</time>
      </trkpt>
      <trkpt lat="37.41481070313777" lon="-122.02805669765559">
        <time>2026-01-01T12:20:43Z</time>
      </trkpt>
      <trkpt lat="37.41478654412967" lon="-122.02789689191114">
        <time>2026-01-01T12:20:44Z</time>
      </trkpt>
      <trkpt lat="37.41476238512156" lon="-122.0277370861667">
        <time>2026-01-01T12:20:45Z</time>
      </trkpt>
      <trkpt lat="37.41473822611346" lon="-122.02757728042224">
        <time>2026-01-01T12:20:46Z</time>
      </trkpt>
      <trkpt lat="37.41471406710536" lon="-122.02741747467779">
        <time>2026-01-01T12:20:47Z</time>
      </trkpt>
      <trkpt lat="37.41468990809725" lon="-122.02725766893334">
        <time>2026-01-01T12:20:48Z</time>
      </trkpt>
      <trkpt lat="37.414665749089146" lon="-122.0270978631889">
        <time>2026-01-01T12:20:49Z</time>
      </trkpt>
      <trkpt lat="37.41464159008104" lon="-122.02693805744445">
        <time>2026-01-01T12:20:50Z</time>
      </trkpt>
      <trkpt lat="37.41461743107294" lon="-122.02677825170001">
        <time>2026-01-01T12:20:51Z</time>
      </trkpt>
      <trkpt lat="37.414593272064835" lon="-122.02661844595556">
        <time>2026-01-01T12:20:52Z</time>
      </trkpt>
      <trkpt lat="37.41456911305673" lon="-122.02645864021112">
        <time>2026-01-01T12:20:53Z</time>
      </trkpt>
      <trkpt lat="37.41454495404862" lon="-122.02629883446667">
        <time>2026-01-01T12:20:54Z</time>
      </trkpt>
      <trkpt lat="37.414520795040524" lon="-122.02613902872223">
        <time>2026-01-01T12:20:55Z</time>
      </trkpt>
      <trkpt lat="37.41449663603242" lon="-122.02597922297778">
        <time>2026-01-01T12:20:56Z</time>
      </trkpt>
      <trkpt lat="37.41447247702431" lon="-122.02581941723334">
        <time>2026-01-01T12:20:57Z</time>
      </trkpt>
      <trkpt lat="37.414448318016206" lon="-122.02565961148889">
        <time>2026-01-01T12:20:58Z</time>
      </trkpt>
      <trkpt lat="37.41442415900811" lon="-122.02549980574445">
        <time>2026-01-01T12:20:59Z</time>
      </trkpt>
      <trkpt lat="37.4144" lon="-122.02534">
        <time>2026-01-01T12:21:00Z</time>
      </trkpt>
      <trkpt lat="37.41436" lon="-122.02516">
        <time>2026-01-01T12:21:01Z</time>
      </trkpt>
      <trkpt lat="37.414257222222226" lon="-122.0251924074074">
        <time>2026-01-01T12:21:02Z</time>
      </trkpt>
      <trkpt lat="37.41415444444445" lon="-122.02522481481482">
        <time>2026-01-01T12:21:03Z</time>
      </trkpt>
      <trkpt lat="37.414051666666666" lon="-122.02525722222222">
        <time>2026-01-01T12:21:04Z</time>
      </trkpt>
      <trkpt lat="37.41394888888889" lon="-122.02528962962963">
        <time>2026-01-01T12:21:05Z</time>
      </trkpt>
      <trkpt lat="37.41384611111111" lon="-122.02532203703704">
        <time>2026-01-01T12:21:06Z</time>
      </trkpt>
      <trkpt lat="37.413743333333336" lon="-122.02535444444445">
        <time>2026-01-01T12:21:07Z</time>
      </trkpt>
      <trkpt lat="37.41364055555556" lon="-122.02538685185185">
        <time>2026-01-01T12:21:08Z</time>
      </trkpt>
      <trkpt lat="37.41353777777778" lon="-122.02541925925927">
        <time>2026-01-01T12:21:09Z</time>
      </trkpt>
      <trkpt lat="37.413435" lon="-122.02545166666667">
        <time>2026-01-01T12:21:10Z</time>
      </trkpt>
      <trkpt lat="37.41333222222222" lon="-122.02548407407407">
        <time>2026-01-01T12:21:11Z</time>
      </trkpt>
      <trkpt lat="37.41322944444445" lon="-122.02551648148147">
        <time>2026-01-01T12:21:12Z</time>
      </trkpt>
      <trkpt lat="37.41312666666667" lon="-122.02554888888889">
        <time>2026-01-01T12:21:13Z</time>
      </trkpt>
      <trkpt lat="37.413023888888894" lon="-122.0255812962963">
        <time>2026-01-01T12:21:14Z</time>
      </trkpt>
      <trkpt lat="37.41292111111111" lon="-122.0256137037037">
        <time>2026-01-01T12:21:15Z</time>
      </trkpt>
      <trkpt lat="37.412818333333334" lon="-122.02564611111112">
        <time>2026-01-01T12:21:16Z</time>
      </trkpt>
      <trkpt lat="37.41271555555556" lon="-122.02567851851852">
        <time>2026-01-01T12:21:17Z</time>
      </trkpt>
      <trkpt lat="37.41261277777778" lon="-122.02571092592592">
        <time>2026-01-01T12:21:18Z</time>
      </trkpt>
      <trkpt lat="37.412510000000005" lon="-122.02574333333334">
        <time>2026-01-01T12:21:19Z</time>
      </trkpt>
      <trkpt lat="37.41240722222222" lon="-122.02577574074074">
        <time>2026-01-01T12:21:20Z</time>
      </trkpt>
      <trkpt lat="37.412304444444445" lon="-122.02580814814814">
        <time>2026-01-01T12:21:21Z</time>
      </trkpt>
      <trkpt lat="37.41220166666667" lon="-122.02584055555556">
        <time>2026-01-01T12:21:22Z</time>
      </trkpt>
      <trkpt lat="37.41209888888889" lon="-122.02587296296296">
        <time>2026-01-01T12:21:23Z</time>
      </trkpt>
      <trkpt lat="37.411996111111115" lon="-122.02590537037037">
        <time>2026-01-01T12:21:24Z</time>
      </trkpt>
      <trkpt lat="37.41189333333334" lon="-122.02593777777778">
        <time>2026-01-01T12:21:25Z</time>
      </trkpt>
      <trkpt lat="37.411790555555555" lon="-122.02597018518519">
        <time>2026-01-01T12:21:26Z</time>
      </trkpt>
      <trkpt lat="37.41168777777778" lon="-122.02600259259259">
        <time>2026-01-01T12:21:27Z</time>
      </trkpt>
      <trkpt lat="37.411585" lon="-122.02603500000001">
        <time>2026-01-01T12:21:28Z</time>
      </trkpt>
      <trkpt lat="37.411482222222226" lon="-122.02606740740741">
        <time>2026-01-01T12:21:29Z</time>
      </trkpt>
      <trkpt lat="37.41137944444445" lon="-122.02609981481481">
        <time>2026-01-01T12:21:30Z</time>
      </trkpt>
      <trkpt lat="37.411276666666666" lon="-122.02613222222222">
        <time>2026-01-01T12:21:31Z</time>
      </trkpt>
      <trkpt lat="37.41117388888889" lon="-122.02616462962963">
        <time>2026-01-01T12:21:32Z</time>
      </trkpt>
      <trkpt lat="37.41107111111111" lon="-122.02619703703704">
        <time>2026-01-01T12:21:33Z</time>
      </trkpt>
      <trkpt lat="37.41096833333334" lon="-122.02622944444444">
        <time>2026-01-01T12:21:34Z</time>
      </trkpt>
      <trkpt lat="37.41086555555556" lon="-122.02626185185186">
        <time>2026-01-01T12:21:35Z</time>
      </trkpt>
      <trkpt lat="37.410762777777784" lon="-122.02629425925926">
        <time>2026-01-01T12:21:36Z</time>
      </trkpt>
      <trkpt lat="37.41066" lon="-122.02632666666666">
        <time>2026-01-01T12:21:37Z</time>
      </trkpt>
      <trkpt lat="37.410557222222224" lon="-122.02635907407408">
        <time>2026-01-01T12:21:38Z</time>
      </trkpt>
      <trkpt lat="37.41045444444445" lon="-122.02639148148148">
        <time>2026-01-01T12:21:39Z</time>
      </trkpt>
      <trkpt lat="37.41035166666667" lon="-122.02642388888889">
        <time>2026-01-01T12:21:40Z</time>
      </trkpt>
      <trkpt lat="37.410248888888894" lon="-122.0264562962963">
        <time>2026-01-01T12:21:41Z</time>
      </trkpt>
      <trkpt lat="37.41014611111111" lon="-122.0264887037037">
        <time>2026-01-01T12:21:42Z</time>
      </trkpt>
      <trkpt lat="37.410043333333334" lon="-122.02652111111111">
        <time>2026-01-01T12:21:43Z</time>
      </trkpt>
      <trkpt lat="37.40994055555556" lon="-122.02655351851853">
        <time>2026-01-01T12:21:44Z</time>
      </trkpt>
      <trkpt lat="37.40983777777778" lon="-122.02658592592593">
        <time>2026-01-01T12:21:45Z</time>
      </trkpt>
      <trkpt lat="37.409735000000005" lon="-122.02661833333333">
        <time>2026-01-01T12:21:46Z</time>
      </trkpt>
      <trkpt lat="37.40963222222222" lon="-122.02665074074073">
        <time>2026-01-01T12:21:47Z</time>
      </trkpt>
      <trkpt lat="37.409529444444445" lon="-122.02668314814815">
        <time>2026-01-01T12:21:48Z</time>
      </trkpt>
      <trkpt lat="37.40942666666667" lon="-122.02671555555555">
        <time>2026-01-01T12:21:49Z</time>
      </trkpt>
      <trkpt lat="37.40932388888889" lon="-122.02674796296296">
        <time>2026-01-01T12:21:50Z</time>
      </trkpt>
      <trkpt lat="37.409221111111115" lon="-122.02678037037037">
        <time>2026-01-01T12:21:51Z</time>
      </trkpt>
      <trkpt lat="37.40911833333334" lon="-122.02681277777778">
        <time>2026-01-01T12:21:52Z</time>
      </trkpt>
      <trkpt lat="37.409015555555555" lon="-122.02684518518518">
        <time>2026-01-01T12:21:53Z</time>
      </trkpt>
      <trkpt lat="37.40891277777778" lon="-122.0268775925926">
        <time>2026-01-01T12:21:54Z</time>
      </trkpt>
      <trkpt lat="37.40881" lon="-122.02691">
        <time>2026-01-01T12:21:55Z</time>
      </trkpt>
      <trkpt lat="37.408680000000004" lon="-122.02689833333334">
        <time>2026-01-01T12:21:56Z</time>
      </trkpt>
      <trkpt lat="37.40855" lon="-122.02688666666667">
        <time>2026-01-01T12:21:57Z</time>
      </trkpt>
      <trkpt lat="37.40842" lon="-122.026875">
        <time>2026-01-01T12:21:58Z</time>
      </trkpt>
      <trkpt lat="37.40829" lon="-122.02686333333334">
        <time>2026-01-01T12:21:59Z</time>
      </trkpt>
      <trkpt lat="37.408159999999995" lon="-122.02685166666667">
        <time>2026-01-01T12:22:00Z</time>
      </trkpt>
      <trkpt lat="37.40803" lon="-122.02684">
        <time>2026-01-01T12:22:01Z</time>
      </trkpt>
      <trkpt lat="37.40793277777777" lon="-122.02679777777779">
        <time>2026-01-01T12:22:02Z</time>
      </trkpt>
      <trkpt lat="37.40783555555555" lon="-122.02675555555557">
        <time>2026-01-01T12:22:03Z</time>
      </trkpt>
      <trkpt lat="37.40773833333333" lon="-122.02671333333333">
        <time>2026-01-01T12:22:04Z</time>
      </trkpt>
      <trkpt lat="37.40764111111111" lon="-122.02667111111111">
        <time>2026-01-01T12:22:05Z</time>
      </trkpt>
      <trkpt lat="37.40754388888889" lon="-122.0266288888889">
        <time>2026-01-01T12:22:06Z</time>
      </trkpt>
      <trkpt lat="37.407446666666665" lon="-122.02658666666667">
        <time>2026-01-01T12:22:07Z</time>
      </trkpt>
      <trkpt lat="37.40734944444444" lon="-122.02654444444444">
        <time>2026-01-01T12:22:08Z</time>
      </trkpt>
      <trkpt lat="37.40725222222222" lon="-122.02650222222222">
        <time>2026-01-01T12:22:09Z</time>
      </trkpt>
      <trkpt lat="37.407155" lon="-122.02646">
        <time>2026-01-01T12:22:10Z</time>
      </trkpt>
      <trkpt lat="37.40705777777778" lon="-122.02641777777778">
        <time>2026-01-01T12:22:11Z</time>
      </trkpt>
      <trkpt lat="37.40696055555556" lon="-122.02637555555556">
        <time>2026-01-01T12:22:12Z</time>
      </trkpt>
      <trkpt lat="37.406863333333334" lon="-122.02633333333333">
        <time>2026-01-01T12:22:13Z</time>
      </trkpt>
      <trkpt lat="37.40676611111111" lon="-122.0262911111111">
        <time>2026-01-01T12:22:14Z</time>
      </trkpt>
      <trkpt lat="37.40666888888889" lon="-122.02624888888889">
        <time>2026-01-01T12:22:15Z</time>
      </trkpt>
      <trkpt lat="37.406571666666665" lon="-122.02620666666667">
        <time>2026-01-01T12:22:16Z</time>
      </trkpt>
      <trkpt lat="37.40647444444445" lon="-122.02616444444443">
        <time>2026-01-01T12:22:17Z</time>
      </trkpt>
      <trkpt lat="37.406377222222225" lon="-122.02612222222221">
        <time>2026-01-01T12:22:18Z</time>
      </trkpt>
      <trkpt lat="37.40628" lon="-122.02608">
        <time>2026-01-01T12:22:19Z</time>
      </trkpt>
      <trkpt lat="37.40618714285714" lon="-122.02606857142857">
        <time>2026-01-01T12:22:20Z</time>
      </trkpt>
      <trkpt lat="37.40609428571429" lon="-122.02605714285714">
        <time>2026-01-01T12:22:21Z</time>
      </trkpt>
      <trkpt lat="37.40600142857143" lon="-122.02604571428571">
        <time>2026-01-01T12:22:22Z</time>
      </trkpt>
      <trkpt lat="37.405908571428576" lon="-122.02603428571427">
        <time>2026-01-01T12:22:23Z</time>
      </trkpt>
      <trkpt lat="37.405815714285716" lon="-122.02602285714285">
        <time>2026-01-01T12:22:24Z</time>
      </trkpt>
      <trkpt lat="37.40572285714286" lon="-122.02601142857142">
        <time>2026-01-01T12:22:25Z</time>
      </trkpt>
      <trkpt lat="37.40563" lon="-122.026">
        <time>2026-01-01T12:22:26Z</time>
      </trkpt>
      <trkpt lat="37.405525714285716" lon="-122.02600857142856">
        <time>2026-01-01T12:22:27Z</time>
      </trkpt>
      <trkpt lat="37.40542142857143" lon="-122.02601714285714">
        <time>2026-01-01T12:22:28Z</time>
      </trkpt>
      <trkpt lat="37.40531714285714" lon="-122.02602571428571">
        <time>2026-01-01T12:22:29Z</time>
      </trkpt>
      <trkpt lat="37.40521285714286" lon="-122.02603428571429">
        <time>2026-01-01T12:22:30Z</time>
      </trkpt>
      <trkpt lat="37.40510857142857" lon="-122.02604285714285">
        <time>2026-01-01T12:22:31Z</time>
      </trkpt>
      <trkpt lat="37.405004285714284" lon="-122.02605142857144">
        <time>2026-01-01T12:22:32Z</time>
      </trkpt>
      <trkpt lat="37.4049" lon="-122.02606">
        <time>2026-01-01T12:22:33Z</time>
      </trkpt>
      <trkpt lat="37.40479315789474" lon="-122.02608947368421">
        <time>2026-01-01T12:22:34Z</time>
      </trkpt>
      <trkpt lat="37.40468631578947" lon="-122.02611894736842">
        <time>2026-01-01T12:22:35Z</time>
      </trkpt>
      <trkpt lat="37.40457947368421" lon="-122.02614842105262">
        <time>2026-01-01T12:22:36Z</time>
      </trkpt>
      <trkpt lat="37.40447263157895" lon="-122.02617789473685">
        <time>2026-01-01T12:22:37Z</time>
      </trkpt>
      <trkpt lat="37.40436578947368" lon="-122.02620736842105">
        <time>2026-01-01T12:22:38Z</time>
      </trkpt>
      <trkpt lat="37.40425894736842" lon="-122.02623684210526">
        <time>2026-01-01T12:22:39Z</time>
      </trkpt>
      <trkpt lat="37.40415210526316" lon="-122.02626631578947">
        <time>2026-01-01T12:22:40Z</time>
      </trkpt>
      <trkpt lat="37.40404526315789" lon="-122.02629578947368">
        <time>2026-01-01T12:22:41Z</time>
      </trkpt>
      <trkpt lat="37.40393842105263" lon="-122.02632526315789">
        <time>2026-01-01T12:22:42Z</time>
      </trkpt>
      <trkpt lat="37.40383157894737" lon="-122.02635473684211">
        <time>2026-01-01T12:22:43Z</time>
      </trkpt>
      <trkpt lat="37.40372473684211" lon="-122.02638421052632">
        <time>2026-01-01T12:22:44Z</time>
      </trkpt>
      <trkpt lat="37.40361789473684" lon="-122.02641368421052">
        <time>2026-01-01T12:22:45Z</time>
      </trkpt>
      <trkpt lat="37.40351105263158" lon="-122.02644315789473">
        <time>2026-01-01T12:22:46Z</time>
      </trkpt>
      <trkpt lat="37.40340421052632" lon="-122.02647263157894">
        <time>2026-01-01T12:22:47Z</time>
      </trkpt>
      <trkpt lat="37.40329736842105" lon="-122.02650210526315">
        <time>2026-01-01T12:22:48Z</time>
      </trkpt>
      <trkpt lat="37.40319052631579" lon="-122.02653157894737">
        <time>2026-01-01T12:22:49Z</time>
      </trkpt>
      <trkpt lat="37.40308368421053" lon="-122.02656105263158">
        <time>2026-01-01T12:22:50Z</time>
      </trkpt>
      <trkpt lat="37.40297684210526" lon="-122.02659052631579">
        <time>2026-01-01T12:22:51Z</time>
      </trkpt>
      <trkpt lat="37.40287" lon="-122.02662">
        <time>2026-01-01T12:22:52Z</time>
      </trkpt>
      <trkpt lat="37.40282" lon="-122.02670666666667">
        <time>2026-01-01T12:22:53Z</time>
      </trkpt>
      <trkpt lat="37.402770000000004" lon="-122.02679333333333">
        <time>2026-01-01T12:22:54Z</time>
      </trkpt>
      <trkpt lat="37.40272" lon="-122.02688">
        <time>2026-01-01T12:22:55Z</time>
      </trkpt>
      <trkpt lat="37.402744999999996" lon="-122.02703500000001">
        <time>2026-01-01T12:22:56Z</time>
      </trkpt>
      <trkpt lat="37.40277" lon="-122.02719">
        <time>2026-01-01T12:22:57Z</time>
      </trkpt>
      <trkpt lat="37.402744347826086" lon="-122.02732043478261">
        <time>2026-01-01T12:22:58Z</time>
      </trkpt>
      <trkpt lat="37.40271869565217" lon="-122.02745086956523">
        <time>2026-01-01T12:22:59Z</time>
      </trkpt>
      <trkpt lat="37.40269304347826" lon="-122.02758130434783">
        <time>2026-01-01T12:23:00Z</time>
      </trkpt>
      <trkpt lat="37.40266739130435" lon="-122.02771173913044">
        <time>2026-01-01T12:23:01Z</time>
      </trkpt>
      <trkpt lat="37.40264173913043" lon="-122.02784217391304">
        <time>2026-01-01T12:23:02Z</time>
      </trkpt>
      <trkpt lat="37.40261608695652" lon="-122.02797260869566">
        <time>2026-01-01T12:23:03Z</time>
      </trkpt>
      <trkpt lat="37.40259043478261" lon="-122.02810304347827">
        <time>2026-01-01T12:23:04Z</time>
      </trkpt>
      <trkpt lat="37.40256478260869" lon="-122.02823347826087">
        <time>2026-01-01T12:23:05Z</time>
      </trkpt>
      <trkpt lat="37.40253913043478" lon="-122.02836391304348">
        <time>2026-01-01T12:23:06Z</time>
      </trkpt>
      <trkpt lat="37.40251347826087" lon="-122.0284943478261">
        <time>2026-01-01T12:23:07Z</time>
      </trkpt>
      <trkpt lat="37.402487826086954" lon="-122.0286247826087">
        <time>2026-01-01T12:23:08Z</time>
      </trkpt>
      <trkpt lat="37.402462173913044" lon="-122.0287552173913">
        <time>2026-01-01T12:23:09Z</time>
      </trkpt>
      <trkpt lat="37.402436521739126" lon="-122.02888565217391">
        <time>2026-01-01T12:23:10Z</time>
      </trkpt>
      <trkpt lat="37.402410869565216" lon="-122.02901608695653">
        <time>2026-01-01T12:23:11Z</time>
      </trkpt>
      <trkpt lat="37.402385217391306" lon="-122.02914652173914">
        <time>2026-01-01T12:23:12Z</time>
      </trkpt>
      <trkpt lat="37.40235956521739" lon="-122.02927695652174">
        <time>2026-01-01T12:23:13Z</time>
      </trkpt>
      <trkpt lat="37.40233391304348" lon="-122.02940739130435">
        <time>2026-01-01T12:23:14Z</time>
      </trkpt>
      <trkpt lat="37.40230826086957" lon="-122.02953782608697">
        <time>2026-01-01T12:23:15Z</time>
      </trkpt>
      <trkpt lat="37.40228260869565" lon="-122.02966826086957">
        <time>2026-01-01T12:23:16Z</time>
      </trkpt>
      <trkpt lat="37.40225695652174" lon="-122.02979869565218">
        <time>2026-01-01T12:23:17Z</time>
      </trkpt>
      <trkpt lat="37.40223130434783" lon="-122.02992913043478">
        <time>2026-01-01T12:23:18Z</time>
      </trkpt>
      <trkpt lat="37.40220565217391" lon="-122.0300595652174">
        <time>2026-01-01T12:23:19Z</time>
      </trkpt>
      <trkpt lat="37.40218" lon="-122.03019">
        <time>2026-01-01T12:23:20Z</time>
      </trkpt>
      <trkpt lat="37.40220055" lon="-122.0302854">
        <time>2026-01-01T12:23:21Z</time>
      </trkpt>
      <trkpt lat="37.4022211" lon="-122.0303808">
        <time>2026-01-01T12:23:22Z</time>
      </trkpt>
      <trkpt lat="37.40217009083333" lon="-122.03049787666667">
        <time>2026-01-01T12:23:23Z</time>
      </trkpt>
      <trkpt lat="37.40211908166666" lon="-122.03061495333334">
        <time>2026-01-01T12:23:24Z</time>
      </trkpt>
      <trkpt lat="37.4020680725" lon="-122.03073203000001">
        <time>2026-01-01T12:23:25Z</time>
      </trkpt>
      <trkpt lat="37.40201706333333" lon="-122.03084910666666">
        <time>2026-01-01T12:23:26Z</time>
      </trkpt>
      <trkpt lat="37.401966054166664" lon="-122.03096618333333">
        <time>2026-01-01T12:23:27Z</time>
      </trkpt>
      <trkpt lat="37.401915044999996" lon="-122.03108326">
        <time>2026-01-01T12:23:28Z</time>
      </trkpt>
      <trkpt lat="37.401864035833334" lon="-122.03120033666667">
        <time>2026-01-01T12:23:29Z</time>
      </trkpt>
      <trkpt lat="37.401813026666666" lon="-122.03131741333334">
        <time>2026-01-01T12:23:30Z</time>
      </trkpt>
      <trkpt lat="37.4017620175" lon="-122.03143449000001">
        <time>2026-01-01T12:23:31Z</time>
      </trkpt>
      <trkpt lat="37.40171100833333" lon="-122.03155156666666">
        <time>2026-01-01T12:23:32Z</time>
      </trkpt>
      <trkpt lat="37.40165999916667" lon="-122.03166864333333">
        <time>2026-01-01T12:23:33Z</time>
      </trkpt>
      <trkpt lat="37.40160899" lon="-122.03178572">
        <time>2026-01-01T12:23:34Z</time>
      </trkpt>
      <trkpt lat="37.40155798083333" lon="-122.03190279666667">
        <time>2026-01-01T12:23:35Z</time>
      </trkpt>
      <trkpt lat="37.40150697166666" lon="-122.03201987333334">
        <time>2026-01-01T12:23:36Z</time>
      </trkpt>
      <trkpt lat="37.401455962499995" lon="-122.03213695000001">
        <time>2026-01-01T12:23:37Z</time>
      </trkpt>
      <trkpt lat="37.40140495333333" lon="-122.03225402666666">
        <time>2026-01-01T12:23:38Z</time>
      </trkpt>
      <trkpt lat="37.401353944166665" lon="-122.03237110333333">
        <time>2026-01-01T12:23:39Z</time>
      </trkpt>
      <trkpt lat="37.401302935" lon="-122.03248818">
        <time>2026-01-01T12:23:40Z</time>
      </trkpt>
      <trkpt lat="37.40125192583333" lon="-122.03260525666667">
        <time>2026-01-01T12:23:41Z</time>
      </trkpt>
      <trkpt lat="37.40120091666667" lon="-122.03272233333334">
        <time>2026-01-01T12:23:42Z</time>
      </trkpt>
      <trkpt lat="37.4011499075" lon="-122.03283941000001">
        <time>2026-01-01T12:23:43Z</time>
      </trkpt>
      <trkpt lat="37.40109889833333" lon="-122.03295648666668">
        <time>2026-01-01T12:23:44Z</time>
      </trkpt>
      <trkpt lat="37.40104788916666" lon="-122.03307356333333">
        <time>2026-01-01T12:23:45Z</time>
      </trkpt>
      <trkpt lat="37.40099688" lon="-122.03319064">
        <time>2026-01-01T12:23:46Z</time>
      </trkpt>
      <trkpt lat="37.40094587083333" lon="-122.03330771666667">
        <time>2026-01-01T12:23:47Z</time>
      </trkpt>
      <trkpt lat="37.400894861666664" lon="-122.03342479333334">
        <time>2026-01-01T12:23:48Z</time>
      </trkpt>
      <trkpt lat="37.400843852499996" lon="-122.03354187000001">
        <time>2026-01-01T12:23:49Z</time>
      </trkpt>
      <trkpt lat="37.400792843333335" lon="-122.03365894666668">
        <time>2026-01-01T12:23:50Z</time>
      </trkpt>
      <trkpt lat="37.400741834166666" lon="-122.03377602333333">
        <time>2026-01-01T12:23:51Z</time>
      </trkpt>
      <trkpt lat="37.400690825" lon="-122.0338931">
        <time>2026-01-01T12:23:52Z</time>
      </trkpt>
      <trkpt lat="37.40063981583333" lon="-122.03401017666667">
        <time>2026-01-01T12:23:53Z</time>
      </trkpt>
      <trkpt lat="37.40058880666666" lon="-122.03412725333334">
        <time>2026-01-01T12:23:54Z</time>
      </trkpt>
      <trkpt lat="37.4005377975" lon="-122.03424433">
        <time>2026-01-01T12:23:55Z</time>
      </trkpt>
      <trkpt lat="37.40048678833333" lon="-122.03436140666668">
        <time>2026-01-01T12:23:56Z</time>
      </trkpt>
      <trkpt lat="37.40043577916666" lon="-122.03447848333333">
        <time>2026-01-01T12:23:57Z</time>
      </trkpt>
      <trkpt lat="37.400384769999995" lon="-122.03459556">
        <time>2026-01-01T12:23:58Z</time>
      </trkpt>
      <trkpt lat="37.400333760833334" lon="-122.03471263666667">
        <time>2026-01-01T12:23:59Z</time>
      </trkpt>
      <trkpt lat="37.400282751666666" lon="-122.03482971333334">
        <time>2026-01-01T12:24:00Z</time>
      </trkpt>
      <trkpt lat="37.4002317425" lon="-122.03494679">
        <time>2026-01-01T12:24:01Z</time>
      </trkpt>
      <trkpt lat="37.40018073333333" lon="-122.03506386666668">
        <time>2026-01-01T12:24:02Z</time>
      </trkpt>
      <trkpt lat="37.40012972416667" lon="-122.03518094333334">
        <time>2026-01-01T12:24:03Z</time>
      </trkpt>
      <trkpt lat="37.400078715" lon="-122.03529802">
        <time>2026-01-01T12:24:04Z</time>
      </trkpt>
      <trkpt lat="37.40002770583333" lon="-122.03541509666667">
        <time>2026-01-01T12:24:05Z</time>
      </trkpt>
      <trkpt lat="37.39997669666666" lon="-122.03553217333334">
        <time>2026-01-01T12:24:06Z</time>
      </trkpt>
      <trkpt lat="37.3999256875" lon="-122.03564925">
        <time>2026-01-01T12:24:07Z</time>
      </trkpt>
      <trkpt lat="37.39987467833333" lon="-122.03576632666667">
        <time>2026-01-01T12:24:08Z</time>
      </trkpt>
      <trkpt lat="37.399823669166665" lon="-122.03588340333334">
        <time>2026-01-01T12:24:09Z</time>
      </trkpt>
      <trkpt lat="37.39977266" lon="-122.03600048">
        <time>2026-01-01T12:24:10Z</time>
      </trkpt>
      <trkpt lat="37.39972165083333" lon="-122.03611755666667">
        <time>2026-01-01T12:24:11Z</time>
      </trkpt>
      <trkpt lat="37.39967064166667" lon="-122.03623463333334">
        <time>2026-01-01T12:24:12Z</time>
      </trkpt>
      <trkpt lat="37.3996196325" lon="-122.03635171">
        <time>2026-01-01T12:24:13Z</time>
      </trkpt>
      <trkpt lat="37.39956862333333" lon="-122.03646878666667">
        <time>2026-01-01T12:24:14Z</time>
      </trkpt>
      <trkpt lat="37.39951761416666" lon="-122.03658586333334">
        <time>2026-01-01T12:24:15Z</time>
      </trkpt>
      <trkpt lat="37.399466605" lon="-122.03670294">
        <time>2026-01-01T12:24:16Z</time>
      </trkpt>
      <trkpt lat="37.39941559583333" lon="-122.03682001666667">
        <time>2026-01-01T12:24:17Z</time>
      </trkpt>
      <trkpt lat="37.399364586666664" lon="-122.03693709333334">
        <time>2026-01-01T12:24:18Z</time>
      </trkpt>
      <trkpt lat="37.399313577499996" lon="-122.03705417">
        <time>2026-01-01T12:24:19Z</time>
      </trkpt>
      <trkpt lat="37.399262568333334" lon="-122.03717124666667">
        <time>2026-01-01T12:24:20Z</time>
      </trkpt>
      <trkpt lat="37.399211559166666" lon="-122.03728832333334">
        <time>2026-01-01T12:24:21Z</time>
      </trkpt>
      <trkpt lat="37.39916055" lon="-122.03740540000001">
        <time>2026-01-01T12:24:22Z</time>
      </trkpt>
      <trkpt lat="37.39910954083333" lon="-122.03752247666667">
        <time>2026-01-01T12:24:23Z</time>
      </trkpt>
      <trkpt lat="37.39905853166666" lon="-122.03763955333334">
        <time>2026-01-01T12:24:24Z</time>
      </trkpt>
      <trkpt lat="37.3990075225" lon="-122.03775663">
        <time>2026-01-01T12:24:25Z</time>
      </trkpt>
      <trkpt lat="37.39895651333333" lon="-122.03787370666667">
        <time>2026-01-01T12:24:26Z</time>
      </trkpt>
      <trkpt lat="37.39890550416666" lon="-122.03799078333334">
        <time>2026-01-01T12:24:27Z</time>
      </trkpt>
      <trkpt lat="37.398854494999995" lon="-122.03810786000001">
        <time>2026-01-01T12:24:28Z</time>
      </trkpt>
      <trkpt lat="37.398803485833334" lon="-122.03822493666667">
        <time>2026-01-01T12:24:29Z</time>
      </trkpt>
      <trkpt lat="37.398752476666665" lon="-122.03834201333333">
        <time>2026-01-01T12:24:30Z</time>
      </trkpt>
      <trkpt lat="37.3987014675" lon="-122.03845909">
        <time>2026-01-01T12:24:31Z</time>
      </trkpt>
      <trkpt lat="37.39865045833333" lon="-122.03857616666667">
        <time>2026-01-01T12:24:32Z</time>
      </trkpt>
      <trkpt lat="37.39859944916667" lon="-122.03869324333334">
        <time>2026-01-01T12:24:33Z</time>
      </trkpt>
      <trkpt lat="37.39854844" lon="-122.03881032000001">
        <time>2026-01-01T12:24:34Z</time>
      </trkpt>
      <trkpt lat="37.39849743083333" lon="-122.03892739666667">
        <time>2026-01-01T12:24:35Z</time>
      </trkpt>
      <trkpt lat="37.39844642166666" lon="-122.03904447333333">
        <time>2026-01-01T12:24:36Z</time>
      </trkpt>
      <trkpt lat="37.398395412499994" lon="-122.03916155">
        <time>2026-01-01T12:24:37Z</time>
      </trkpt>
      <trkpt lat="37.39834440333333" lon="-122.03927862666667">
        <time>2026-01-01T12:24:38Z</time>
      </trkpt>
      <trkpt lat="37.398293394166664" lon="-122.03939570333334">
        <time>2026-01-01T12:24:39Z</time>
      </trkpt>
      <trkpt lat="37.398242384999996" lon="-122.03951278000001">
        <time>2026-01-01T12:24:40Z</time>
      </trkpt>
      <trkpt lat="37.39819137583333" lon="-122.03962985666666">
        <time>2026-01-01T12:24:41Z</time>
      </trkpt>
      <trkpt lat="37.39814036666667" lon="-122.03974693333333">
        <time>2026-01-01T12:24:42Z</time>
      </trkpt>
      <trkpt lat="37.3980893575" lon="-122.03986401">
        <time>2026-01-01T12:24:43Z</time>
      </trkpt>
      <trkpt lat="37.39803834833333" lon="-122.03998108666667">
        <time>2026-01-01T12:24:44Z</time>
      </trkpt>
      <trkpt lat="37.39798733916666" lon="-122.04009816333334">
        <time>2026-01-01T12:24:45Z</time>
      </trkpt>
      <trkpt lat="37.39793633" lon="-122.04021524000001">
        <time>2026-01-01T12:24:46Z</time>
      </trkpt>
      <trkpt lat="37.39788532083333" lon="-122.04033231666668">
        <time>2026-01-01T12:24:47Z</time>
      </trkpt>
      <trkpt lat="37.397834311666664" lon="-122.04044939333333">
        <time>2026-01-01T12:24:48Z</time>
      </trkpt>
      <trkpt lat="37.397783302499995" lon="-122.04056647">
        <time>2026-01-01T12:24:49Z</time>
      </trkpt>
      <trkpt lat="37.397732293333334" lon="-122.04068354666667">
        <time>2026-01-01T12:24:50Z</time>
      </trkpt>
      <trkpt lat="37.397681284166666" lon="-122.04080062333334">
        <time>2026-01-01T12:24:51Z</time>
      </trkpt>
      <trkpt lat="37.397630275" lon="-122.04091770000001">
        <time>2026-01-01T12:24:52Z</time>
      </trkpt>
      <trkpt lat="37.39757926583333" lon="-122.04103477666668">
        <time>2026-01-01T12:24:53Z</time>
      </trkpt>
      <trkpt lat="37.39752825666666" lon="-122.04115185333333">
        <time>2026-01-01T12:24:54Z</time>
      </trkpt>
      <trkpt lat="37.3974772475" lon="-122.04126893">
        <time>2026-01-01T12:24:55Z</time>
      </trkpt>
      <trkpt lat="37.39742623833333" lon="-122.04138600666667">
        <time>2026-01-01T12:24:56Z</time>
      </trkpt>
      <trkpt lat="37.39737522916666" lon="-122.04150308333334">
        <time>2026-01-01T12:24:57Z</time>
      </trkpt>
      <trkpt lat="37.397324219999994" lon="-122.04162016000001">
        <time>2026-01-01T12:24:58Z</time>
      </trkpt>
      <trkpt lat="37.39727321083333" lon="-122.04173723666668">
        <time>2026-01-01T12:24:59Z</time>
      </trkpt>
      <trkpt lat="37.397222201666665" lon="-122.04185431333333">
        <time>2026-01-01T12:25:00Z</time>
      </trkpt>
      <trkpt lat="37.3971711925" lon="-122.04197139">
        <time>2026-01-01T12:25:01Z</time>
      </trkpt>
      <trkpt lat="37.39712018333333" lon="-122.04208846666667">
        <time>2026-01-01T12:25:02Z</time>
      </trkpt>
      <trkpt lat="37.39706917416667" lon="-122.04220554333334">
        <time>2026-01-01T12:25:03Z</time>
      </trkpt>
      <trkpt lat="37.397018165" lon="-122.04232262000001">
        <time>2026-01-01T12:25:04Z</time>
      </trkpt>
      <trkpt lat="37.39696715583333" lon="-122.04243969666668">
        <time>2026-01-01T12:25:05Z</time>
      </trkpt>
      <trkpt lat="37.39691614666666" lon="-122.04255677333335">
        <time>2026-01-01T12:25:06Z</time>
      </trkpt>
      <trkpt lat="37.3968651375" lon="-122.04267385">
        <time>2026-01-01T12:25:07Z</time>
      </trkpt>
      <trkpt lat="37.39681412833333" lon="-122.04279092666667">
        <time>2026-01-01T12:25:08Z</time>
      </trkpt>
      <trkpt lat="37.396763119166664" lon="-122.04290800333334">
        <time>2026-01-01T12:25:09Z</time>
      </trkpt>
      <trkpt lat="37.396712109999996" lon="-122.04302508">
        <time>2026-01-01T12:25:10Z</time>
      </trkpt>
      <trkpt lat="37.39666110083333" lon="-122.04314215666668">
        <time>2026-01-01T12:25:11Z</time>
      </trkpt>
      <trkpt lat="37.396610091666666" lon="-122.04325923333334">
        <time>2026-01-01T12:25:12Z</time>
      </trkpt>
      <trkpt lat="37.3965590825" lon="-122.04337631">
        <time>2026-01-01T12:25:13Z</time>
      </trkpt>
      <trkpt lat="37.39650807333333" lon="-122.04349338666667">
        <time>2026-01-01T12:25:14Z</time>
      </trkpt>
      <trkpt lat="37.39645706416666" lon="-122.04361046333334">
        <time>2026-01-01T12:25:15Z</time>
      </trkpt>
      <trkpt lat="37.396406055" lon="-122.04372754">
        <time>2026-01-01T12:25:16Z</time>
      </trkpt>
      <trkpt lat="37.39635504583333" lon="-122.04384461666668">
        <time>2026-01-01T12:25:17Z</time>
      </trkpt>
      <trkpt lat="37.39630403666666" lon="-122.04396169333334">
        <time>2026-01-01T12:25:18Z</time>
      </trkpt>
      <trkpt lat="37.396253027499995" lon="-122.04407877">
        <time>2026-01-01T12:25:19Z</time>
      </trkpt>
      <trkpt lat="37.396202018333334" lon="-122.04419584666667">
        <time>2026-01-01T12:25:20Z</time>
      </trkpt>
      <trkpt lat="37.396151009166665" lon="-122.04431292333334">
        <time>2026-01-01T12:25:21Z</time>
      </trkpt>
      <trkpt lat="37.3961" lon="-122.04443">
        <time>2026-01-01T12:25:22Z</time>
      </trkpt>
      <trkpt lat="37.39603207142857" lon="-122.0445337857143">
        <time>2026-01-01T12:25:23Z</time>
      </trkpt>
      <trkpt lat="37.39596414285714" lon="-122.04463757142858">
        <time>2026-01-01T12:25:24Z</time>
      </trkpt>
      <trkpt lat="37.39589621428571" lon="-122.04474135714287">
        <time>2026-01-01T12:25:25Z</time>
      </trkpt>
      <trkpt lat="37.39582828571428" lon="-122.04484514285714">
        <time>2026-01-01T12:25:26Z</time>
      </trkpt>
      <trkpt lat="37.395760357142855" lon="-122.04494892857143">
        <time>2026-01-01T12:25:27Z</time>
      </trkpt>
      <trkpt lat="37.39569242857142" lon="-122.04505271428572">
        <time>2026-01-01T12:25:28Z</time>
      </trkpt>
      <trkpt lat="37.3956245" lon="-122.0451565">
        <time>2026-01-01T12:25:29Z</time>
      </trkpt>
      <trkpt lat="37.39555657142857" lon="-122.04526028571429">
        <time>2026-01-01T12:25:30Z</time>
      </trkpt>
      <trkpt lat="37.39548864285714" lon="-122.04536407142858">
        <time>2026-01-01T12:25:31Z</time>
      </trkpt>
      <trkpt lat="37.39542071428571" lon="-122.04546785714287">
        <time>2026-01-01T12:25:32Z</time>
      </trkpt>
      <trkpt lat="37.39535278571428" lon="-122.04557164285715">
        <time>2026-01-01T12:25:33Z</time>
      </trkpt>
      <trkpt lat="37.395284857142855" lon="-122.04567542857143">
        <time>2026-01-01T12:25:34Z</time>
      </trkpt>
      <trkpt lat="37.39521692857143" lon="-122.04577921428572">
        <time>2026-01-01T12:25:35Z</time>
      </trkpt>
      <trkpt lat="37.395148999999996" lon="-122.045883">
        <time>2026-01-01T12:25:36Z</time>
      </trkpt>
      <trkpt lat="37.39508107142857" lon="-122.04598678571429">
        <time>2026-01-01T12:25:37Z</time>
      </trkpt>
      <trkpt lat="37.39501314285714" lon="-122.04609057142858">
        <time>2026-01-01T12:25:38Z</time>
      </trkpt>
      <trkpt lat="37.39494521428571" lon="-122.04619435714287">
        <time>2026-01-01T12:25:39Z</time>
      </trkpt>
      <trkpt lat="37.39487728571428" lon="-122.04629814285715">
        <time>2026-01-01T12:25:40Z</time>
      </trkpt>
      <trkpt lat="37.394809357142854" lon="-122.04640192857143">
        <time>2026-01-01T12:25:41Z</time>
      </trkpt>
      <trkpt lat="37.39474142857143" lon="-122.04650571428571">
        <time>2026-01-01T12:25:42Z</time>
      </trkpt>
      <trkpt lat="37.394673499999996" lon="-122.0466095">
        <time>2026-01-01T12:25:43Z</time>
      </trkpt>
      <trkpt lat="37.39460557142857" lon="-122.04671328571429">
        <time>2026-01-01T12:25:44Z</time>
      </trkpt>
      <trkpt lat="37.39453764285714" lon="-122.04681707142858">
        <time>2026-01-01T12:25:45Z</time>
      </trkpt>
      <trkpt lat="37.39446971428571" lon="-122.04692085714287">
        <time>2026-01-01T12:25:46Z</time>
      </trkpt>
      <trkpt lat="37.39440178571428" lon="-122.04702464285715">
        <time>2026-01-01T12:25:47Z</time>
      </trkpt>
      <trkpt lat="37.394333857142854" lon="-122.04712842857143">
        <time>2026-01-01T12:25:48Z</time>
      </trkpt>
      <trkpt lat="37.39426592857143" lon="-122.04723221428571">
        <time>2026-01-01T12:25:49Z</time>
      </trkpt>
      <trkpt lat="37.394197999999996" lon="-122.047336">
        <time>2026-01-01T12:25:50Z</time>
      </trkpt>
      <trkpt lat="37.39413007142857" lon="-122.04743978571429">
        <time>2026-01-01T12:25:51Z</time>
      </trkpt>
      <trkpt lat="37.39406214285714" lon="-122.04754357142858">
        <time>2026-01-01T12:25:52Z</time>
      </trkpt>
      <trkpt lat="37.39399421428571" lon="-122.04764735714286">
        <time>2026-01-01T12:25:53Z</time>
      </trkpt>
      <trkpt lat="37.39392628571429" lon="-122.04775114285715">
        <time>2026-01-01T12:25:54Z</time>
      </trkpt>
      <trkpt lat="37.393858357142854" lon="-122.04785492857144">
        <time>2026-01-01T12:25:55Z</time>
      </trkpt>
      <trkpt lat="37.39379042857143" lon="-122.04795871428571">
        <time>2026-01-01T12:25:56Z</time>
      </trkpt>
      <trkpt lat="37.393722499999996" lon="-122.0480625">
        <time>2026-01-01T12:25:57Z</time>
      </trkpt>
      <trkpt lat="37.39365457142857" lon="-122.04816628571429">
        <time>2026-01-01T12:25:58Z</time>
      </trkpt>
      <trkpt lat="37.39358664285714" lon="-122.04827007142858">
        <time>2026-01-01T12:25:59Z</time>
      </trkpt>
      <trkpt lat="37.39351871428571" lon="-122.04837385714286">
        <time>2026-01-01T12:26:00Z</time>
      </trkpt>
      <trkpt lat="37.393450785714286" lon="-122.04847764285715">
        <time>2026-01-01T12:26:01Z</time>
      </trkpt>
      <trkpt lat="37.39338285714285" lon="-122.04858142857144">
        <time>2026-01-01T12:26:02Z</time>
      </trkpt>
      <trkpt lat="37.39331492857143" lon="-122.04868521428571">
        <time>2026-01-01T12:26:03Z</time>
      </trkpt>
      <trkpt lat="37.393246999999995" lon="-122.048789">
        <time>2026-01-01T12:26:04Z</time>
      </trkpt>
      <trkpt lat="37.39317907142857" lon="-122.04889278571429">
        <time>2026-01-01T12:26:05Z</time>
      </trkpt>
      <trkpt lat="37.39311114285714" lon="-122.04899657142857">
        <time>2026-01-01T12:26:06Z</time>
      </trkpt>
      <trkpt lat="37.39304321428571" lon="-122.04910035714286">
        <time>2026-01-01T12:26:07Z</time>
      </trkpt>
      <trkpt lat="37.392975285714286" lon="-122.04920414285715">
        <time>2026-01-01T12:26:08Z</time>
      </trkpt>
      <trkpt lat="37.39290735714285" lon="-122.04930792857144">
        <time>2026-01-01T12:26:09Z</time>
      </trkpt>
      <trkpt lat="37.39283942857143" lon="-122.04941171428571">
        <time>2026-01-01T12:26:10Z</time>
      </trkpt>
      <trkpt lat="37.392771499999995" lon="-122.0495155">
        <time>2026-01-01T12:26:11Z</time>
      </trkpt>
      <trkpt lat="37.39270357142857" lon="-122.04961928571429">
        <time>2026-01-01T12:26:12Z</time>
      </trkpt>
      <trkpt lat="37.392635642857144" lon="-122.04972307142857">
        <time>2026-01-01T12:26:13Z</time>
      </trkpt>
      <trkpt lat="37.39256771428571" lon="-122.04982685714286">
        <time>2026-01-01T12:26:14Z</time>
      </trkpt>
      <trkpt lat="37.392499785714286" lon="-122.04993064285715">
        <time>2026-01-01T12:26:15Z</time>
      </trkpt>
      <trkpt lat="37.39243185714285" lon="-122.05003442857144">
        <time>2026-01-01T12:26:16Z</time>
      </trkpt>
      <trkpt lat="37.39236392857143" lon="-122.05013821428572">
        <time>2026-01-01T12:26:17Z</time>
      </trkpt>
      <trkpt lat="37.392295999999995" lon="-122.050242">
        <time>2026-01-01T12:26:18Z</time>
      </trkpt>
      <trkpt lat="37.39222807142857" lon="-122.05034578571428">
        <time>2026-01-01T12:26:19Z</time>
      </trkpt>
      <trkpt lat="37.39216014285714" lon="-122.05044957142857">
        <time>2026-01-01T12:26:20Z</time>
      </trkpt>
      <trkpt lat="37.39209221428571" lon="-122.05055335714286">
        <time>2026-01-01T12:26:21Z</time>
      </trkpt>
      <trkpt lat="37.392024285714285" lon="-122.05065714285715">
        <time>2026-01-01T12:26:22Z</time>
      </trkpt>
      <trkpt lat="37.39195635714285" lon="-122.05076092857144">
        <time>2026-01-01T12:26:23Z</time>
      </trkpt>
      <trkpt lat="37.39188842857143" lon="-122.05086471428572">
        <time>2026-01-01T12:26:24Z</time>
      </trkpt>
      <trkpt lat="37.391820499999994" lon="-122.0509685">
        <time>2026-01-01T12:26:25Z</time>
      </trkpt>
      <trkpt lat="37.39175257142857" lon="-122.05107228571428">
        <time>2026-01-01T12:26:26Z</time>
      </trkpt>
      <trkpt lat="37.39168464285714" lon="-122.05117607142857">
        <time>2026-01-01T12:26:27Z</time>
      </trkpt>
      <trkpt lat="37.39161671428571" lon="-122.05127985714286">
        <time>2026-01-01T12:26:28Z</time>
      </trkpt>
      <trkpt lat="37.391548785714285" lon="-122.05138364285715">
        <time>2026-01-01T12:26:29Z</time>
      </trkpt>
      <trkpt lat="37.39148085714285" lon="-122.05148742857143">
        <time>2026-01-01T12:26:30Z</time>
      </trkpt>
      <trkpt lat="37.39141292857143" lon="-122.05159121428572">
        <time>2026-01-01T12:26:31Z</time>
      </trkpt>
      <trkpt lat="37.391345" lon="-122.051695">
        <time>2026-01-01T12:26:32Z</time>
      </trkpt>
      <trkpt lat="37.39127707142857" lon="-122.05179878571428">
        <time>2026-01-01T12:26:33Z</time>
      </trkpt>
      <trkpt lat="37.39120914285714" lon="-122.05190257142857">
        <time>2026-01-01T12:26:34Z</time>
      </trkpt>
      <trkpt lat="37.39114121428571" lon="-122.05200635714286">
        <time>2026-01-01T12:26:35Z</time>
      </trkpt>
      <trkpt lat="37.391073285714285" lon="-122.05211014285715">
        <time>2026-01-01T12:26:36Z</time>
      </trkpt>
      <trkpt lat="37.39100535714285" lon="-122.05221392857143">
        <time>2026-01-01T12:26:37Z</time>
      </trkpt>
      <trkpt lat="37.390937428571426" lon="-122.05231771428572">
        <time>2026-01-01T12:26:38Z</time>
      </trkpt>
      <trkpt lat="37.3908695" lon="-122.05242150000001">
        <time>2026-01-01T12:26:39Z</time>
      </trkpt>
      <trkpt lat="37.39080157142857" lon="-122.05252528571428">
        <time>2026-01-01T12:26:40Z</time>
      </trkpt>
      <trkpt lat="37.39073364285714" lon="-122.05262907142857">
        <time>2026-01-01T12:26:41Z</time>
      </trkpt>
      <trkpt lat="37.39066571428571" lon="-122.05273285714286">
        <time>2026-01-01T12:26:42Z</time>
      </trkpt>
      <trkpt lat="37.390597785714284" lon="-122.05283664285714">
        <time>2026-01-01T12:26:43Z</time>
      </trkpt>
      <trkpt lat="37.39052985714285" lon="-122.05294042857143">
        <time>2026-01-01T12:26:44Z</time>
      </trkpt>
      <trkpt lat="37.390461928571426" lon="-122.05304421428572">
        <time>2026-01-01T12:26:45Z</time>
      </trkpt>
      <trkpt lat="37.390394" lon="-122.05314800000001">
        <time>2026-01-01T12:26:46Z</time>
      </trkpt>
      <trkpt lat="37.39032607142857" lon="-122.05325178571428">
        <time>2026-01-01T12:26:47Z</time>
      </trkpt>
      <trkpt lat="37.39025814285714" lon="-122.05335557142857">
        <time>2026-01-01T12:26:48Z</time>
      </trkpt>
      <trkpt lat="37.39019021428571" lon="-122.05345935714286">
        <time>2026-01-01T12:26:49Z</time>
      </trkpt>
      <trkpt lat="37.390122285714284" lon="-122.05356314285714">
        <time>2026-01-01T12:26:50Z</time>
      </trkpt>
      <trkpt lat="37.39005435714285" lon="-122.05366692857143">
        <time>2026-01-01T12:26:51Z</time>
      </trkpt>
      <trkpt lat="37.389986428571426" lon="-122.05377071428572">
        <time>2026-01-01T12:26:52Z</time>
      </trkpt>
      <trkpt lat="37.3899185" lon="-122.0538745">
        <time>2026-01-01T12:26:53Z</time>
      </trkpt>
      <trkpt lat="37.38985057142857" lon="-122.0539782857143">
        <time>2026-01-01T12:26:54Z</time>
      </trkpt>
      <trkpt lat="37.38978264285714" lon="-122.05408207142857">
        <time>2026-01-01T12:26:55Z</time>
      </trkpt>
      <trkpt lat="37.38971471428571" lon="-122.05418585714285">
        <time>2026-01-01T12:26:56Z</time>
      </trkpt>
      <trkpt lat="37.389646785714284" lon="-122.05428964285714">
        <time>2026-01-01T12:26:57Z</time>
      </trkpt>
      <trkpt lat="37.38957885714286" lon="-122.05439342857143">
        <time>2026-01-01T12:26:58Z</time>
      </trkpt>
      <trkpt lat="37.389510928571426" lon="-122.05449721428572">
        <time>2026-01-01T12:26:59Z</time>
      </trkpt>
      <trkpt lat="37.389443" lon="-122.054601">
        <time>2026-01-01T12:27:00Z</time>
      </trkpt>
      <trkpt lat="37.38937507142857" lon="-122.05470478571429">
        <time>2026-01-01T12:27:01Z</time>
      </trkpt>
      <trkpt lat="37.38930714285714" lon="-122.05480857142857">
        <time>2026-01-01T12:27:02Z</time>
      </trkpt>
      <trkpt lat="37.38923921428571" lon="-122.05491235714285">
        <time>2026-01-01T12:27:03Z</time>
      </trkpt>
      <trkpt lat="37.38917128571428" lon="-122.05501614285714">
        <time>2026-01-01T12:27:04Z</time>
      </trkpt>
      <trkpt lat="37.38910335714286" lon="-122.05511992857143">
        <time>2026-01-01T12:27:05Z</time>
      </trkpt>
      <trkpt lat="37.389035428571425" lon="-122.05522371428572">
        <time>2026-01-01T12:27:06Z</time>
      </trkpt>
      <trkpt lat="37.3889675" lon="-122.0553275">
        <time>2026-01-01T12:27:07Z</time>
      </trkpt>
      <trkpt lat="37.38889957142857" lon="-122.05543128571429">
        <time>2026-01-01T12:27:08Z</time>
      </trkpt>
      <trkpt lat="37.38883164285714" lon="-122.05553507142857">
        <time>2026-01-01T12:27:09Z</time>
      </trkpt>
      <trkpt lat="37.38876371428571" lon="-122.05563885714285">
        <time>2026-01-01T12:27:10Z</time>
      </trkpt>
      <trkpt lat="37.38869578571428" lon="-122.05574264285714">
        <time>2026-01-01T12:27:11Z</time>
      </trkpt>
      <trkpt lat="37.38862785714286" lon="-122.05584642857143">
        <time>2026-01-01T12:27:12Z</time>
      </trkpt>
      <trkpt lat="37.388559928571425" lon="-122.05595021428572">
        <time>2026-01-01T12:27:13Z</time>
      </trkpt>
      <trkpt lat="37.388492" lon="-122.056054">
        <time>2026-01-01T12:27:14Z</time>
      </trkpt>
      <trkpt lat="37.38842407142857" lon="-122.05615778571429">
        <time>2026-01-01T12:27:15Z</time>
      </trkpt>
      <trkpt lat="37.38835614285714" lon="-122.05626157142858">
        <time>2026-01-01T12:27:16Z</time>
      </trkpt>
      <trkpt lat="37.388288214285716" lon="-122.05636535714285">
        <time>2026-01-01T12:27:17Z</time>
      </trkpt>
      <trkpt lat="37.38822028571428" lon="-122.05646914285714">
        <time>2026-01-01T12:27:18Z</time>
      </trkpt>
      <trkpt lat="37.38815235714286" lon="-122.05657292857143">
        <time>2026-01-01T12:27:19Z</time>
      </trkpt>
      <trkpt lat="37.388084428571425" lon="-122.05667671428571">
        <time>2026-01-01T12:27:20Z</time>
      </trkpt>
      <trkpt lat="37.3880165" lon="-122.0567805">
        <time>2026-01-01T12:27:21Z</time>
      </trkpt>
      <trkpt lat="37.387948571428566" lon="-122.05688428571429">
        <time>2026-01-01T12:27:22Z</time>
      </trkpt>
      <trkpt lat="37.38788064285714" lon="-122.05698807142858">
        <time>2026-01-01T12:27:23Z</time>
      </trkpt>
      <trkpt lat="37.387812714285715" lon="-122.05709185714285">
        <time>2026-01-01T12:27:24Z</time>
      </trkpt>
      <trkpt lat="37.38774478571428" lon="-122.05719564285714">
        <time>2026-01-01T12:27:25Z</time>
      </trkpt>
      <trkpt lat="37.38767685714286" lon="-122.05729942857143">
        <time>2026-01-01T12:27:26Z</time>
      </trkpt>
      <trkpt lat="37.387608928571424" lon="-122.05740321428571">
        <time>2026-01-01T12:27:27Z</time>
      </trkpt>
      <trkpt lat="37.387541" lon="-122.057507">
        <time>2026-01-01T12:27:28Z</time>
      </trkpt>
      <trkpt lat="37.387473071428566" lon="-122.05761078571429">
        <time>2026-01-01T12:27:29Z</time>
      </trkpt>
      <trkpt lat="37.38740514285714" lon="-122.05771457142858">
        <time>2026-01-01T12:27:30Z</time>
      </trkpt>
      <trkpt lat="37.387337214285715" lon="-122.05781835714285">
        <time>2026-01-01T12:27:31Z</time>
      </trkpt>
      <trkpt lat="37.38726928571428" lon="-122.05792214285714">
        <time>2026-01-01T12:27:32Z</time>
      </trkpt>
      <trkpt lat="37.38720135714286" lon="-122.05802592857142">
        <time>2026-01-01T12:27:33Z</time>
      </trkpt>
      <trkpt lat="37.387133428571424" lon="-122.05812971428571">
        <time>2026-01-01T12:27:34Z</time>
      </trkpt>
      <trkpt lat="37.3870655" lon="-122.0582335">
        <time>2026-01-01T12:27:35Z</time>
      </trkpt>
      <trkpt lat="37.38699757142857" lon="-122.05833728571429">
        <time>2026-01-01T12:27:36Z</time>
      </trkpt>
      <trkpt lat="37.38692964285714" lon="-122.05844107142858">
        <time>2026-01-01T12:27:37Z</time>
      </trkpt>
      <trkpt lat="37.386861714285715" lon="-122.05854485714286">
        <time>2026-01-01T12:27:38Z</time>
      </trkpt>
      <trkpt lat="37.38679378571428" lon="-122.05864864285714">
        <time>2026-01-01T12:27:39Z</time>
      </trkpt>
      <trkpt lat="37.38672585714286" lon="-122.05875242857142">
        <time>2026-01-01T12:27:40Z</time>
      </trkpt>
      <trkpt lat="37.386657928571424" lon="-122.05885621428571">
        <time>2026-01-01T12:27:41Z</time>
      </trkpt>
      <trkpt lat="37.38659" lon="-122.05896">
        <time>2026-01-01T12:27:42Z</time>
      </trkpt>
      <trkpt lat="37.3865425" lon="-122.059065">
        <time>2026-01-01T12:27:43Z</time>
      </trkpt>
      <trkpt lat="37.386495" lon="-122.05917">
        <time>2026-01-01T12:27:44Z</time>
      </trkpt>
      <trkpt lat="37.386447499999996" lon="-122.059275">
        <time>2026-01-01T12:27:45Z</time>
      </trkpt>
      <trkpt lat="37.386399999999995" lon="-122.05938">
        <time>2026-01-01T12:27:46Z</time>
      </trkpt>
      <trkpt lat="37.3863525" lon="-122.059485">
        <time>2026-01-01T12:27:47Z</time>
      </trkpt>
      <trkpt lat="37.386305" lon="-122.05959">
        <time>2026-01-01T12:27:48Z</time>
      </trkpt>
      <trkpt lat="37.3862575" lon="-122.05969499999999">
        <time>2026-01-01T12:27:49Z</time>
      </trkpt>
      <trkpt lat="37.38621" lon="-122.0598">
        <time>2026-01-01T12:27:50Z</time>
      </trkpt>
      <trkpt lat="37.38617142857143" lon="-122.05994571428572">
        <time>2026-01-01T12:27:51Z</time>
      </trkpt>
      <trkpt lat="37.386132857142854" lon="-122.06009142857143">
        <time>2026-01-01T12:27:52Z</time>
      </trkpt>
      <trkpt lat="37.386094285714286" lon="-122.06023714285715">
        <time>2026-01-01T12:27:53Z</time>
      </trkpt>
      <trkpt lat="37.38605571428571" lon="-122.06038285714286">
        <time>2026-01-01T12:27:54Z</time>
      </trkpt>
      <trkpt lat="37.38601714285714" lon="-122.06052857142858">
        <time>2026-01-01T12:27:55Z</time>
      </trkpt>
      <trkpt lat="37.385978571428566" lon="-122.06067428571428">
        <time>2026-01-01T12:27:56Z</time>
      </trkpt>
      <trkpt lat="37.38594" lon="-122.06082">
        <time>2026-01-01T12:27:57Z</time>
      </trkpt>
      <trkpt lat="37.385931666666664" lon="-122.06094958333334">
        <time>2026-01-01T12:27:58Z</time>
      </trkpt>
      <trkpt lat="37.38592333333333" lon="-122.06107916666667">
        <time>2026-01-01T12:27:59Z</time>
      </trkpt>
      <trkpt lat="37.385915" lon="-122.06120875">
        <time>2026-01-01T12:28:00Z</time>
      </trkpt>
      <trkpt lat="37.38590666666666" lon="-122.06133833333334">
        <time>2026-01-01T12:28:01Z</time>
      </trkpt>
      <trkpt lat="37.38589833333333" lon="-122.06146791666667">
        <time>2026-01-01T12:28:02Z</time>
      </trkpt>
      <trkpt lat="37.385889999999996" lon="-122.0615975">
        <time>2026-01-01T12:28:03Z</time>
      </trkpt>
      <trkpt lat="37.38588166666666" lon="-122.06172708333334">
        <time>2026-01-01T12:28:04Z</time>
      </trkpt>
      <trkpt lat="37.38587333333333" lon="-122.06185666666667">
        <time>2026-01-01T12:28:05Z</time>
      </trkpt>
      <trkpt lat="37.385864999999995" lon="-122.06198625">
        <time>2026-01-01T12:28:06Z</time>
      </trkpt>
      <trkpt lat="37.38585666666666" lon="-122.06211583333334">
        <time>2026-01-01T12:28:07Z</time>
      </trkpt>
      <trkpt lat="37.38584833333333" lon="-122.06224541666667">
        <time>2026-01-01T12:28:08Z</time>
      </trkpt>
      <trkpt lat="37.38584" lon="-122.062375">
        <time>2026-01-01T12:28:09Z</time>
      </trkpt>
      <trkpt lat="37.38583166666667" lon="-122.06250458333334">
        <time>2026-01-01T12:28:10Z</time>
      </trkpt>
      <trkpt lat="37.385823333333335" lon="-122.06263416666667">
        <time>2026-01-01T12:28:11Z</time>
      </trkpt>
      <trkpt lat="37.385815" lon="-122.06276375">
        <time>2026-01-01T12:28:12Z</time>
      </trkpt>
      <trkpt lat="37.38580666666667" lon="-122.06289333333334">
        <time>2026-01-01T12:28:13Z</time>
      </trkpt>
      <trkpt lat="37.385798333333334" lon="-122.06302291666667">
        <time>2026-01-01T12:28:14Z</time>
      </trkpt>
      <trkpt lat="37.38579" lon="-122.0631525">
        <time>2026-01-01T12:28:15Z</time>
      </trkpt>
      <trkpt lat="37.38578166666667" lon="-122.06328208333333">
        <time>2026-01-01T12:28:16Z</time>
      </trkpt>
      <trkpt lat="37.38577333333333" lon="-122.06341166666667">
        <time>2026-01-01T12:28:17Z</time>
      </trkpt>
      <trkpt lat="37.385765" lon="-122.06354125">
        <time>2026-01-01T12:28:18Z</time>
      </trkpt>
      <trkpt lat="37.385756666666666" lon="-122.06367083333333">
        <time>2026-01-01T12:28:19Z</time>
      </trkpt>
      <trkpt lat="37.38574833333333" lon="-122.06380041666667">
        <time>2026-01-01T12:28:20Z</time>
      </trkpt>
      <trkpt lat="37.38574" lon="-122.06393">
        <time>2026-01-01T12:28:21Z</time>
      </trkpt>
      <trkpt lat="37.385714166666666" lon="-122.064055">
        <time>2026-01-01T12:28:22Z</time>
      </trkpt>
      <trkpt lat="37.385688333333334" lon="-122.06418">
        <time>2026-01-01T12:28:23Z</time>
      </trkpt>
      <trkpt lat="37.385662499999995" lon="-122.064305">
        <time>2026-01-01T12:28:24Z</time>
      </trkpt>
      <trkpt lat="37.38563666666666" lon="-122.06443">
        <time>2026-01-01T12:28:25Z</time>
      </trkpt>
      <trkpt lat="37.38561083333333" lon="-122.064555">
        <time>2026-01-01T12:28:26Z</time>
      </trkpt>
      <trkpt lat="37.385585" lon="-122.06468000000001">
        <time>2026-01-01T12:28:27Z</time>
      </trkpt>
      <trkpt lat="37.38555916666667" lon="-122.064805">
        <time>2026-01-01T12:28:28Z</time>
      </trkpt>
      <trkpt lat="37.385533333333335" lon="-122.06493">
        <time>2026-01-01T12:28:29Z</time>
      </trkpt>
      <trkpt lat="37.3855075" lon="-122.065055">
        <time>2026-01-01T12:28:30Z</time>
      </trkpt>
      <trkpt lat="37.385481666666664" lon="-122.06518">
        <time>2026-01-01T12:28:31Z</time>
      </trkpt>
      <trkpt lat="37.38545583333333" lon="-122.06530500000001">
        <time>2026-01-01T12:28:32Z</time>
      </trkpt>
      <trkpt lat="37.38543" lon="-122.06543">
        <time>2026-01-01T12:28:33Z</time>
      </trkpt>
      <trkpt lat="37.38538444444444" lon="-122.06554777777778">
        <time>2026-01-01T12:28:34Z</time>
      </trkpt>
      <trkpt lat="37.38533888888889" lon="-122.06566555555555">
        <time>2026-01-01T12:28:35Z</time>
      </trkpt>
      <trkpt lat="37.38529333333333" lon="-122.06578333333334">
        <time>2026-01-01T12:28:36Z</time>
      </trkpt>
      <trkpt lat="37.38524777777778" lon="-122.06590111111112">
        <time>2026-01-01T12:28:37Z</time>
      </trkpt>
      <trkpt lat="37.38520222222222" lon="-122.06601888888889">
        <time>2026-01-01T12:28:38Z</time>
      </trkpt>
      <trkpt lat="37.38515666666667" lon="-122.06613666666667">
        <time>2026-01-01T12:28:39Z</time>
      </trkpt>
      <trkpt lat="37.38511111111111" lon="-122.06625444444445">
        <time>2026-01-01T12:28:40Z</time>
      </trkpt>
      <trkpt lat="37.385065555555556" lon="-122.06637222222223">
        <time>2026-01-01T12:28:41Z</time>
      </trkpt>
      <trkpt lat="37.38502" lon="-122.06649">
        <time>2026-01-01T12:28:42Z</time>
      </trkpt>
      <trkpt lat="37.384960285714286" lon="-122.06660285714285">
        <time>2026-01-01T12:28:43Z</time>
      </trkpt>
      <trkpt lat="37.38490057142857" lon="-122.06671571428572">
        <time>2026-01-01T12:28:44Z</time>
      </trkpt>
      <trkpt lat="37.384840857142855" lon="-122.06682857142857">
        <time>2026-01-01T12:28:45Z</time>
      </trkpt>
      <trkpt lat="37.38478114285714" lon="-122.06694142857143">
        <time>2026-01-01T12:28:46Z</time>
      </trkpt>
      <trkpt lat="37.384721428571424" lon="-122.06705428571429">
        <time>2026-01-01T12:28:47Z</time>
      </trkpt>
      <trkpt lat="37.38466171428571" lon="-122.06716714285714">
        <time>2026-01-01T12:28:48Z</time>
      </trkpt>
      <trkpt lat="37.384602" lon="-122.06728">
        <time>2026-01-01T12:28:49Z</time>
      </trkpt>
      <trkpt lat="37.38454228571428" lon="-122.06739285714286">
        <time>2026-01-01T12:28:50Z</time>
      </trkpt>
      <trkpt lat="37.38448257142857" lon="-122.06750571428572">
        <time>2026-01-01T12:28:51Z</time>
      </trkpt>
      <trkpt lat="37.38442285714286" lon="-122.06761857142857">
        <time>2026-01-01T12:28:52Z</time>
      </trkpt>
      <trkpt lat="37.38436314285714" lon="-122.06773142857143">
        <time>2026-01-01T12:28:53Z</time>
      </trkpt>
      <trkpt lat="37.38430342857143" lon="-122.06784428571429">
        <time>2026-01-01T12:28:54Z</time>
      </trkpt>
      <trkpt lat="37.38424371428572" lon="-122.06795714285714">
        <time>2026-01-01T12:28:55Z</time>
      </trkpt>
      <trkpt lat="37.384184" lon="-122.06807">
        <time>2026-01-01T12:28:56Z</time>
      </trkpt>
      <trkpt lat="37.384124285714286" lon="-122.06818285714286">
        <time>2026-01-01T12:28:57Z</time>
      </trkpt>
      <trkpt lat="37.384064571428574" lon="-122.06829571428571">
        <time>2026-01-01T12:28:58Z</time>
      </trkpt>
      <trkpt lat="37.384004857142855" lon="-122.06840857142858">
        <time>2026-01-01T12:28:59Z</time>
      </trkpt>
      <trkpt lat="37.383945142857144" lon="-122.06852142857143">
        <time>2026-01-01T12:29:00Z</time>
      </trkpt>
      <trkpt lat="37.383885428571425" lon="-122.0686342857143">
        <time>2026-01-01T12:29:01Z</time>
      </trkpt>
      <trkpt lat="37.38382571428571" lon="-122.06874714285715">
        <time>2026-01-01T12:29:02Z</time>
      </trkpt>
      <trkpt lat="37.383766" lon="-122.06886">
        <time>2026-01-01T12:29:03Z</time>
      </trkpt>
      <trkpt lat="37.38370628571428" lon="-122.06897285714287">
        <time>2026-01-01T12:29:04Z</time>
      </trkpt>
      <trkpt lat="37.38364657142857" lon="-122.06908571428572">
        <time>2026-01-01T12:29:05Z</time>
      </trkpt>
      <trkpt lat="37.38358685714286" lon="-122.06919857142857">
        <time>2026-01-01T12:29:06Z</time>
      </trkpt>
      <trkpt lat="37.38352714285714" lon="-122.06931142857144">
        <time>2026-01-01T12:29:07Z</time>
      </trkpt>
      <trkpt lat="37.38346742857143" lon="-122.06942428571429">
        <time>2026-01-01T12:29:08Z</time>
      </trkpt>
      <trkpt lat="37.38340771428572" lon="-122.06953714285714">
        <time>2026-01-01T12:29:09Z</time>
      </trkpt>
      <trkpt lat="37.383348" lon="-122.06965000000001">
        <time>2026-01-01T12:29:10Z</time>
      </trkpt>
      <trkpt lat="37.383288285714286" lon="-122.06976285714286">
        <time>2026-01-01T12:29:11Z</time>
      </trkpt>
      <trkpt lat="37.383228571428575" lon="-122.06987571428571">
        <time>2026-01-01T12:29:12Z</time>
      </trkpt>
      <trkpt lat="37.383168857142856" lon="-122.06998857142858">
        <time>2026-01-01T12:29:13Z</time>
      </trkpt>
      <trkpt lat="37.383109142857144" lon="-122.07010142857143">
        <time>2026-01-01T12:29:14Z</time>
      </trkpt>
      <trkpt lat="37.38304942857143" lon="-122.07021428571429">
        <time>2026-01-01T12:29:15Z</time>
      </trkpt>
      <trkpt lat="37.38298971428571" lon="-122.07032714285715">
        <time>2026-01-01T12:29:16Z</time>
      </trkpt>
      <trkpt lat="37.38293" lon="-122.07044">
        <time>2026-01-01T12:29:17Z</time>
      </trkpt>
      <trkpt lat="37.382857692307695" lon="-122.0705253846154">
        <time>2026-01-01T12:29:18Z</time>
      </trkpt>
      <trkpt lat="37.38278538461539" lon="-122.07061076923077">
        <time>2026-01-01T12:29:19Z</time>
      </trkpt>
      <trkpt lat="37.38271307692308" lon="-122.07069615384616">
        <time>2026-01-01T12:29:20Z</time>
      </trkpt>
      <trkpt lat="37.38264076923077" lon="-122.07078153846155">
        <time>2026-01-01T12:29:21Z</time>
      </trkpt>
      <trkpt lat="37.38256846153846" lon="-122.07086692307692">
        <time>2026-01-01T12:29:22Z</time>
      </trkpt>
      <trkpt lat="37.382496153846155" lon="-122.07095230769231">
        <time>2026-01-01T12:29:23Z</time>
      </trkpt>
      <trkpt lat="37.38242384615385" lon="-122.0710376923077">
        <time>2026-01-01T12:29:24Z</time>
      </trkpt>
      <trkpt lat="37.38235153846154" lon="-122.07112307692309">
        <time>2026-01-01T12:29:25Z</time>
      </trkpt>
      <trkpt lat="37.382279230769235" lon="-122.07120846153846">
        <time>2026-01-01T12:29:26Z</time>
      </trkpt>
      <trkpt lat="37.38220692307692" lon="-122.07129384615385">
        <time>2026-01-01T12:29:27Z</time>
      </trkpt>
      <trkpt lat="37.382134615384615" lon="-122.07137923076924">
        <time>2026-01-01T12:29:28Z</time>
      </trkpt>
      <trkpt lat="37.38206230769231" lon="-122.07146461538461">
        <time>2026-01-01T12:29:29Z</time>
      </trkpt>
      <trkpt lat="37.38199" lon="-122.07155">
        <time>2026-01-01T12:29:30Z</time>
      </trkpt>
      <trkpt lat="37.38189987341772" lon="-122.07162215189874">
        <time>2026-01-01T12:29:31Z</time>
      </trkpt>
      <trkpt lat="37.381809746835444" lon="-122.07169430379747">
        <time>2026-01-01T12:29:32Z</time>
      </trkpt>
      <trkpt lat="37.381719620253165" lon="-122.0717664556962">
        <time>2026-01-01T12:29:33Z</time>
      </trkpt>
      <trkpt lat="37.381629493670886" lon="-122.07183860759494">
        <time>2026-01-01T12:29:34Z</time>
      </trkpt>
      <trkpt lat="37.38153936708861" lon="-122.07191075949368">
        <time>2026-01-01T12:29:35Z</time>
      </trkpt>
      <trkpt lat="37.38144924050633" lon="-122.07198291139241">
        <time>2026-01-01T12:29:36Z</time>
      </trkpt>
      <trkpt lat="37.381359113924056" lon="-122.07205506329115">
        <time>2026-01-01T12:29:37Z</time>
      </trkpt>
      <trkpt lat="37.38126898734178" lon="-122.07212721518988">
        <time>2026-01-01T12:29:38Z</time>
      </trkpt>
      <trkpt lat="37.3811788607595" lon="-122.07219936708861">
        <time>2026-01-01T12:29:39Z</time>
      </trkpt>
      <trkpt lat="37.38108873417722" lon="-122.07227151898735">
        <time>2026-01-01T12:29:40Z</time>
      </trkpt>
      <trkpt lat="37.38099860759494" lon="-122.07234367088608">
        <time>2026-01-01T12:29:41Z</time>
      </trkpt>
      <trkpt lat="37.38090848101266" lon="-122.07241582278482">
        <time>2026-01-01T12:29:42Z</time>
      </trkpt>
      <trkpt lat="37.38081835443038" lon="-122.07248797468355">
        <time>2026-01-01T12:29:43Z</time>
      </trkpt>
      <trkpt lat="37.3807282278481" lon="-122.07256012658227">
        <time>2026-01-01T12:29:44Z</time>
      </trkpt>
      <trkpt lat="37.38063810126582" lon="-122.07263227848101">
        <time>2026-01-01T12:29:45Z</time>
      </trkpt>
      <trkpt lat="37.380547974683545" lon="-122.07270443037974">
        <time>2026-01-01T12:29:46Z</time>
      </trkpt>
      <trkpt lat="37.380457848101265" lon="-122.07277658227848">
        <time>2026-01-01T12:29:47Z</time>
      </trkpt>
      <trkpt lat="37.38036772151899" lon="-122.07284873417721">
        <time>2026-01-01T12:29:48Z</time>
      </trkpt>
      <trkpt lat="37.38027759493671" lon="-122.07292088607595">
        <time>2026-01-01T12:29:49Z</time>
      </trkpt>
      <trkpt lat="37.380187468354436" lon="-122.07299303797468">
        <time>2026-01-01T12:29:50Z</time>
      </trkpt>
      <trkpt lat="37.38009734177216" lon="-122.07306518987342">
        <time>2026-01-01T12:29:51Z</time>
      </trkpt>
      <trkpt lat="37.38000721518988" lon="-122.07313734177215">
        <time>2026-01-01T12:29:52Z</time>
      </trkpt>
      <trkpt lat="37.3799170886076" lon="-122.07320949367089">
        <time>2026-01-01T12:29:53Z</time>
      </trkpt>
      <trkpt lat="37.37982696202532" lon="-122.07328164556962">
        <time>2026-01-01T12:29:54Z</time>
      </trkpt>
      <trkpt lat="37.37973683544304" lon="-122.07335379746836">
        <time>2026-01-01T12:29:55Z</time>
      </trkpt>
      <trkpt lat="37.37964670886076" lon="-122.07342594936709">
        <time>2026-01-01T12:29:56Z</time>
      </trkpt>
      <trkpt lat="37.37955658227848" lon="-122.07349810126583">
        <time>2026-01-01T12:29:57Z</time>
      </trkpt>
      <trkpt lat="37.3794664556962" lon="-122.07357025316456">
        <time>2026-01-01T12:29:58Z</time>
      </trkpt>
      <trkpt lat="37.379376329113924" lon="-122.0736424050633">
        <time>2026-01-01T12:29:59Z</time>
      </trkpt>
      <trkpt lat="37.379286202531645" lon="-122.07371455696203">
        <time>2026-01-01T12:30:00Z</time>
      </trkpt>
      <trkpt lat="37.379196075949366" lon="-122.07378670886077">
        <time>2026-01-01T12:30:01Z</time>
      </trkpt>
      <trkpt lat="37.37910594936709" lon="-122.0738588607595">
        <time>2026-01-01T12:30:02Z</time>
      </trkpt>
      <trkpt lat="37.379015822784815" lon="-122.07393101265824">
        <time>2026-01-01T12:30:03Z</time>
      </trkpt>
      <trkpt lat="37.378925696202536" lon="-122.07400316455697">
        <time>2026-01-01T12:30:04Z</time>
      </trkpt>
      <trkpt lat="37.37883556962026" lon="-122.0740753164557">
        <time>2026-01-01T12:30:05Z</time>
      </trkpt>
      <trkpt lat="37.37874544303798" lon="-122.07414746835444">
        <time>2026-01-01T12:30:06Z</time>
      </trkpt>
      <trkpt lat="37.3786553164557" lon="-122.07421962025317">
        <time>2026-01-01T12:30:07Z</time>
      </trkpt>
      <trkpt lat="37.37856518987342" lon="-122.07429177215191">
        <time>2026-01-01T12:30:08Z</time>
      </trkpt>
      <trkpt lat="37.37847506329114" lon="-122.07436392405064">
        <time>2026-01-01T12:30:09Z</time>
      </trkpt>
      <trkpt lat="37.37838493670886" lon="-122.07443607594936">
        <time>2026-01-01T12:30:10Z</time>
      </trkpt>
      <trkpt lat="37.37829481012658" lon="-122.0745082278481">
        <time>2026-01-01T12:30:11Z</time>
      </trkpt>
      <trkpt lat="37.378204683544304" lon="-122.07458037974683">
        <time>2026-01-01T12:30:12Z</time>
      </trkpt>
      <trkpt lat="37.378114556962025" lon="-122.07465253164557">
        <time>2026-01-01T12:30:13Z</time>
      </trkpt>
      <trkpt lat="37.378024430379746" lon="-122.0747246835443">
        <time>2026-01-01T12:30:14Z</time>
      </trkpt>
      <trkpt lat="37.37793430379747" lon="-122.07479683544304">
        <time>2026-01-01T12:30:15Z</time>
      </trkpt>
      <trkpt lat="37.37784417721519" lon="-122.07486898734177">
        <time>2026-01-01T12:30:16Z</time>
      </trkpt>
      <trkpt lat="37.377754050632916" lon="-122.07494113924051">
        <time>2026-01-01T12:30:17Z</time>
      </trkpt>
      <trkpt lat="37.37766392405064" lon="-122.07501329113924">
        <time>2026-01-01T12:30:18Z</time>
      </trkpt>
      <trkpt lat="37.37757379746836" lon="-122.07508544303798">
        <time>2026-01-01T12:30:19Z</time>
      </trkpt>
      <trkpt lat="37.37748367088608" lon="-122.07515759493671">
        <time>2026-01-01T12:30:20Z</time>
      </trkpt>
      <trkpt lat="37.3773935443038" lon="-122.07522974683545">
        <time>2026-01-01T12:30:21Z</time>
      </trkpt>
      <trkpt lat="37.37730341772152" lon="-122.07530189873418">
        <time>2026-01-01T12:30:22Z</time>
      </trkpt>
      <trkpt lat="37.37721329113924" lon="-122.07537405063292">
        <time>2026-01-01T12:30:23Z</time>
      </trkpt>
      <trkpt lat="37.37712316455696" lon="-122.07544620253165">
        <time>2026-01-01T12:30:24Z</time>
      </trkpt>
      <trkpt lat="37.377033037974684" lon="-122.07551835443039">
        <time>2026-01-01T12:30:25Z</time>
      </trkpt>
      <trkpt lat="37.376942911392405" lon="-122.07559050632912">
        <time>2026-01-01T12:30:26Z</time>
      </trkpt>
      <trkpt lat="37.376852784810126" lon="-122.07566265822786">
        <time>2026-01-01T12:30:27Z</time>
      </trkpt>
      <trkpt lat="37.37676265822785" lon="-122.07573481012659">
        <time>2026-01-01T12:30:28Z</time>
      </trkpt>
      <trkpt lat="37.37667253164557" lon="-122.07580696202533">
        <time>2026-01-01T12:30:29Z</time>
      </trkpt>
      <trkpt lat="37.376582405063296" lon="-122.07587911392406">
        <time>2026-01-01T12:30:30Z</time>
      </trkpt>
      <trkpt lat="37.37649227848102" lon="-122.0759512658228">
        <time>2026-01-01T12:30:31Z</time>
      </trkpt>
      <trkpt lat="37.37640215189874" lon="-122.07602341772153">
        <time>2026-01-01T12:30:32Z</time>
      </trkpt>
      <trkpt lat="37.37631202531646" lon="-122.07609556962026">
        <time>2026-01-01T12:30:33Z</time>
      </trkpt>
      <trkpt lat="37.37622189873418" lon="-122.076167721519">
        <time>2026-01-01T12:30:34Z</time>
      </trkpt>
      <trkpt lat="37.3761317721519" lon="-122.07623987341773">
        <time>2026-01-01T12:30:35Z</time>
      </trkpt>
      <trkpt lat="37.37604164556962" lon="-122.07631202531645">
        <time>2026-01-01T12:30:36Z</time>
      </trkpt>
      <trkpt lat="37.37595151898734" lon="-122.07638417721519">
        <time>2026-01-01T12:30:37Z</time>
      </trkpt>
      <trkpt lat="37.375861392405064" lon="-122.07645632911392">
        <time>2026-01-01T12:30:38Z</time>
      </trkpt>
      <trkpt lat="37.375771265822785" lon="-122.07652848101266">
        <time>2026-01-01T12:30:39Z</time>
      </trkpt>
      <trkpt lat="37.375681139240506" lon="-122.0766006329114">
        <time>2026-01-01T12:30:40Z</time>
      </trkpt>
      <trkpt lat="37.37559101265823" lon="-122.07667278481013">
        <time>2026-01-01T12:30:41Z</time>
      </trkpt>
      <trkpt lat="37.37550088607595" lon="-122.07674493670886">
        <time>2026-01-01T12:30:42Z</time>
      </trkpt>
      <trkpt lat="37.375410759493676" lon="-122.0768170886076">
        <time>2026-01-01T12:30:43Z</time>
      </trkpt>
      <trkpt lat="37.3753206329114" lon="-122.07688924050633">
        <time>2026-01-01T12:30:44Z</time>
      </trkpt>
      <trkpt lat="37.37523050632912" lon="-122.07696139240507">
        <time>2026-01-01T12:30:45Z</time>
      </trkpt>
      <trkpt lat="37.37514037974684" lon="-122.0770335443038">
        <time>2026-01-01T12:30:46Z</time>
      </trkpt>
      <trkpt lat="37.37505025316456" lon="-122.07710569620254">
        <time>2026-01-01T12:30:47Z</time>
      </trkpt>
      <trkpt lat="37.37496012658228" lon="-122.07717784810127">
        <time>2026-01-01T12:30:48Z</time>
      </trkpt>
      <trkpt lat="37.37487" lon="-122.07725">
        <time>2026-01-01T12:30:49Z</time>
      </trkpt>
      <trkpt lat="37.37477714285714" lon="-122.07730571428571">
        <time>2026-01-01T12:30:50Z</time>
      </trkpt>
      <trkpt lat="37.37468428571429" lon="-122.07736142857144">
        <time>2026-01-01T12:30:51Z</time>
      </trkpt>
      <trkpt lat="37.37459142857143" lon="-122.07741714285714">
        <time>2026-01-01T12:30:52Z</time>
      </trkpt>
      <trkpt lat="37.374498571428575" lon="-122.07747285714287">
        <time>2026-01-01T12:30:53Z</time>
      </trkpt>
      <trkpt lat="37.374405714285714" lon="-122.07752857142857">
        <time>2026-01-01T12:30:54Z</time>
      </trkpt>
      <trkpt lat="37.37431285714286" lon="-122.0775842857143">
        <time>2026-01-01T12:30:55Z</time>
      </trkpt>
      <trkpt lat="37.37422" lon="-122.07764">
        <time>2026-01-01T12:30:56Z</time>
      </trkpt>
      <trkpt lat="37.374091666666665" lon="-122.07765833333333">
        <time>2026-01-01T12:30:57Z</time>
      </trkpt>
      <trkpt lat="37.373963333333336" lon="-122.07767666666666">
        <time>2026-01-01T12:30:58Z</time>
      </trkpt>
      <trkpt lat="37.373835" lon="-122.077695">
        <time>2026-01-01T12:30:59Z</time>
      </trkpt>
      <trkpt lat="37.37370666666666" lon="-122.07771333333334">
        <time>2026-01-01T12:31:00Z</time>
      </trkpt>
      <trkpt lat="37.373578333333334" lon="-122.07773166666666">
        <time>2026-01-01T12:31:01Z</time>
      </trkpt>
      <trkpt lat="37.37345" lon="-122.07775">
        <time>2026-01-01T12:31:02Z</time>
      </trkpt>
      <trkpt lat="37.373452898550724" lon="-122.07787985507245">
        <time>2026-01-01T12:31:03Z</time>
      </trkpt>
      <trkpt lat="37.37345579710145" lon="-122.07800971014493">
        <time>2026-01-01T12:31:04Z</time>
      </trkpt>
      <trkpt lat="37.373458695652175" lon="-122.07813956521738">
        <time>2026-01-01T12:31:05Z</time>
      </trkpt>
      <trkpt lat="37.373461594202894" lon="-122.07826942028986">
        <time>2026-01-01T12:31:06Z</time>
      </trkpt>
      <trkpt lat="37.37346449275362" lon="-122.07839927536232">
        <time>2026-01-01T12:31:07Z</time>
      </trkpt>
      <trkpt lat="37.373467391304345" lon="-122.07852913043477">
        <time>2026-01-01T12:31:08Z</time>
      </trkpt>
      <trkpt lat="37.37347028985507" lon="-122.07865898550725">
        <time>2026-01-01T12:31:09Z</time>
      </trkpt>
      <trkpt lat="37.3734731884058" lon="-122.0787888405797">
        <time>2026-01-01T12:31:10Z</time>
      </trkpt>
      <trkpt lat="37.37347608695652" lon="-122.07891869565216">
        <time>2026-01-01T12:31:11Z</time>
      </trkpt>
      <trkpt lat="37.37347898550725" lon="-122.07904855072464">
        <time>2026-01-01T12:31:12Z</time>
      </trkpt>
      <trkpt lat="37.373481884057966" lon="-122.0791784057971">
        <time>2026-01-01T12:31:13Z</time>
      </trkpt>
      <trkpt lat="37.37348478260869" lon="-122.07930826086957">
        <time>2026-01-01T12:31:14Z</time>
      </trkpt>
      <trkpt lat="37.37348768115942" lon="-122.07943811594203">
        <time>2026-01-01T12:31:15Z</time>
      </trkpt>
      <trkpt lat="37.37349057971014" lon="-122.07956797101448">
        <time>2026-01-01T12:31:16Z</time>
      </trkpt>
      <trkpt lat="37.37349347826087" lon="-122.07969782608696">
        <time>2026-01-01T12:31:17Z</time>
      </trkpt>
      <trkpt lat="37.373496376811595" lon="-122.07982768115941">
        <time>2026-01-01T12:31:18Z</time>
      </trkpt>
      <trkpt lat="37.37349927536232" lon="-122.07995753623187">
        <time>2026-01-01T12:31:19Z</time>
      </trkpt>
      <trkpt lat="37.37350217391304" lon="-122.08008739130435">
        <time>2026-01-01T12:31:20Z</time>
      </trkpt>
      <trkpt lat="37.373505072463765" lon="-122.0802172463768">
        <time>2026-01-01T12:31:21Z</time>
      </trkpt>
      <trkpt lat="37.37350797101449" lon="-122.08034710144928">
        <time>2026-01-01T12:31:22Z</time>
      </trkpt>
      <trkpt lat="37.373510869565216" lon="-122.08047695652174">
        <time>2026-01-01T12:31:23Z</time>
      </trkpt>
      <trkpt lat="37.37351376811594" lon="-122.0806068115942">
        <time>2026-01-01T12:31:24Z</time>
      </trkpt>
      <trkpt lat="37.37351666666667" lon="-122.08073666666667">
        <time>2026-01-01T12:31:25Z</time>
      </trkpt>
      <trkpt lat="37.37351956521739" lon="-122.08086652173913">
        <time>2026-01-01T12:31:26Z</time>
      </trkpt>
      <trkpt lat="37.37352246376811" lon="-122.08099637681158">
        <time>2026-01-01T12:31:27Z</time>
      </trkpt>
      <trkpt lat="37.37352536231884" lon="-122.08112623188406">
        <time>2026-01-01T12:31:28Z</time>
      </trkpt>
      <trkpt lat="37.37352826086956" lon="-122.08125608695651">
        <time>2026-01-01T12:31:29Z</time>
      </trkpt>
      <trkpt lat="37.37353115942029" lon="-122.08138594202899">
        <time>2026-01-01T12:31:30Z</time>
      </trkpt>
      <trkpt lat="37.373534057971014" lon="-122.08151579710145">
        <time>2026-01-01T12:31:31Z</time>
      </trkpt>
      <trkpt lat="37.37353695652174" lon="-122.0816456521739">
        <time>2026-01-01T12:31:32Z</time>
      </trkpt>
      <trkpt lat="37.373539855072465" lon="-122.08177550724638">
        <time>2026-01-01T12:31:33Z</time>
      </trkpt>
      <trkpt lat="37.373542753623184" lon="-122.08190536231884">
        <time>2026-01-01T12:31:34Z</time>
      </trkpt>
      <trkpt lat="37.37354565217391" lon="-122.0820352173913">
        <time>2026-01-01T12:31:35Z</time>
      </trkpt>
      <trkpt lat="37.373548550724635" lon="-122.08216507246377">
        <time>2026-01-01T12:31:36Z</time>
      </trkpt>
      <trkpt lat="37.37355144927536" lon="-122.08229492753622">
        <time>2026-01-01T12:31:37Z</time>
      </trkpt>
      <trkpt lat="37.37355434782609" lon="-122.0824247826087">
        <time>2026-01-01T12:31:38Z</time>
      </trkpt>
      <trkpt lat="37.37355724637681" lon="-122.08255463768116">
        <time>2026-01-01T12:31:39Z</time>
      </trkpt>
      <trkpt lat="37.37356014492753" lon="-122.08268449275361">
        <time>2026-01-01T12:31:40Z</time>
      </trkpt>
      <trkpt lat="37.373563043478256" lon="-122.08281434782609">
        <time>2026-01-01T12:31:41Z</time>
      </trkpt>
      <trkpt lat="37.37356594202898" lon="-122.08294420289855">
        <time>2026-01-01T12:31:42Z</time>
      </trkpt>
      <trkpt lat="37.37356884057971" lon="-122.083074057971">
        <time>2026-01-01T12:31:43Z</time>
      </trkpt>
      <trkpt lat="37.37357173913043" lon="-122.08320391304348">
        <time>2026-01-01T12:31:44Z</time>
      </trkpt>
      <trkpt lat="37.37357463768116" lon="-122.08333376811593">
        <time>2026-01-01T12:31:45Z</time>
      </trkpt>
      <trkpt lat="37.373577536231885" lon="-122.08346362318841">
        <time>2026-01-01T12:31:46Z</time>
      </trkpt>
      <trkpt lat="37.3735804347826" lon="-122.08359347826087">
        <time>2026-01-01T12:31:47Z</time>
      </trkpt>
      <trkpt lat="37.37358333333333" lon="-122.08372333333332">
        <time>2026-01-01T12:31:48Z</time>
      </trkpt>
      <trkpt lat="37.373586231884055" lon="-122.0838531884058">
        <time>2026-01-01T12:31:49Z</time>
      </trkpt>
      <trkpt lat="37.37358913043478" lon="-122.08398304347826">
        <time>2026-01-01T12:31:50Z</time>
      </trkpt>
      <trkpt lat="37.373592028985506" lon="-122.08411289855071">
        <time>2026-01-01T12:31:51Z</time>
      </trkpt>
      <trkpt lat="37.37359492753623" lon="-122.08424275362319">
        <time>2026-01-01T12:31:52Z</time>
      </trkpt>
      <trkpt lat="37.37359782608696" lon="-122.08437260869565">
        <time>2026-01-01T12:31:53Z</time>
      </trkpt>
      <trkpt lat="37.373600724637676" lon="-122.08450246376812">
        <time>2026-01-01T12:31:54Z</time>
      </trkpt>
      <trkpt lat="37.3736036231884" lon="-122.08463231884058">
        <time>2026-01-01T12:31:55Z</time>
      </trkpt>
      <trkpt lat="37.37360652173913" lon="-122.08476217391303">
        <time>2026-01-01T12:31:56Z</time>
      </trkpt>
      <trkpt lat="37.37360942028985" lon="-122.08489202898551">
        <time>2026-01-01T12:31:57Z</time>
      </trkpt>
      <trkpt lat="37.37361231884058" lon="-122.08502188405797">
        <time>2026-01-01T12:31:58Z</time>
      </trkpt>
      <trkpt lat="37.373615217391304" lon="-122.08515173913042">
        <time>2026-01-01T12:31:59Z</time>
      </trkpt>
      <trkpt lat="37.37361811594203" lon="-122.0852815942029">
        <time>2026-01-01T12:32:00Z</time>
      </trkpt>
      <trkpt lat="37.37362101449275" lon="-122.08541144927536">
        <time>2026-01-01T12:32:01Z</time>
      </trkpt>
      <trkpt lat="37.373623913043474" lon="-122.08554130434783">
        <time>2026-01-01T12:32:02Z</time>
      </trkpt>
      <trkpt lat="37.3736268115942" lon="-122.08567115942029">
        <time>2026-01-01T12:32:03Z</time>
      </trkpt>
      <trkpt lat="37.373629710144925" lon="-122.08580101449274">
        <time>2026-01-01T12:32:04Z</time>
      </trkpt>
      <trkpt lat="37.37363260869565" lon="-122.08593086956522">
        <time>2026-01-01T12:32:05Z</time>
      </trkpt>
      <trkpt lat="37.37363550724638" lon="-122.08606072463768">
        <time>2026-01-01T12:32:06Z</time>
      </trkpt>
      <trkpt lat="37.3736384057971" lon="-122.08619057971013">
        <time>2026-01-01T12:32:07Z</time>
      </trkpt>
      <trkpt lat="37.37364130434782" lon="-122.0863204347826">
        <time>2026-01-01T12:32:08Z</time>
      </trkpt>
      <trkpt lat="37.37364420289855" lon="-122.08645028985507">
        <time>2026-01-01T12:32:09Z</time>
      </trkpt>
      <trkpt lat="37.37364710144927" lon="-122.08658014492754">
        <time>2026-01-01T12:32:10Z</time>
      </trkpt>
      <trkpt lat="37.37365" lon="-122.08671">
        <time>2026-01-01T12:32:11Z</time>
      </trkpt>
      <trkpt lat="37.373601428571426" lon="-122.08686142857142">
        <time>2026-01-01T12:32:12Z</time>
      </trkpt>
      <trkpt lat="37.373552857142855" lon="-122.08701285714285">
        <time>2026-01-01T12:32:13Z</time>
      </trkpt>
      <trkpt lat="37.37350428571428" lon="-122.08716428571428">
        <time>2026-01-01T12:32:14Z</time>
      </trkpt>
      <trkpt lat="37.37345571428571" lon="-122.08731571428572">
        <time>2026-01-01T12:32:15Z</time>
      </trkpt>
      <trkpt lat="37.37340714285714" lon="-122.08746714285715">
        <time>2026-01-01T12:32:16Z</time>
      </trkpt>
      <trkpt lat="37.37335857142857" lon="-122.08761857142858">
        <time>2026-01-01T12:32:17Z</time>
      </trkpt>
      <trkpt lat="37.37331" lon="-122.08777">
        <time>2026-01-01T12:32:18Z</time>
      </trkpt>
      <trkpt lat="37.373311403508765" lon="-122.08790263157896">
        <time>2026-01-01T12:32:19Z</time>
      </trkpt>
      <trkpt lat="37.37331280701754" lon="-122.0880352631579">
        <time>2026-01-01T12:32:20Z</time>
      </trkpt>
      <trkpt lat="37.37331421052631" lon="-122.08816789473684">
        <time>2026-01-01T12:32:21Z</time>
      </trkpt>
      <trkpt lat="37.373315614035086" lon="-122.08830052631579">
        <time>2026-01-01T12:32:22Z</time>
      </trkpt>
      <trkpt lat="37.373317017543854" lon="-122.08843315789474">
        <time>2026-01-01T12:32:23Z</time>
      </trkpt>
      <trkpt lat="37.37331842105263" lon="-122.08856578947369">
        <time>2026-01-01T12:32:24Z</time>
      </trkpt>
      <trkpt lat="37.3733198245614" lon="-122.08869842105264">
        <time>2026-01-01T12:32:25Z</time>
      </trkpt>
      <trkpt lat="37.373321228070175" lon="-122.08883105263159">
        <time>2026-01-01T12:32:26Z</time>
      </trkpt>
      <trkpt lat="37.373322631578944" lon="-122.08896368421053">
        <time>2026-01-01T12:32:27Z</time>
      </trkpt>
      <trkpt lat="37.37332403508772" lon="-122.08909631578948">
        <time>2026-01-01T12:32:28Z</time>
      </trkpt>
      <trkpt lat="37.37332543859649" lon="-122.08922894736843">
        <time>2026-01-01T12:32:29Z</time>
      </trkpt>
      <trkpt lat="37.37332684210526" lon="-122.08936157894738">
        <time>2026-01-01T12:32:30Z</time>
      </trkpt>
      <trkpt lat="37.37332824561403" lon="-122.08949421052633">
        <time>2026-01-01T12:32:31Z</time>
      </trkpt>
      <trkpt lat="37.3733296491228" lon="-122.08962684210528">
        <time>2026-01-01T12:32:32Z</time>
      </trkpt>
      <trkpt lat="37.37333105263158" lon="-122.08975947368421">
        <time>2026-01-01T12:32:33Z</time>
      </trkpt>
      <trkpt lat="37.373332456140346" lon="-122.08989210526316">
        <time>2026-01-01T12:32:34Z</time>
      </trkpt>
      <trkpt lat="37.37333385964912" lon="-122.09002473684211">
        <time>2026-01-01T12:32:35Z</time>
      </trkpt>
      <trkpt lat="37.37333526315789" lon="-122.09015736842106">
        <time>2026-01-01T12:32:36Z</time>
      </trkpt>
      <trkpt lat="37.37333666666667" lon="-122.09029000000001">
        <time>2026-01-01T12:32:37Z</time>
      </trkpt>
      <trkpt lat="37.373338070175436" lon="-122.09042263157895">
        <time>2026-01-01T12:32:38Z</time>
      </trkpt>
      <trkpt lat="37.37333947368421" lon="-122.0905552631579">
        <time>2026-01-01T12:32:39Z</time>
      </trkpt>
      <trkpt lat="37.37334087719298" lon="-122.09068789473685">
        <time>2026-01-01T12:32:40Z</time>
      </trkpt>
      <trkpt lat="37.37334228070175" lon="-122.0908205263158">
        <time>2026-01-01T12:32:41Z</time>
      </trkpt>
      <trkpt lat="37.373343684210525" lon="-122.09095315789475">
        <time>2026-01-01T12:32:42Z</time>
      </trkpt>
      <trkpt lat="37.373345087719294" lon="-122.0910857894737">
        <time>2026-01-01T12:32:43Z</time>
      </trkpt>
      <trkpt lat="37.37334649122807" lon="-122.09121842105263">
        <time>2026-01-01T12:32:44Z</time>
      </trkpt>
      <trkpt lat="37.37334789473684" lon="-122.09135105263158">
        <time>2026-01-01T12:32:45Z</time>
      </trkpt>
      <trkpt lat="37.373349298245614" lon="-122.09148368421053">
        <time>2026-01-01T12:32:46Z</time>
      </trkpt>
      <trkpt lat="37.37335070175438" lon="-122.09161631578948">
        <time>2026-01-01T12:32:47Z</time>
      </trkpt>
      <trkpt lat="37.37335210526316" lon="-122.09174894736843">
        <time>2026-01-01T12:32:48Z</time>
      </trkpt>
      <trkpt lat="37.37335350877193" lon="-122.09188157894738">
        <time>2026-01-01T12:32:49Z</time>
      </trkpt>
      <trkpt lat="37.3733549122807" lon="-122.09201421052632">
        <time>2026-01-01T12:32:50Z</time>
      </trkpt>
      <trkpt lat="37.37335631578947" lon="-122.09214684210527">
        <time>2026-01-01T12:32:51Z</time>
      </trkpt>
      <trkpt lat="37.37335771929825" lon="-122.09227947368421">
        <time>2026-01-01T12:32:52Z</time>
      </trkpt>
      <trkpt lat="37.37335912280702" lon="-122.09241210526316">
        <time>2026-01-01T12:32:53Z</time>
      </trkpt>
      <trkpt lat="37.373360526315786" lon="-122.09254473684211">
        <time>2026-01-01T12:32:54Z</time>
      </trkpt>
      <trkpt lat="37.37336192982456" lon="-122.09267736842106">
        <time>2026-01-01T12:32:55Z</time>
      </trkpt>
      <trkpt lat="37.37336333333333" lon="-122.09281">
        <time>2026-01-01T12:32:56Z</time>
      </trkpt>
      <trkpt lat="37.373364736842106" lon="-122.09294263157895">
        <time>2026-01-01T12:32:57Z</time>
      </trkpt>
      <trkpt lat="37.373366140350875" lon="-122.0930752631579">
        <time>2026-01-01T12:32:58Z</time>
      </trkpt>
      <trkpt lat="37.37336754385965" lon="-122.09320789473685">
        <time>2026-01-01T12:32:59Z</time>
      </trkpt>
      <trkpt lat="37.37336894736842" lon="-122.0933405263158">
        <time>2026-01-01T12:33:00Z</time>
      </trkpt>
      <trkpt lat="37.373370350877195" lon="-122.09347315789473">
        <time>2026-01-01T12:33:01Z</time>
      </trkpt>
      <trkpt lat="37.373371754385964" lon="-122.09360578947368">
        <time>2026-01-01T12:33:02Z</time>
      </trkpt>
      <trkpt lat="37.37337315789474" lon="-122.09373842105263">
        <time>2026-01-01T12:33:03Z</time>
      </trkpt>
      <trkpt lat="37.37337456140351" lon="-122.09387105263158">
        <time>2026-01-01T12:33:04Z</time>
      </trkpt>
      <trkpt lat="37.37337596491228" lon="-122.09400368421053">
        <time>2026-01-01T12:33:05Z</time>
      </trkpt>
      <trkpt lat="37.37337736842105" lon="-122.09413631578948">
        <time>2026-01-01T12:33:06Z</time>
      </trkpt>
      <trkpt lat="37.37337877192982" lon="-122.09426894736842">
        <time>2026-01-01T12:33:07Z</time>
      </trkpt>
      <trkpt lat="37.3733801754386" lon="-122.09440157894737">
        <time>2026-01-01T12:33:08Z</time>
      </trkpt>
      <trkpt lat="37.37338157894737" lon="-122.09453421052632">
        <time>2026-01-01T12:33:09Z</time>
      </trkpt>
      <trkpt lat="37.37338298245614" lon="-122.09466684210527">
        <time>2026-01-01T12:33:10Z</time>
      </trkpt>
      <trkpt lat="37.37338438596491" lon="-122.09479947368422">
        <time>2026-01-01T12:33:11Z</time>
      </trkpt>
      <trkpt lat="37.37338578947369" lon="-122.09493210526317">
        <time>2026-01-01T12:33:12Z</time>
      </trkpt>
      <trkpt lat="37.373387192982456" lon="-122.0950647368421">
        <time>2026-01-01T12:33:13Z</time>
      </trkpt>
      <trkpt lat="37.37338859649123" lon="-122.09519736842105">
        <time>2026-01-01T12:33:14Z</time>
      </trkpt>
      <trkpt lat="37.37339" lon="-122.09533">
        <time>2026-01-01T12:33:15Z</time>
      </trkpt>
      <trkpt lat="37.373444285714285" lon="-122.09544000000001">
        <time>2026-01-01T12:33:16Z</time>
      </trkpt>
      <trkpt lat="37.37349857142857" lon="-122.09555">
        <time>2026-01-01T12:33:17Z</time>
      </trkpt>
      <trkpt lat="37.373552857142855" lon="-122.09566000000001">
        <time>2026-01-01T12:33:18Z</time>
      </trkpt>
      <trkpt lat="37.373607142857146" lon="-122.09577">
        <time>2026-01-01T12:33:19Z</time>
      </trkpt>
      <trkpt lat="37.37366142857143" lon="-122.09588000000001">
        <time>2026-01-01T12:33:20Z</time>
      </trkpt>
      <trkpt lat="37.373715714285716" lon="-122.09599">
        <time>2026-01-01T12:33:21Z</time>
      </trkpt>
      <trkpt lat="37.37377" lon="-122.0961">
        <time>2026-01-01T12:33:22Z</time>
      </trkpt>
      <trkpt lat="37.37376947368421" lon="-122.09623486842106">
        <time>2026-01-01T12:33:23Z</time>
      </trkpt>
      <trkpt lat="37.37376894736842" lon="-122.0963697368421">
        <time>2026-01-01T12:33:24Z</time>
      </trkpt>
      <trkpt lat="37.37376842105263" lon="-122.09650460526316">
        <time>2026-01-01T12:33:25Z</time>
      </trkpt>
      <trkpt lat="37.373767894736844" lon="-122.09663947368422">
        <time>2026-01-01T12:33:26Z</time>
      </trkpt>
      <trkpt lat="37.373767368421056" lon="-122.09677434210526">
        <time>2026-01-01T12:33:27Z</time>
      </trkpt>
      <trkpt lat="37.37376684210526" lon="-122.09690921052632">
        <time>2026-01-01T12:33:28Z</time>
      </trkpt>
      <trkpt lat="37.373766315789474" lon="-122.09704407894738">
        <time>2026-01-01T12:33:29Z</time>
      </trkpt>
      <trkpt lat="37.37376578947369" lon="-122.09717894736843">
        <time>2026-01-01T12:33:30Z</time>
      </trkpt>
      <trkpt lat="37.37376526315789" lon="-122.09731381578948">
        <time>2026-01-01T12:33:31Z</time>
      </trkpt>
      <trkpt lat="37.373764736842105" lon="-122.09744868421053">
        <time>2026-01-01T12:33:32Z</time>
      </trkpt>
      <trkpt lat="37.37376421052632" lon="-122.09758355263159">
        <time>2026-01-01T12:33:33Z</time>
      </trkpt>
      <trkpt lat="37.37376368421053" lon="-122.09771842105263">
        <time>2026-01-01T12:33:34Z</time>
      </trkpt>
      <trkpt lat="37.373763157894736" lon="-122.09785328947369">
        <time>2026-01-01T12:33:35Z</time>
      </trkpt>
      <trkpt lat="37.37376263157895" lon="-122.09798815789475">
        <time>2026-01-01T12:33:36Z</time>
      </trkpt>
      <trkpt lat="37.37376210526316" lon="-122.09812302631579">
        <time>2026-01-01T12:33:37Z</time>
      </trkpt>
      <trkpt lat="37.37376157894737" lon="-122.09825789473685">
        <time>2026-01-01T12:33:38Z</time>
      </trkpt>
      <trkpt lat="37.37376105263158" lon="-122.0983927631579">
        <time>2026-01-01T12:33:39Z</time>
      </trkpt>
      <trkpt lat="37.37376052631579" lon="-122.09852763157896">
        <time>2026-01-01T12:33:40Z</time>
      </trkpt>
      <trkpt lat="37.373760000000004" lon="-122.0986625">
        <time>2026-01-01T12:33:41Z</time>
      </trkpt>
      <trkpt lat="37.37375947368421" lon="-122.09879736842106">
        <time>2026-01-01T12:33:42Z</time>
      </trkpt>
      <trkpt lat="37.37375894736842" lon="-122.09893223684212">
        <time>2026-01-01T12:33:43Z</time>
      </trkpt>
      <trkpt lat="37.373758421052635" lon="-122.09906710526316">
        <time>2026-01-01T12:33:44Z</time>
      </trkpt>
      <trkpt lat="37.37375789473684" lon="-122.09920197368422">
        <time>2026-01-01T12:33:45Z</time>
      </trkpt>
      <trkpt lat="37.37375736842105" lon="-122.09933684210527">
        <time>2026-01-01T12:33:46Z</time>
      </trkpt>
      <trkpt lat="37.373756842105266" lon="-122.09947171052632">
        <time>2026-01-01T12:33:47Z</time>
      </trkpt>
      <trkpt lat="37.37375631578947" lon="-122.09960657894737">
        <time>2026-01-01T12:33:48Z</time>
      </trkpt>
      <trkpt lat="37.373755789473684" lon="-122.09974144736843">
        <time>2026-01-01T12:33:49Z</time>
      </trkpt>
      <trkpt lat="37.373755263157896" lon="-122.09987631578949">
        <time>2026-01-01T12:33:50Z</time>
      </trkpt>
      <trkpt lat="37.37375473684211" lon="-122.10001118421053">
        <time>2026-01-01T12:33:51Z</time>
      </trkpt>
      <trkpt lat="37.373754210526315" lon="-122.10014605263159">
        <time>2026-01-01T12:33:52Z</time>
      </trkpt>
      <trkpt lat="37.37375368421053" lon="-122.10028092105264">
        <time>2026-01-01T12:33:53Z</time>
      </trkpt>
      <trkpt lat="37.37375315789474" lon="-122.10041578947369">
        <time>2026-01-01T12:33:54Z</time>
      </trkpt>
      <trkpt lat="37.373752631578945" lon="-122.10055065789474">
        <time>2026-01-01T12:33:55Z</time>
      </trkpt>
      <trkpt lat="37.37375210526316" lon="-122.1006855263158">
        <time>2026-01-01T12:33:56Z</time>
      </trkpt>
      <trkpt lat="37.37375157894737" lon="-122.10082039473684">
        <time>2026-01-01T12:33:57Z</time>
      </trkpt>
      <trkpt lat="37.37375105263158" lon="-122.1009552631579">
        <time>2026-01-01T12:33:58Z</time>
      </trkpt>
      <trkpt lat="37.37375052631579" lon="-122.10109013157896">
        <time>2026-01-01T12:33:59Z</time>
      </trkpt>
      <trkpt lat="37.37375" lon="-122.101225">
        <time>2026-01-01T12:34:00Z</time>
      </trkpt>
      <trkpt lat="37.373749473684214" lon="-122.10135986842106">
        <time>2026-01-01T12:34:01Z</time>
      </trkpt>
      <trkpt lat="37.37374894736842" lon="-122.10149473684211">
        <time>2026-01-01T12:34:02Z</time>
      </trkpt>
      <trkpt lat="37.37374842105263" lon="-122.10162960526317">
        <time>2026-01-01T12:34:03Z</time>
      </trkpt>
      <trkpt lat="37.373747894736844" lon="-122.10176447368421">
        <time>2026-01-01T12:34:04Z</time>
      </trkpt>
      <trkpt lat="37.37374736842106" lon="-122.10189934210527">
        <time>2026-01-01T12:34:05Z</time>
      </trkpt>
      <trkpt lat="37.37374684210526" lon="-122.10203421052633">
        <time>2026-01-01T12:34:06Z</time>
      </trkpt>
      <trkpt lat="37.373746315789475" lon="-122.10216907894737">
        <time>2026-01-01T12:34:07Z</time>
      </trkpt>
      <trkpt lat="37.37374578947369" lon="-122.10230394736843">
        <time>2026-01-01T12:34:08Z</time>
      </trkpt>
      <trkpt lat="37.37374526315789" lon="-122.10243881578948">
        <time>2026-01-01T12:34:09Z</time>
      </trkpt>
      <trkpt lat="37.373744736842106" lon="-122.10257368421053">
        <time>2026-01-01T12:34:10Z</time>
      </trkpt>
      <trkpt lat="37.37374421052632" lon="-122.10270855263158">
        <time>2026-01-01T12:34:11Z</time>
      </trkpt>
      <trkpt lat="37.37374368421053" lon="-122.10284342105264">
        <time>2026-01-01T12:34:12Z</time>
      </trkpt>
      <trkpt lat="37.37374315789474" lon="-122.1029782894737">
        <time>2026-01-01T12:34:13Z</time>
      </trkpt>
      <trkpt lat="37.37374263157895" lon="-122.10311315789474">
        <time>2026-01-01T12:34:14Z</time>
      </trkpt>
      <trkpt lat="37.37374210526316" lon="-122.1032480263158">
        <time>2026-01-01T12:34:15Z</time>
      </trkpt>
      <trkpt lat="37.37374157894737" lon="-122.10338289473685">
        <time>2026-01-01T12:34:16Z</time>
      </trkpt>
      <trkpt lat="37.37374105263158" lon="-122.1035177631579">
        <time>2026-01-01T12:34:17Z</time>
      </trkpt>
      <trkpt lat="37.37374052631579" lon="-122.10365263157895">
        <time>2026-01-01T12:34:18Z</time>
      </trkpt>
      <trkpt lat="37.37374" lon="-122.10378750000001">
        <time>2026-01-01T12:34:19Z</time>
      </trkpt>
      <trkpt lat="37.37373947368421" lon="-122.10392236842105">
        <time>2026-01-01T12:34:20Z</time>
      </trkpt>
      <trkpt lat="37.37373894736842" lon="-122.10405723684211">
        <time>2026-01-01T12:34:21Z</time>
      </trkpt>
      <trkpt lat="37.373738421052636" lon="-122.10419210526317">
        <time>2026-01-01T12:34:22Z</time>
      </trkpt>
      <trkpt lat="37.37373789473684" lon="-122.10432697368422">
        <time>2026-01-01T12:34:23Z</time>
      </trkpt>
      <trkpt lat="37.373737368421054" lon="-122.10446184210527">
        <time>2026-01-01T12:34:24Z</time>
      </trkpt>
      <trkpt lat="37.37373684210527" lon="-122.10459671052632">
        <time>2026-01-01T12:34:25Z</time>
      </trkpt>
      <trkpt lat="37.37373631578947" lon="-122.10473157894738">
        <time>2026-01-01T12:34:26Z</time>
      </trkpt>
      <trkpt lat="37.373735789473685" lon="-122.10486644736842">
        <time>2026-01-01T12:34:27Z</time>
      </trkpt>
      <trkpt lat="37.3737352631579" lon="-122.10500131578948">
        <time>2026-01-01T12:34:28Z</time>
      </trkpt>
      <trkpt lat="37.37373473684211" lon="-122.10513618421054">
        <time>2026-01-01T12:34:29Z</time>
      </trkpt>
      <trkpt lat="37.373734210526315" lon="-122.10527105263158">
        <time>2026-01-01T12:34:30Z</time>
      </trkpt>
      <trkpt lat="37.37373368421053" lon="-122.10540592105264">
        <time>2026-01-01T12:34:31Z</time>
      </trkpt>
      <trkpt lat="37.37373315789474" lon="-122.1055407894737">
        <time>2026-01-01T12:34:32Z</time>
      </trkpt>
      <trkpt lat="37.373732631578946" lon="-122.10567565789475">
        <time>2026-01-01T12:34:33Z</time>
      </trkpt>
      <trkpt lat="37.37373210526316" lon="-122.10581052631579">
        <time>2026-01-01T12:34:34Z</time>
      </trkpt>
      <trkpt lat="37.37373157894737" lon="-122.10594539473685">
        <time>2026-01-01T12:34:35Z</time>
      </trkpt>
      <trkpt lat="37.373731052631584" lon="-122.1060802631579">
        <time>2026-01-01T12:34:36Z</time>
      </trkpt>
      <trkpt lat="37.37373052631579" lon="-122.10621513157895">
        <time>2026-01-01T12:34:37Z</time>
      </trkpt>
      <trkpt lat="37.37373" lon="-122.10635">
        <time>2026-01-01T12:34:38Z</time>
      </trkpt>
      <trkpt lat="37.37376637" lon="-122.10647398">
        <time>2026-01-01T12:34:39Z</time>
      </trkpt>
      <trkpt lat="37.37380274" lon="-122.10659796">
        <time>2026-01-01T12:34:40Z</time>
      </trkpt>
      <trkpt lat="37.373839110000006" lon="-122.10672194">
        <time>2026-01-01T12:34:41Z</time>
      </trkpt>
      <trkpt lat="37.37387548" lon="-122.10684592">
        <time>2026-01-01T12:34:42Z</time>
      </trkpt>
      <trkpt lat="37.37391185" lon="-122.1069699">
        <time>2026-01-01T12:34:43Z</time>
      </trkpt>
      <trkpt lat="37.37394822" lon="-122.10709388000001">
        <time>2026-01-01T12:34:44Z</time>
      </trkpt>
      <trkpt lat="37.373984590000006" lon="-122.10721786">
        <time>2026-01-01T12:34:45Z</time>
      </trkpt>
      <trkpt lat="37.37402096" lon="-122.10734184">
        <time>2026-01-01T12:34:46Z</time>
      </trkpt>
      <trkpt lat="37.37405733" lon="-122.10746582">
        <time>2026-01-01T12:34:47Z</time>
      </trkpt>
      <trkpt lat="37.3740937" lon="-122.1075898">
        <time>2026-01-01T12:34:48Z</time>
      </trkpt>
      <trkpt lat="37.37400718333333" lon="-122.10766480476191">
        <time>2026-01-01T12:34:49Z</time>
      </trkpt>
      <trkpt lat="37.37392066666667" lon="-122.1077398095238">
        <time>2026-01-01T12:34:50Z</time>
      </trkpt>
      <trkpt lat="37.37383415" lon="-122.10781481428572">
        <time>2026-01-01T12:34:51Z</time>
      </trkpt>
      <trkpt lat="37.37374763333334" lon="-122.10788981904761">
        <time>2026-01-01T12:34:52Z</time>
      </trkpt>
      <trkpt lat="37.37366111666667" lon="-122.10796482380952">
        <time>2026-01-01T12:34:53Z</time>
      </trkpt>
      <trkpt lat="37.373574600000005" lon="-122.10803982857144">
        <time>2026-01-01T12:34:54Z</time>
      </trkpt>
      <trkpt lat="37.373488083333335" lon="-122.10811483333333">
        <time>2026-01-01T12:34:55Z</time>
      </trkpt>
      <trkpt lat="37.37340156666667" lon="-122.10818983809524">
        <time>2026-01-01T12:34:56Z</time>
      </trkpt>
      <trkpt lat="37.37331505" lon="-122.10826484285714">
        <time>2026-01-01T12:34:57Z</time>
      </trkpt>
      <trkpt lat="37.37322853333334" lon="-122.10833984761905">
        <time>2026-01-01T12:34:58Z</time>
      </trkpt>
      <trkpt lat="37.37314201666667" lon="-122.10841485238096">
        <time>2026-01-01T12:34:59Z</time>
      </trkpt>
      <trkpt lat="37.3730555" lon="-122.10848985714286">
        <time>2026-01-01T12:35:00Z</time>
      </trkpt>
      <trkpt lat="37.37296898333334" lon="-122.10856486190477">
        <time>2026-01-01T12:35:01Z</time>
      </trkpt>
      <trkpt lat="37.37288246666667" lon="-122.10863986666666">
        <time>2026-01-01T12:35:02Z</time>
      </trkpt>
      <trkpt lat="37.372795950000004" lon="-122.10871487142857">
        <time>2026-01-01T12:35:03Z</time>
      </trkpt>
      <trkpt lat="37.372709433333334" lon="-122.10878987619049">
        <time>2026-01-01T12:35:04Z</time>
      </trkpt>
      <trkpt lat="37.37262291666667" lon="-122.10886488095238">
        <time>2026-01-01T12:35:05Z</time>
      </trkpt>
      <trkpt lat="37.3725364" lon="-122.10893988571429">
        <time>2026-01-01T12:35:06Z</time>
      </trkpt>
      <trkpt lat="37.37244988333334" lon="-122.10901489047619">
        <time>2026-01-01T12:35:07Z</time>
      </trkpt>
      <trkpt lat="37.37236336666667" lon="-122.1090898952381">
        <time>2026-01-01T12:35:08Z</time>
      </trkpt>
      <trkpt lat="37.372276850000006" lon="-122.1091649">
        <time>2026-01-01T12:35:09Z</time>
      </trkpt>
      <trkpt lat="37.372190333333336" lon="-122.1092399047619">
        <time>2026-01-01T12:35:10Z</time>
      </trkpt>
      <trkpt lat="37.372103816666666" lon="-122.10931490952382">
        <time>2026-01-01T12:35:11Z</time>
      </trkpt>
      <trkpt lat="37.3720173" lon="-122.10938991428571">
        <time>2026-01-01T12:35:12Z</time>
      </trkpt>
      <trkpt lat="37.37193078333333" lon="-122.10946491904762">
        <time>2026-01-01T12:35:13Z</time>
      </trkpt>
      <trkpt lat="37.37184426666667" lon="-122.10953992380952">
        <time>2026-01-01T12:35:14Z</time>
      </trkpt>
      <trkpt lat="37.37175775" lon="-122.10961492857143">
        <time>2026-01-01T12:35:15Z</time>
      </trkpt>
      <trkpt lat="37.37167123333334" lon="-122.10968993333334">
        <time>2026-01-01T12:35:16Z</time>
      </trkpt>
      <trkpt lat="37.37158471666667" lon="-122.10976493809524">
        <time>2026-01-01T12:35:17Z</time>
      </trkpt>
      <trkpt lat="37.371498200000005" lon="-122.10983994285715">
        <time>2026-01-01T12:35:18Z</time>
      </trkpt>
      <trkpt lat="37.371411683333335" lon="-122.10991494761905">
        <time>2026-01-01T12:35:19Z</time>
      </trkpt>
      <trkpt lat="37.371325166666665" lon="-122.10998995238096">
        <time>2026-01-01T12:35:20Z</time>
      </trkpt>
      <trkpt lat="37.37123865" lon="-122.11006495714287">
        <time>2026-01-01T12:35:21Z</time>
      </trkpt>
      <trkpt lat="37.37115213333333" lon="-122.11013996190476">
        <time>2026-01-01T12:35:22Z</time>
      </trkpt>
      <trkpt lat="37.37106561666667" lon="-122.11021496666667">
        <time>2026-01-01T12:35:23Z</time>
      </trkpt>
      <trkpt lat="37.3709791" lon="-122.11028997142857">
        <time>2026-01-01T12:35:24Z</time>
      </trkpt>
      <trkpt lat="37.37089258333334" lon="-122.11036497619048">
        <time>2026-01-01T12:35:25Z</time>
      </trkpt>
      <trkpt lat="37.37080606666667" lon="-122.11043998095239">
        <time>2026-01-01T12:35:26Z</time>
      </trkpt>
      <trkpt lat="37.370719550000004" lon="-122.11051498571429">
        <time>2026-01-01T12:35:27Z</time>
      </trkpt>
      <trkpt lat="37.370633033333334" lon="-122.1105899904762">
        <time>2026-01-01T12:35:28Z</time>
      </trkpt>
      <trkpt lat="37.37054651666667" lon="-122.1106649952381">
        <time>2026-01-01T12:35:29Z</time>
      </trkpt>
      <trkpt lat="37.37046" lon="-122.11074">
        <time>2026-01-01T12:35:30Z</time>
      </trkpt>
      <trkpt lat="37.37054338582677" lon="-122.11082212598426">
        <time>2026-01-01T12:35:31Z</time>
      </trkpt>
      <trkpt lat="37.37062677165355" lon="-122.1109042519685">
        <time>2026-01-01T12:35:32Z</time>
      </trkpt>
      <trkpt lat="37.37071015748032" lon="-122.11098637795276">
        <time>2026-01-01T12:35:33Z</time>
      </trkpt>
      <trkpt lat="37.37079354330709" lon="-122.11106850393702">
        <time>2026-01-01T12:35:34Z</time>
      </trkpt>
      <trkpt lat="37.37087692913386" lon="-122.11115062992127">
        <time>2026-01-01T12:35:35Z</time>
      </trkpt>
      <trkpt lat="37.370960314960634" lon="-122.11123275590552">
        <time>2026-01-01T12:35:36Z</time>
      </trkpt>
      <trkpt lat="37.3710437007874" lon="-122.11131488188977">
        <time>2026-01-01T12:35:37Z</time>
      </trkpt>
      <trkpt lat="37.37112708661417" lon="-122.11139700787402">
        <time>2026-01-01T12:35:38Z</time>
      </trkpt>
      <trkpt lat="37.37121047244094" lon="-122.11147913385827">
        <time>2026-01-01T12:35:39Z</time>
      </trkpt>
      <trkpt lat="37.37129385826772" lon="-122.11156125984253">
        <time>2026-01-01T12:35:40Z</time>
      </trkpt>
      <trkpt lat="37.37137724409449" lon="-122.11164338582678">
        <time>2026-01-01T12:35:41Z</time>
      </trkpt>
      <trkpt lat="37.37146062992126" lon="-122.11172551181103">
        <time>2026-01-01T12:35:42Z</time>
      </trkpt>
      <trkpt lat="37.371544015748036" lon="-122.11180763779528">
        <time>2026-01-01T12:35:43Z</time>
      </trkpt>
      <trkpt lat="37.371627401574806" lon="-122.11188976377953">
        <time>2026-01-01T12:35:44Z</time>
      </trkpt>
      <trkpt lat="37.371710787401575" lon="-122.11197188976378">
        <time>2026-01-01T12:35:45Z</time>
      </trkpt>
      <trkpt lat="37.371794173228345" lon="-122.11205401574804">
        <time>2026-01-01T12:35:46Z</time>
      </trkpt>
      <trkpt lat="37.37187755905512" lon="-122.1121361417323">
        <time>2026-01-01T12:35:47Z</time>
      </trkpt>
      <trkpt lat="37.37196094488189" lon="-122.11221826771654">
        <time>2026-01-01T12:35:48Z</time>
      </trkpt>
      <trkpt lat="37.37204433070866" lon="-122.11230039370079">
        <time>2026-01-01T12:35:49Z</time>
      </trkpt>
      <trkpt lat="37.37212771653544" lon="-122.11238251968504">
        <time>2026-01-01T12:35:50Z</time>
      </trkpt>
      <trkpt lat="37.37221110236221" lon="-122.11246464566929">
        <time>2026-01-01T12:35:51Z</time>
      </trkpt>
      <trkpt lat="37.37229448818898" lon="-122.11254677165356">
        <time>2026-01-01T12:35:52Z</time>
      </trkpt>
      <trkpt lat="37.37237787401575" lon="-122.1126288976378">
        <time>2026-01-01T12:35:53Z</time>
      </trkpt>
      <trkpt lat="37.372461259842524" lon="-122.11271102362205">
        <time>2026-01-01T12:35:54Z</time>
      </trkpt>
      <trkpt lat="37.372544645669294" lon="-122.1127931496063">
        <time>2026-01-01T12:35:55Z</time>
      </trkpt>
      <trkpt lat="37.37262803149606" lon="-122.11287527559055">
        <time>2026-01-01T12:35:56Z</time>
      </trkpt>
      <trkpt lat="37.37271141732283" lon="-122.1129574015748">
        <time>2026-01-01T12:35:57Z</time>
      </trkpt>
      <trkpt lat="37.37279480314961" lon="-122.11303952755907">
        <time>2026-01-01T12:35:58Z</time>
      </trkpt>
      <trkpt lat="37.37287818897638" lon="-122.11312165354332">
        <time>2026-01-01T12:35:59Z</time>
      </trkpt>
      <trkpt lat="37.37296157480315" lon="-122.11320377952757">
        <time>2026-01-01T12:36:00Z</time>
      </trkpt>
      <trkpt lat="37.373044960629926" lon="-122.11328590551182">
        <time>2026-01-01T12:36:01Z</time>
      </trkpt>
      <trkpt lat="37.373128346456696" lon="-122.11336803149607">
        <time>2026-01-01T12:36:02Z</time>
      </trkpt>
      <trkpt lat="37.373211732283465" lon="-122.11345015748032">
        <time>2026-01-01T12:36:03Z</time>
      </trkpt>
      <trkpt lat="37.373295118110235" lon="-122.11353228346458">
        <time>2026-01-01T12:36:04Z</time>
      </trkpt>
      <trkpt lat="37.37337850393701" lon="-122.11361440944883">
        <time>2026-01-01T12:36:05Z</time>
      </trkpt>
      <trkpt lat="37.37346188976378" lon="-122.11369653543308">
        <time>2026-01-01T12:36:06Z</time>
      </trkpt>
      <trkpt lat="37.37354527559055" lon="-122.11377866141733">
        <time>2026-01-01T12:36:07Z</time>
      </trkpt>
      <trkpt lat="37.37362866141732" lon="-122.11386078740158">
        <time>2026-01-01T12:36:08Z</time>
      </trkpt>
      <trkpt lat="37.3737120472441" lon="-122.11394291338583">
        <time>2026-01-01T12:36:09Z</time>
      </trkpt>
      <trkpt lat="37.37379543307087" lon="-122.11402503937009">
        <time>2026-01-01T12:36:10Z</time>
      </trkpt>
      <trkpt lat="37.37387881889764" lon="-122.11410716535434">
        <time>2026-01-01T12:36:11Z</time>
      </trkpt>
      <trkpt lat="37.373962204724414" lon="-122.11418929133859">
        <time>2026-01-01T12:36:12Z</time>
      </trkpt>
      <trkpt lat="37.374045590551184" lon="-122.11427141732284">
        <time>2026-01-01T12:36:13Z</time>
      </trkpt>
      <trkpt lat="37.37412897637795" lon="-122.11435354330709">
        <time>2026-01-01T12:36:14Z</time>
      </trkpt>
      <trkpt lat="37.37421236220472" lon="-122.11443566929134">
        <time>2026-01-01T12:36:15Z</time>
      </trkpt>
      <trkpt lat="37.3742957480315" lon="-122.1145177952756">
        <time>2026-01-01T12:36:16Z</time>
      </trkpt>
      <trkpt lat="37.37437913385827" lon="-122.11459992125985">
        <time>2026-01-01T12:36:17Z</time>
      </trkpt>
      <trkpt lat="37.37446251968504" lon="-122.1146820472441">
        <time>2026-01-01T12:36:18Z</time>
      </trkpt>
      <trkpt lat="37.374545905511816" lon="-122.11476417322835">
        <time>2026-01-01T12:36:19Z</time>
      </trkpt>
      <trkpt lat="37.374629291338586" lon="-122.1148462992126">
        <time>2026-01-01T12:36:20Z</time>
      </trkpt>
      <trkpt lat="37.374712677165356" lon="-122.11492842519685">
        <time>2026-01-01T12:36:21Z</time>
      </trkpt>
      <trkpt lat="37.374796062992125" lon="-122.11501055118111">
        <time>2026-01-01T12:36:22Z</time>
      </trkpt>
      <trkpt lat="37.3748794488189" lon="-122.11509267716536">
        <time>2026-01-01T12:36:23Z</time>
      </trkpt>
      <trkpt lat="37.37496283464567" lon="-122.11517480314961">
        <time>2026-01-01T12:36:24Z</time>
      </trkpt>
      <trkpt lat="37.37504622047244" lon="-122.11525692913386">
        <time>2026-01-01T12:36:25Z</time>
      </trkpt>
      <trkpt lat="37.37512960629921" lon="-122.11533905511811">
        <time>2026-01-01T12:36:26Z</time>
      </trkpt>
      <trkpt lat="37.37521299212599" lon="-122.11542118110236">
        <time>2026-01-01T12:36:27Z</time>
      </trkpt>
      <trkpt lat="37.37529637795276" lon="-122.11550330708663">
        <time>2026-01-01T12:36:28Z</time>
      </trkpt>
      <trkpt lat="37.37537976377953" lon="-122.11558543307088">
        <time>2026-01-01T12:36:29Z</time>
      </trkpt>
      <trkpt lat="37.375463149606304" lon="-122.11566755905513">
        <time>2026-01-01T12:36:30Z</time>
      </trkpt>
      <trkpt lat="37.375546535433074" lon="-122.11574968503938">
        <time>2026-01-01T12:36:31Z</time>
      </trkpt>
      <trkpt lat="37.37562992125984" lon="-122.11583181102363">
        <time>2026-01-01T12:36:32Z</time>
      </trkpt>
      <trkpt lat="37.37571330708661" lon="-122.11591393700787">
        <time>2026-01-01T12:36:33Z</time>
      </trkpt>
      <trkpt lat="37.37579669291339" lon="-122.11599606299214">
        <time>2026-01-01T12:36:34Z</time>
      </trkpt>
      <trkpt lat="37.37588007874016" lon="-122.11607818897639">
        <time>2026-01-01T12:36:35Z</time>
      </trkpt>
      <trkpt lat="37.37596346456693" lon="-122.11616031496064">
        <time>2026-01-01T12:36:36Z</time>
      </trkpt>
      <trkpt lat="37.3760468503937" lon="-122.11624244094489">
        <time>2026-01-01T12:36:37Z</time>
      </trkpt>
      <trkpt lat="37.376130236220476" lon="-122.11632456692914">
        <time>2026-01-01T12:36:38Z</time>
      </trkpt>
      <trkpt lat="37.376213622047246" lon="-122.11640669291339">
        <time>2026-01-01T12:36:39Z</time>
      </trkpt>
      <trkpt lat="37.376297007874015" lon="-122.11648881889765">
        <time>2026-01-01T12:36:40Z</time>
      </trkpt>
      <trkpt lat="37.37638039370079" lon="-122.1165709448819">
        <time>2026-01-01T12:36:41Z</time>
      </trkpt>
      <trkpt lat="37.37646377952756" lon="-122.11665307086615">
        <time>2026-01-01T12:36:42Z</time>
      </trkpt>
      <trkpt lat="37.37654716535433" lon="-122.1167351968504">
        <time>2026-01-01T12:36:43Z</time>
      </trkpt>
      <trkpt lat="37.3766305511811" lon="-122.11681732283465">
        <time>2026-01-01T12:36:44Z</time>
      </trkpt>
      <trkpt lat="37.37671393700788" lon="-122.1168994488189">
        <time>2026-01-01T12:36:45Z</time>
      </trkpt>
      <trkpt lat="37.37679732283465" lon="-122.11698157480316">
        <time>2026-01-01T12:36:46Z</time>
      </trkpt>
      <trkpt lat="37.37688070866142" lon="-122.11706370078741">
        <time>2026-01-01T12:36:47Z</time>
      </trkpt>
      <trkpt lat="37.37696409448819" lon="-122.11714582677166">
        <time>2026-01-01T12:36:48Z</time>
      </trkpt>
      <trkpt lat="37.377047480314964" lon="-122.11722795275591">
        <time>2026-01-01T12:36:49Z</time>
      </trkpt>
      <trkpt lat="37.377130866141734" lon="-122.11731007874016">
        <time>2026-01-01T12:36:50Z</time>
      </trkpt>
      <trkpt lat="37.3772142519685" lon="-122.11739220472441">
        <time>2026-01-01T12:36:51Z</time>
      </trkpt>
      <trkpt lat="37.37729763779528" lon="-122.11747433070867">
        <time>2026-01-01T12:36:52Z</time>
      </trkpt>
      <trkpt lat="37.37738102362205" lon="-122.11755645669292">
        <time>2026-01-01T12:36:53Z</time>
      </trkpt>
      <trkpt lat="37.37746440944882" lon="-122.11763858267717">
        <time>2026-01-01T12:36:54Z</time>
      </trkpt>
      <trkpt lat="37.37754779527559" lon="-122.11772070866142">
        <time>2026-01-01T12:36:55Z</time>
      </trkpt>
      <trkpt lat="37.377631181102366" lon="-122.11780283464567">
        <time>2026-01-01T12:36:56Z</time>
      </trkpt>
      <trkpt lat="37.377714566929136" lon="-122.11788496062992">
        <time>2026-01-01T12:36:57Z</time>
      </trkpt>
      <trkpt lat="37.377797952755905" lon="-122.11796708661419">
        <time>2026-01-01T12:36:58Z</time>
      </trkpt>
      <trkpt lat="37.37788133858268" lon="-122.11804921259844">
        <time>2026-01-01T12:36:59Z</time>
      </trkpt>
      <trkpt lat="37.37796472440945" lon="-122.11813133858269">
        <time>2026-01-01T12:37:00Z</time>
      </trkpt>
      <trkpt lat="37.37804811023622" lon="-122.11821346456694">
        <time>2026-01-01T12:37:01Z</time>
      </trkpt>
      <trkpt lat="37.37813149606299" lon="-122.11829559055118">
        <time>2026-01-01T12:37:02Z</time>
      </trkpt>
      <trkpt lat="37.37821488188977" lon="-122.11837771653543">
        <time>2026-01-01T12:37:03Z</time>
      </trkpt>
      <trkpt lat="37.37829826771654" lon="-122.1184598425197">
        <time>2026-01-01T12:37:04Z</time>
      </trkpt>
      <trkpt lat="37.37838165354331" lon="-122.11854196850395">
        <time>2026-01-01T12:37:05Z</time>
      </trkpt>
      <trkpt lat="37.37846503937008" lon="-122.1186240944882">
        <time>2026-01-01T12:37:06Z</time>
      </trkpt>
      <trkpt lat="37.378548425196854" lon="-122.11870622047245">
        <time>2026-01-01T12:37:07Z</time>
      </trkpt>
      <trkpt lat="37.378631811023624" lon="-122.1187883464567">
        <time>2026-01-01T12:37:08Z</time>
      </trkpt>
      <trkpt lat="37.37871519685039" lon="-122.11887047244095">
        <time>2026-01-01T12:37:09Z</time>
      </trkpt>
      <trkpt lat="37.37879858267717" lon="-122.11895259842521">
        <time>2026-01-01T12:37:10Z</time>
      </trkpt>
      <trkpt lat="37.37888196850394" lon="-122.11903472440946">
        <time>2026-01-01T12:37:11Z</time>
      </trkpt>
      <trkpt lat="37.37896535433071" lon="-122.11911685039371">
        <time>2026-01-01T12:37:12Z</time>
      </trkpt>
      <trkpt lat="37.37904874015748" lon="-122.11919897637796">
        <time>2026-01-01T12:37:13Z</time>
      </trkpt>
      <trkpt lat="37.379132125984256" lon="-122.11928110236221">
        <time>2026-01-01T12:37:14Z</time>
      </trkpt>
      <trkpt lat="37.379215511811026" lon="-122.11936322834646">
        <time>2026-01-01T12:37:15Z</time>
      </trkpt>
      <trkpt lat="37.379298897637796" lon="-122.11944535433072">
        <time>2026-01-01T12:37:16Z</time>
      </trkpt>
      <trkpt lat="37.379382283464565" lon="-122.11952748031497">
        <time>2026-01-01T12:37:17Z</time>
      </trkpt>
      <trkpt lat="37.37946566929134" lon="-122.11960960629922">
        <time>2026-01-01T12:37:18Z</time>
      </trkpt>
      <trkpt lat="37.37954905511811" lon="-122.11969173228347">
        <time>2026-01-01T12:37:19Z</time>
      </trkpt>
      <trkpt lat="37.37963244094488" lon="-122.11977385826772">
        <time>2026-01-01T12:37:20Z</time>
      </trkpt>
      <trkpt lat="37.37971582677166" lon="-122.11985598425197">
        <time>2026-01-01T12:37:21Z</time>
      </trkpt>
      <trkpt lat="37.37979921259843" lon="-122.11993811023623">
        <time>2026-01-01T12:37:22Z</time>
      </trkpt>
      <trkpt lat="37.3798825984252" lon="-122.12002023622048">
        <time>2026-01-01T12:37:23Z</time>
      </trkpt>
      <trkpt lat="37.37996598425197" lon="-122.12010236220473">
        <time>2026-01-01T12:37:24Z</time>
      </trkpt>
      <trkpt lat="37.380049370078744" lon="-122.12018448818898">
        <time>2026-01-01T12:37:25Z</time>
      </trkpt>
      <trkpt lat="37.380132755905514" lon="-122.12026661417323">
        <time>2026-01-01T12:37:26Z</time>
      </trkpt>
      <trkpt lat="37.380216141732284" lon="-122.12034874015748">
        <time>2026-01-01T12:37:27Z</time>
      </trkpt>
      <trkpt lat="37.38029952755906" lon="-122.12043086614175">
        <time>2026-01-01T12:37:28Z</time>
      </trkpt>
      <trkpt lat="37.38038291338583" lon="-122.120512992126">
        <time>2026-01-01T12:37:29Z</time>
      </trkpt>
      <trkpt lat="37.3804662992126" lon="-122.12059511811024">
        <time>2026-01-01T12:37:30Z</time>
      </trkpt>
      <trkpt lat="37.38054968503937" lon="-122.1206772440945">
        <time>2026-01-01T12:37:31Z</time>
      </trkpt>
      <trkpt lat="37.380633070866146" lon="-122.12075937007874">
        <time>2026-01-01T12:37:32Z</time>
      </trkpt>
      <trkpt lat="37.380716456692916" lon="-122.120841496063">
        <time>2026-01-01T12:37:33Z</time>
      </trkpt>
      <trkpt lat="37.380799842519686" lon="-122.12092362204726">
        <time>2026-01-01T12:37:34Z</time>
      </trkpt>
      <trkpt lat="37.380883228346455" lon="-122.12100574803151">
        <time>2026-01-01T12:37:35Z</time>
      </trkpt>
      <trkpt lat="37.38096661417323" lon="-122.12108787401576">
        <time>2026-01-01T12:37:36Z</time>
      </trkpt>
      <trkpt lat="37.38105" lon="-122.12117">
        <time>2026-01-01T12:37:37Z</time>
      </trkpt>
      <trkpt lat="37.3811175" lon="-122.12129250000001">
        <time>2026-01-01T12:37:38Z</time>
      </trkpt>
      <trkpt lat="37.381185" lon="-122.12141500000001">
        <time>2026-01-01T12:37:39Z</time>
      </trkpt>
      <trkpt lat="37.3812525" lon="-122.1215375">
        <time>2026-01-01T12:37:40Z</time>
      </trkpt>
      <trkpt lat="37.38132" lon="-122.12166">
        <time>2026-01-01T12:37:41Z</time>
      </trkpt>
      <trkpt lat="37.381321" lon="-122.121804">
        <time>2026-01-01T12:37:42Z</time>
      </trkpt>
      <trkpt lat="37.381322000000004" lon="-122.121948">
        <time>2026-01-01T12:37:43Z</time>
      </trkpt>
      <trkpt lat="37.381323" lon="-122.12209200000001">
        <time>2026-01-01T12:37:44Z</time>
      </trkpt>
      <trkpt lat="37.381324" lon="-122.122236">
        <time>2026-01-01T12:37:45Z</time>
      </trkpt>
      <trkpt lat="37.381325000000004" lon="-122.12237999999999">
        <time>2026-01-01T12:37:46Z</time>
      </trkpt>
      <trkpt lat="37.381326" lon="-122.122524">
        <time>2026-01-01T12:37:47Z</time>
      </trkpt>
      <trkpt lat="37.381327" lon="-122.122668">
        <time>2026-01-01T12:37:48Z</time>
      </trkpt>
      <trkpt lat="37.381327999999996" lon="-122.122812">
        <time>2026-01-01T12:37:49Z</time>
      </trkpt>
      <trkpt lat="37.381329" lon="-122.12295599999999">
        <time>2026-01-01T12:37:50Z</time>
      </trkpt>
      <trkpt lat="37.38133" lon="-122.1231">
        <time>2026-01-01T12:37:51Z</time>
      </trkpt>
      <trkpt lat="37.381298" lon="-122.123184">
        <time>2026-01-01T12:37:52Z</time>
      </trkpt>
      <trkpt lat="37.381266" lon="-122.123268">
        <time>2026-01-01T12:37:53Z</time>
      </trkpt>
      <trkpt lat="37.381234" lon="-122.123352">
        <time>2026-01-01T12:37:54Z</time>
      </trkpt>
      <trkpt lat="37.381201999999995" lon="-122.123436">
        <time>2026-01-01T12:37:55Z</time>
      </trkpt>
      <trkpt lat="37.38117" lon="-122.12352">
        <time>2026-01-01T12:37:56Z</time>
      </trkpt>
      <trkpt lat="37.381097" lon="-122.123622">
        <time>2026-01-01T12:37:57Z</time>
      </trkpt>
      <trkpt lat="37.381024" lon="-122.123724">
        <time>2026-01-01T12:37:58Z</time>
      </trkpt>
      <trkpt lat="37.380950999999996" lon="-122.123826">
        <time>2026-01-01T12:37:59Z</time>
      </trkpt>
      <trkpt lat="37.380877999999996" lon="-122.12392799999999">
        <time>2026-01-01T12:38:00Z</time>
      </trkpt>
      <trkpt lat="37.380804999999995" lon="-122.12403">
        <time>2026-01-01T12:38:01Z</time>
      </trkpt>
      <trkpt lat="37.380732" lon="-122.124132">
        <time>2026-01-01T12:38:02Z</time>
      </trkpt>
      <trkpt lat="37.380659" lon="-122.124234">
        <time>2026-01-01T12:38:03Z</time>
      </trkpt>
      <trkpt lat="37.380586" lon="-122.124336">
        <time>2026-01-01T12:38:04Z</time>
      </trkpt>
      <trkpt lat="37.380513" lon="-122.124438">
        <time>2026-01-01T12:38:05Z</time>
      </trkpt>
      <trkpt lat="37.38044" lon="-122.12454">
        <time>2026-01-01T12:38:06Z</time>
      </trkpt>
      <trkpt lat="37.380487333333335" lon="-122.12465666666667">
        <time>2026-01-01T12:38:07Z</time>
      </trkpt>
      <trkpt lat="37.38053466666667" lon="-122.12477333333332">
        <time>2026-01-01T12:38:08Z</time>
      </trkpt>
      <trkpt lat="37.380582" lon="-122.12489">
        <time>2026-01-01T12:38:09Z</time>
      </trkpt>
      <trkpt lat="37.38062933333333" lon="-122.12500666666666">
        <time>2026-01-01T12:38:10Z</time>
      </trkpt>
      <trkpt lat="37.380676666666666" lon="-122.12512333333333">
        <time>2026-01-01T12:38:11Z</time>
      </trkpt>
      <trkpt lat="37.380724" lon="-122.12523999999999">
        <time>2026-01-01T12:38:12Z</time>
      </trkpt>
      <trkpt lat="37.380771333333335" lon="-122.12535666666666">
        <time>2026-01-01T12:38:13Z</time>
      </trkpt>
      <trkpt lat="37.38081866666666" lon="-122.12547333333333">
        <time>2026-01-01T12:38:14Z</time>
      </trkpt>
      <trkpt lat="37.380866" lon="-122.12559">
        <time>2026-01-01T12:38:15Z</time>
      </trkpt>
      <trkpt lat="37.38091333333333" lon="-122.12570666666666">
        <time>2026-01-01T12:38:16Z</time>
      </trkpt>
      <trkpt lat="37.38096066666667" lon="-122.12582333333333">
        <time>2026-01-01T12:38:17Z</time>
      </trkpt>
      <trkpt lat="37.381008" lon="-122.12594">
        <time>2026-01-01T12:38:18Z</time>
      </trkpt>
      <trkpt lat="37.38105533333333" lon="-122.12605666666667">
        <time>2026-01-01T12:38:19Z</time>
      </trkpt>
      <trkpt lat="37.38110266666666" lon="-122.12617333333333">
        <time>2026-01-01T12:38:20Z</time>
      </trkpt>
      <trkpt lat="37.38115" lon="-122.12629">
        <time>2026-01-01T12:38:21Z</time>
      </trkpt>
      <trkpt lat="37.381262" lon="-122.12631">
        <time>2026-01-01T12:38:22Z</time>
      </trkpt>
      <trkpt lat="37.381374" lon="-122.12633">
        <time>2026-01-01T12:38:23Z</time>
      </trkpt>
      <trkpt lat="37.381485999999995" lon="-122.12635">
        <time>2026-01-01T12:38:24Z</time>
      </trkpt>
      <trkpt lat="37.381598" lon="-122.12637">
        <time>2026-01-01T12:38:25Z</time>
      </trkpt>
      <trkpt lat="37.38171" lon="-122.12639">
        <time>2026-01-01T12:38:26Z</time>
      </trkpt>
      <trkpt lat="37.381789999999995" lon="-122.126525">
        <time>2026-01-01T12:38:27Z</time>
      </trkpt>
      <trkpt lat="37.38187" lon="-122.12666">
        <time>2026-01-01T12:38:28Z</time>
      </trkpt>
      <trkpt lat="37.3818725" lon="-122.12678416666667">
        <time>2026-01-01T12:38:29Z</time>
      </trkpt>
      <trkpt lat="37.381875" lon="-122.12690833333333">
        <time>2026-01-01T12:38:30Z</time>
      </trkpt>
      <trkpt lat="37.3818775" lon="-122.1270325">
        <time>2026-01-01T12:38:31Z</time>
      </trkpt>
      <trkpt lat="37.38188" lon="-122.12715666666666">
        <time>2026-01-01T12:38:32Z</time>
      </trkpt>
      <trkpt lat="37.3818825" lon="-122.12728083333333">
        <time>2026-01-01T12:38:33Z</time>
      </trkpt>
      <trkpt lat="37.381885" lon="-122.12740500000001">
        <time>2026-01-01T12:38:34Z</time>
      </trkpt>
      <trkpt lat="37.3818875" lon="-122.12752916666668">
        <time>2026-01-01T12:38:35Z</time>
      </trkpt>
      <trkpt lat="37.38189" lon="-122.12765333333334">
        <time>2026-01-01T12:38:36Z</time>
      </trkpt>
      <trkpt lat="37.3818925" lon="-122.12777750000001">
        <time>2026-01-01T12:38:37Z</time>
      </trkpt>
      <trkpt lat="37.381895" lon="-122.12790166666667">
        <time>2026-01-01T12:38:38Z</time>
      </trkpt>
      <trkpt lat="37.3818975" lon="-122.12802583333334">
        <time>2026-01-01T12:38:39Z</time>
      </trkpt>
      <trkpt lat="37.3819" lon="-122.12815">
        <time>2026-01-01T12:38:40Z</time>
      </trkpt>
      <trkpt lat="37.381933333333336" lon="-122.12827416666667">
        <time>2026-01-01T12:38:41Z</time>
      </trkpt>
      <trkpt lat="37.38196666666667" lon="-122.12839833333334">
        <time>2026-01-01T12:38:42Z</time>
      </trkpt>
      <trkpt lat="37.382000000000005" lon="-122.1285225">
        <time>2026-01-01T12:38:43Z</time>
      </trkpt>
      <trkpt lat="37.38203333333333" lon="-122.12864666666667">
        <time>2026-01-01T12:38:44Z</time>
      </trkpt>
      <trkpt lat="37.38206666666667" lon="-122.12877083333333">
        <time>2026-01-01T12:38:45Z</time>
      </trkpt>
      <trkpt lat="37.3821" lon="-122.128895">
        <time>2026-01-01T12:38:46Z</time>
      </trkpt>
      <trkpt lat="37.382133333333336" lon="-122.12901916666667">
        <time>2026-01-01T12:38:47Z</time>
      </trkpt>
      <trkpt lat="37.38216666666667" lon="-122.12914333333333">
        <time>2026-01-01T12:38:48Z</time>
      </trkpt>
      <trkpt lat="37.3822" lon="-122.1292675">
        <time>2026-01-01T12:38:49Z</time>
      </trkpt>
      <trkpt lat="37.38223333333333" lon="-122.12939166666666">
        <time>2026-01-01T12:38:50Z</time>
      </trkpt>
      <trkpt lat="37.382266666666666" lon="-122.12951583333333">
        <time>2026-01-01T12:38:51Z</time>
      </trkpt>
      <trkpt lat="37.3823" lon="-122.12964">
        <time>2026-01-01T12:38:52Z</time>
      </trkpt>
      <trkpt lat="37.38230601956522" lon="-122.12977710434782">
        <time>2026-01-01T12:38:53Z</time>
      </trkpt>
      <trkpt lat="37.38231203913043" lon="-122.12991420869565">
        <time>2026-01-01T12:38:54Z</time>
      </trkpt>
      <trkpt lat="37.38231805869565" lon="-122.13005131304347">
        <time>2026-01-01T12:38:55Z</time>
      </trkpt>
      <trkpt lat="37.38232407826087" lon="-122.1301884173913">
        <time>2026-01-01T12:38:56Z</time>
      </trkpt>
      <trkpt lat="37.382330097826085" lon="-122.13032552173912">
        <time>2026-01-01T12:38:57Z</time>
      </trkpt>
      <trkpt lat="37.382336117391304" lon="-122.13046262608695">
        <time>2026-01-01T12:38:58Z</time>
      </trkpt>
      <trkpt lat="37.382342136956524" lon="-122.13059973043478">
        <time>2026-01-01T12:38:59Z</time>
      </trkpt>
      <trkpt lat="37.382348156521736" lon="-122.13073683478261">
        <time>2026-01-01T12:39:00Z</time>
      </trkpt>
      <trkpt lat="37.382354176086956" lon="-122.13087393913042">
        <time>2026-01-01T12:39:01Z</time>
      </trkpt>
      <trkpt lat="37.382360195652176" lon="-122.13101104347825">
        <time>2026-01-01T12:39:02Z</time>
      </trkpt>
      <trkpt lat="37.38236621521739" lon="-122.13114814782608">
        <time>2026-01-01T12:39:03Z</time>
      </trkpt>
      <trkpt lat="37.38237223478261" lon="-122.13128525217391">
        <time>2026-01-01T12:39:04Z</time>
      </trkpt>
      <trkpt lat="37.38237825434783" lon="-122.13142235652174">
        <time>2026-01-01T12:39:05Z</time>
      </trkpt>
      <trkpt lat="37.38238427391304" lon="-122.13155946086957">
        <time>2026-01-01T12:39:06Z</time>
      </trkpt>
      <trkpt lat="37.38239029347826" lon="-122.13169656521738">
        <time>2026-01-01T12:39:07Z</time>
      </trkpt>
      <trkpt lat="37.38239631304348" lon="-122.13183366956521">
        <time>2026-01-01T12:39:08Z</time>
      </trkpt>
      <trkpt lat="37.38240233260869" lon="-122.13197077391304">
        <time>2026-01-01T12:39:09Z</time>
      </trkpt>
      <trkpt lat="37.38240835217391" lon="-122.13210787826087">
        <time>2026-01-01T12:39:10Z</time>
      </trkpt>
      <trkpt lat="37.38241437173913" lon="-122.1322449826087">
        <time>2026-01-01T12:39:11Z</time>
      </trkpt>
      <trkpt lat="37.38242039130434" lon="-122.13238208695653">
        <time>2026-01-01T12:39:12Z</time>
      </trkpt>
      <trkpt lat="37.38242641086956" lon="-122.13251919130434">
        <time>2026-01-01T12:39:13Z</time>
      </trkpt>
      <trkpt lat="37.38243243043478" lon="-122.13265629565217">
        <time>2026-01-01T12:39:14Z</time>
      </trkpt>
      <trkpt lat="37.382438449999995" lon="-122.1327934">
        <time>2026-01-01T12:39:15Z</time>
      </trkpt>
      <trkpt lat="37.382444469565215" lon="-122.13293050434783">
        <time>2026-01-01T12:39:16Z</time>
      </trkpt>
      <trkpt lat="37.382450489130434" lon="-122.13306760869565">
        <time>2026-01-01T12:39:17Z</time>
      </trkpt>
      <trkpt lat="37.382456508695654" lon="-122.13320471304347">
        <time>2026-01-01T12:39:18Z</time>
      </trkpt>
      <trkpt lat="37.38246252826087" lon="-122.1333418173913">
        <time>2026-01-01T12:39:19Z</time>
      </trkpt>
      <trkpt lat="37.382468547826086" lon="-122.13347892173913">
        <time>2026-01-01T12:39:20Z</time>
      </trkpt>
      <trkpt lat="37.382474567391306" lon="-122.13361602608695">
        <time>2026-01-01T12:39:21Z</time>
      </trkpt>
      <trkpt lat="37.38248058695652" lon="-122.13375313043478">
        <time>2026-01-01T12:39:22Z</time>
      </trkpt>
      <trkpt lat="37.38248660652174" lon="-122.13389023478261">
        <time>2026-01-01T12:39:23Z</time>
      </trkpt>
      <trkpt lat="37.38249262608696" lon="-122.13402733913043">
        <time>2026-01-01T12:39:24Z</time>
      </trkpt>
      <trkpt lat="37.38249864565217" lon="-122.13416444347826">
        <time>2026-01-01T12:39:25Z</time>
      </trkpt>
      <trkpt lat="37.38250466521739" lon="-122.13430154782608">
        <time>2026-01-01T12:39:26Z</time>
      </trkpt>
      <trkpt lat="37.38251068478261" lon="-122.13443865217391">
        <time>2026-01-01T12:39:27Z</time>
      </trkpt>
      <trkpt lat="37.38251670434782" lon="-122.13457575652174">
        <time>2026-01-01T12:39:28Z</time>
      </trkpt>
      <trkpt lat="37.38252272391304" lon="-122.13471286086957">
        <time>2026-01-01T12:39:29Z</time>
      </trkpt>
      <trkpt lat="37.38252874347826" lon="-122.13484996521738">
        <time>2026-01-01T12:39:30Z</time>
      </trkpt>
      <trkpt lat="37.38253476304347" lon="-122.13498706956521">
        <time>2026-01-01T12:39:31Z</time>
      </trkpt>
      <trkpt lat="37.38254078260869" lon="-122.13512417391304">
        <time>2026-01-01T12:39:32Z</time>
      </trkpt>
      <trkpt lat="37.38254680217391" lon="-122.13526127826087">
        <time>2026-01-01T12:39:33Z</time>
      </trkpt>
      <trkpt lat="37.382552821739125" lon="-122.1353983826087">
        <time>2026-01-01T12:39:34Z</time>
      </trkpt>
      <trkpt lat="37.382558841304345" lon="-122.13553548695653">
        <time>2026-01-01T12:39:35Z</time>
      </trkpt>
      <trkpt lat="37.382564860869564" lon="-122.13567259130434">
        <time>2026-01-01T12:39:36Z</time>
      </trkpt>
      <trkpt lat="37.38257088043478" lon="-122.13580969565217">
        <time>2026-01-01T12:39:37Z</time>
      </trkpt>
      <trkpt lat="37.3825769" lon="-122.1359468">
        <time>2026-01-01T12:39:38Z</time>
      </trkpt>
      <trkpt lat="37.38267275454545" lon="-122.13593046363636">
        <time>2026-01-01T12:39:39Z</time>
      </trkpt>
      <trkpt lat="37.3827686090909" lon="-122.13591412727273">
        <time>2026-01-01T12:39:40Z</time>
      </trkpt>
      <trkpt lat="37.38286446363636" lon="-122.13589779090908">
        <time>2026-01-01T12:39:41Z</time>
      </trkpt>
      <trkpt lat="37.382960318181816" lon="-122.13588145454545">
        <time>2026-01-01T12:39:42Z</time>
      </trkpt>
      <trkpt lat="37.38305617272727" lon="-122.13586511818181">
        <time>2026-01-01T12:39:43Z</time>
      </trkpt>
      <trkpt lat="37.38315202727272" lon="-122.13584878181818">
        <time>2026-01-01T12:39:44Z</time>
      </trkpt>
      <trkpt lat="37.38324788181818" lon="-122.13583244545454">
        <time>2026-01-01T12:39:45Z</time>
      </trkpt>
      <trkpt lat="37.383343736363635" lon="-122.13581610909091">
        <time>2026-01-01T12:39:46Z</time>
      </trkpt>
      <trkpt lat="37.38343959090909" lon="-122.13579977272727">
        <time>2026-01-01T12:39:47Z</time>
      </trkpt>
      <trkpt lat="37.38353544545454" lon="-122.13578343636364">
        <time>2026-01-01T12:39:48Z</time>
      </trkpt>
      <trkpt lat="37.3836313" lon="-122.1357671">
        <time>2026-01-01T12:39:49Z</time>
      </trkpt>
      <trkpt lat="37.38362565" lon="-122.13596855">
        <time>2026-01-01T12:39:50Z</time>
      </trkpt>
      <trkpt lat="37.38362" lon="-122.13617">
        <time>2026-01-01T12:39:51Z</time>
      </trkpt>
      <trkpt lat="37.383583333333334" lon="-122.13627833333334">
        <time>2026-01-01T12:39:52Z</time>
      </trkpt>
      <trkpt lat="37.38354666666667" lon="-122.13638666666667">
        <time>2026-01-01T12:39:53Z</time>
      </trkpt>
      <trkpt lat="37.38351" lon="-122.136495">
        <time>2026-01-01T12:39:54Z</time>
      </trkpt>
      <trkpt lat="37.383473333333335" lon="-122.13660333333334">
        <time>2026-01-01T12:39:55Z</time>
      </trkpt>
      <trkpt lat="37.38343666666667" lon="-122.13671166666667">
        <time>2026-01-01T12:39:56Z</time>
      </trkpt>
      <trkpt lat="37.3834" lon="-122.13682">
        <time>2026-01-01T12:39:57Z</time>
      </trkpt>
      <trkpt lat="37.383451533333336" lon="-122.1369229">
        <time>2026-01-01T12:39:58Z</time>
      </trkpt>
      <trkpt lat="37.38350306666666" lon="-122.1370258">
        <time>2026-01-01T12:39:59Z</time>
      </trkpt>
      <trkpt lat="37.3835546" lon="-122.1371287">
        <name>L1 return</name>
        <time>2026-01-01T12:40:00Z</time>
      </trkpt>
    </trkseg>
  </trk>
</gpx>